id,date,amount,merchant,description,category
1,2025-04-07,46.11,"Davis, May and Todd","Davis, May and Todd - Course fee",Transport
2,2024-12-27,7.53,Hilton Hotels,Hilton Hotels - Online purchase,Travel
3,2023-11-14,5.04,Delta Airlines,Delta Airlines - Hotel stay,Travel
4,2025-04-07,52.04,Randolph Inc,Randolph Inc - Course fee,Entertainment
5,2025-06-08,12.0,Uber Eats,Uber Eats - Electric bill payment,Transport
6,2025-11-27,50.55,Local High School,Local High School - Taxi ride,Education
7,2023-11-16,10.99,Hilton Hotels,Hilton Hotels - Grocery shopping,Travel
8,2025-03-16,83.21,Gas Station,Gas Station - Online purchase,Bills
9,2024-08-17,21.29,Hobbs and Sons,Hobbs and Sons - Grocery shopping,Education
10,2023-11-06,9.96,CVS Pharmacy,CVS Pharmacy - Course fee,Health
11,2025-05-03,8.4,Local Taxi,Local Taxi - Prescription purchase,Others
12,2023-12-26,41.08,Electric Company,Electric bill payment,Bills
13,2024-10-08,8.94,Lyft,Grocery shopping,Transport
14,2026-07-03,16.61,Netflix Streaming,Online purchase,Entertainment
15,2025-08-23,9.93,Rivera Group,Rivera Group - Lunch with friends,Others
16,2025-12-12,5.77,Johnson PLC,Johnson PLC - Online purchase,Education
17,2025-07-10,20.48,City Hospital,City Hospital - Online purchase,Utilities
18,2025-04-14,72.25,Corner Grocery,Taxi ride,Shopping
19,2025-09-23,32.09,Corner Grocery,Corner Grocery - Lunch with friends,Health
20,2023-10-07,9.38,Local Taxi,Local Taxi - Online purchase,Travel
21,2024-01-15,33.33,City Hospital,City Hospital - Course fee,Food
22,2025-10-17,14.74,Walmart Supercenter,Walmart Supercenter - Online purchase,Shopping
23,2024-03-18,44.34,Delta Airlines,Online purchase,Travel
24,2024-04-05,7.38,State University,State University - Prescription purchase,Education
25,2025-08-30,19.25,Local High School,Lunch with friends,Education
26,2025-04-17,28.88,City Hospital,Gas refill,Bills
27,2024-02-20,33.62,"Watkins, Sanders and Hodge","Watkins, Sanders and Hodge - Taxi ride",Shopping
28,2025-04-26,4.9,State University,State University - Gas refill,Education
29,2026-08-29,43.5,Norris-Charles,Norris-Charles - Taxi ride,Transport
30,2025-12-04,28.56,"Rivera, Lee and Brown","Rivera, Lee and Brown - Online purchase",Utilities
31,2024-01-30,7.64,"Wright, Mcgee and Mann",Monthly subscription,Food
32,2025-02-07,4.3,Gas Station,Gas Station - Prescription purchase,Bills
33,2025-12-30,22.26,Hunt-Patrick,Hunt-Patrick - Hotel stay,Travel
34,2026-03-31,87.92,"Mays, Perez and Harris",Grocery shopping,Transport
35,2025-08-21,37.69,Local Taxi,Local Taxi - Electric bill payment,Bills
36,2024-10-18,71.49,Local Taxi,Flight booking,Food
37,2025-11-15,54.47,Wong-Raymond,Taxi ride,Travel
38,2025-01-03,75.57,Spotify,Spotify - Grocery shopping,Entertainment
39,2025-03-04,14.86,Local Taxi,Hotel stay,Travel
40,2026-06-15,103.04,Uber Eats,Taxi ride,Transport
41,2026-06-09,35.44,Gas Station,Flight booking,Bills
42,2026-04-12,37.45,Amazon Marketplace,Hotel stay,Travel
43,2024-01-09,90.0,Waterworks,Course fee,Bills
44,2024-12-21,9.41,"Pacheco, Bean and Martinez",Course fee,Shopping
45,2024-04-13,2.57,Jacobs-Gilbert,Jacobs-Gilbert - Taxi ride,Others
46,2025-07-31,46.81,State University,Course fee,Education
47,2025-04-17,21.76,Starbucks Coffee,Starbucks Coffee - Online purchase,Shopping
48,2025-10-01,15.76,City Hospital,Lunch with friends,Food
49,2024-07-28,66.78,Electric Company,Hotel stay,Travel
50,2025-01-25,19.37,Starbucks Coffee,Electric bill payment,Bills
51,2024-08-20,6.93,Hill LLC,Gas refill,Bills
52,2024-06-27,2.81,Sandoval-Williams,Sandoval-Williams - Flight booking,Health
53,2025-12-14,58.33,Woodard-Forbes,Woodard-Forbes - Prescription purchase,Travel
54,2024-06-17,59.12,Local Taxi,Local Taxi - Grocery shopping,Utilities
55,2023-09-06,6.39,Netflix Streaming,Netflix Streaming - Monthly subscription,Entertainment
56,2024-10-16,17.26,CVS Pharmacy,CVS Pharmacy - Online purchase,Health
57,2023-09-17,4.78,Gay-Johnson,Gay-Johnson - Prescription purchase,Health
58,2024-11-13,12.17,Delta Airlines,Delta Airlines - Course fee,Travel
59,2024-06-16,2.7,City Hospital,City Hospital - Electric bill payment,Bills
60,2024-01-28,14.34,Hurley-Lewis,Online purchase,Education
61,2024-01-17,35.77,Amazon Marketplace,Flight booking,Shopping
62,2025-12-11,9.49,CVS Pharmacy,CVS Pharmacy - Grocery shopping,Health
63,2024-05-15,6.07,Brown-Marsh,Brown-Marsh - Gas refill,Bills
64,2024-03-18,36.5,"Meyers, Howard and Williams",Course fee,Food
65,2024-09-15,6.3,Netflix Streaming,Netflix Streaming - Hotel stay,Travel
66,2023-12-16,4.87,Lyft,Lyft - Monthly subscription,Transport
67,2026-01-21,27.36,"Atkins, Austin and Irwin",Flight booking,Food
68,2025-01-25,64.06,Mitchell-Bray,Mitchell-Bray - Lunch with friends,Shopping
69,2025-06-27,25.95,Delta Airlines,Delta Airlines - Electric bill payment,Travel
70,2025-11-27,7.33,Parker and Sons,Grocery shopping,Food
71,2025-01-18,69.06,Electric Company,Prescription purchase,Bills
72,2024-10-03,49.42,Spotify,Lunch with friends,Entertainment
73,2026-05-31,23.89,Uber Eats,Uber Eats - Gas refill,Transport
74,2024-09-23,11.44,Lam-Wells,Lam-Wells - Grocery shopping,Utilities
75,2025-01-01,12.53,CVS Pharmacy,CVS Pharmacy - Grocery shopping,Health
76,2024-09-06,62.31,Mall Outlet,Mall Outlet - Prescription purchase,Others
77,2025-02-14,20.29,Delta Airlines,Delta Airlines - Hotel stay,Travel
78,2025-04-23,70.29,Netflix Streaming,Grocery shopping,Entertainment
79,2025-05-07,1.05,Hoover-Lawrence,Hoover-Lawrence - Electric bill payment,Bills
80,2024-12-15,48.02,State University,Electric bill payment,Education
81,2026-02-03,1.23,Jones Ltd,Jones Ltd - Electric bill payment,Bills
82,2026-08-06,20.03,Mall Outlet,Mall Outlet - Flight booking,Food
83,2025-05-14,9.76,Corner Grocery,Electric bill payment,Bills
84,2024-05-14,5.02,Arroyo-Romero,Arroyo-Romero - Online purchase,Bills
85,2024-07-14,28.01,Smith Inc,Gas refill,Bills
86,2026-05-28,5.7,City Hospital,Electric bill payment,Bills
87,2024-08-09,93.37,Starbucks Coffee,Starbucks Coffee - Hotel stay,Travel
88,2025-11-13,19.27,Waterworks,Waterworks - Course fee,Bills
89,2024-05-17,5.86,Starbucks Coffee,Starbucks Coffee - Flight booking,Transport
90,2025-01-03,45.22,State University,Taxi ride,Education
91,2023-10-16,17.45,Walmart Supercenter,Walmart Supercenter - Grocery shopping,Shopping
92,2024-11-17,13.5,Andrews PLC,Prescription purchase,Shopping
93,2024-10-30,10.69,Waterworks,Waterworks - Grocery shopping,Bills
94,2026-07-08,61.4,Tyler Group,Tyler Group - Flight booking,Others
95,2026-04-11,29.63,Joe's Pizza,Lunch with friends,Food
96,2024-12-05,8.99,Baker-Gonzalez,Baker-Gonzalez - Course fee,Shopping
97,2024-09-30,8.42,Ford Group,Course fee,Education
98,2024-05-21,23.69,Lyft,Lyft - Lunch with friends,Transport
99,2024-01-21,11.33,City Hospital,City Hospital - Hotel stay,Travel
100,2026-05-09,16.82,Spotify,Taxi ride,Entertainment
101,2024-01-03,46.68,City Hospital,Prescription purchase,Others
102,2026-03-02,34.66,"Johnson, King and Hall","Johnson, King and Hall - Grocery shopping",Travel
103,2023-12-22,110.48,Hilton Hotels,Hilton Hotels - Grocery shopping,Travel
104,2024-02-16,34.03,State University,Online purchase,Education
105,2023-11-11,51.54,Stein-Lopez,Gas refill,Bills
106,2024-02-25,57.15,Local Taxi,Local Taxi - Electric bill payment,Bills
107,2026-08-06,12.29,Walmart Supercenter,Grocery shopping,Shopping
108,2024-12-11,57.5,Local Taxi,Local Taxi - Flight booking,Health
109,2026-06-16,1.07,Mall Outlet,Mall Outlet - Prescription purchase,Utilities
110,2023-11-16,8.03,Lyft,Lyft - Hotel stay,Transport
111,2026-03-28,34.74,Gas Station,Gas Station - Electric bill payment,Bills
112,2025-12-26,19.61,City Hospital,City Hospital - Monthly subscription,Others
113,2024-03-30,9.89,Hilton Hotels,Flight booking,Travel
114,2026-06-16,54.96,Corner Grocery,Gas refill,Bills
115,2024-02-08,6.05,Local High School,Local High School - Lunch with friends,Education
116,2023-09-14,31.58,Netflix Streaming,Course fee,Entertainment
117,2024-09-26,7.42,Waterworks,Waterworks - Course fee,Bills
118,2025-03-24,45.97,Spotify,Spotify - Prescription purchase,Entertainment
119,2025-07-15,13.74,Corner Grocery,Corner Grocery - Online purchase,Entertainment
120,2026-07-04,5.82,Walmart Supercenter,Prescription purchase,Shopping
121,2024-10-21,21.35,Netflix Streaming,Prescription purchase,Entertainment
122,2026-06-03,1.78,"Mcbride, Holmes and Perez",Flight booking,Health
123,2024-05-05,33.47,Electric Company,Lunch with friends,Bills
124,2026-03-20,17.38,Kemp-Browning,Kemp-Browning - Taxi ride,Shopping
125,2026-05-04,28.62,Waterworks,Monthly subscription,Bills
126,2026-08-27,18.9,Contreras Inc,Taxi ride,Utilities
127,2024-01-23,7.2,"Morrow, Rogers and Martin","Morrow, Rogers and Martin - Monthly subscription",Food
128,2025-05-02,30.39,"Macias, Wood and Joseph",Grocery shopping,Shopping
129,2025-12-05,40.34,Electric Company,Gas refill,Bills
130,2025-12-15,13.4,"Willis, Johnson and Morgan",Taxi ride,Bills
131,2026-07-16,21.29,Walmart Supercenter,Walmart Supercenter - Grocery shopping,Shopping
132,2026-04-03,30.64,Local Taxi,Local Taxi - Gas refill,Bills
133,2024-11-30,26.03,Joe's Pizza,Joe's Pizza - Monthly subscription,Food
134,2025-09-11,3.26,Delta Airlines,Electric bill payment,Travel
135,2025-03-16,35.77,Spotify,Spotify - Lunch with friends,Entertainment
136,2026-06-16,20.48,Electric Company,Hotel stay,Travel
137,2024-01-30,43.96,Perry-Huynh,Monthly subscription,Utilities
138,2024-09-17,13.0,State University,Gas refill,Education
139,2026-08-22,1.04,Corner Grocery,Corner Grocery - Hotel stay,Travel
140,2026-07-20,14.46,"Lee, Scott and Cochran",Taxi ride,Bills
141,2026-03-28,22.5,Benjamin Inc,Prescription purchase,Entertainment
142,2026-01-17,108.64,Shepherd-Oliver,Electric bill payment,Bills
143,2025-08-19,99.43,Lyft,Lyft - Prescription purchase,Transport
144,2025-12-23,11.87,City Hospital,Taxi ride,Food
145,2025-09-30,3.37,"Thompson, Diaz and Bishop","Thompson, Diaz and Bishop - Electric bill payment",Bills
146,2025-02-23,19.16,Christian-Whitaker,Christian-Whitaker - Online purchase,Health
147,2025-07-22,50.15,"Thompson, Henderson and Trujillo","Thompson, Henderson and Trujillo - Prescription purchase",Shopping
148,2024-01-29,5.23,Price-Cabrera,Price-Cabrera - Electric bill payment,Bills
149,2025-05-05,11.13,CVS Pharmacy,CVS Pharmacy - Flight booking,Health
150,2024-07-25,7.64,Netflix Streaming,Netflix Streaming - Grocery shopping,Entertainment
151,2025-05-27,22.74,Walmart Supercenter,Walmart Supercenter - Grocery shopping,Shopping
152,2025-04-09,12.92,Williams Group,Williams Group - Flight booking,Food
153,2026-01-22,38.59,Electric Company,Electric Company - Course fee,Bills
154,2023-12-02,62.06,"Hamilton, Young and Jefferson","Hamilton, Young and Jefferson - Online purchase",Bills
155,2025-06-07,25.87,"Stevenson, Lopez and Jones","Stevenson, Lopez and Jones - Electric bill payment",Bills
156,2025-05-10,10.37,Lyft,Lyft - Hotel stay,Transport
157,2026-06-02,49.32,"Lucero, Chavez and Cunningham","Lucero, Chavez and Cunningham - Monthly subscription",Others
158,2025-01-18,3.31,City Hospital,Prescription purchase,Shopping
159,2025-12-08,2.41,Joe's Pizza,Joe's Pizza - Grocery shopping,Food
160,2023-10-03,9.84,Local High School,Local High School - Monthly subscription,Education
161,2025-03-28,14.84,State University,Electric bill payment,Education
162,2026-08-25,24.98,Walmart Supercenter,Walmart Supercenter - Taxi ride,Shopping
163,2025-08-04,5.42,Spotify,Spotify - Taxi ride,Entertainment
164,2024-12-14,45.84,Amazon Marketplace,Amazon Marketplace - Hotel stay,Travel
165,2026-04-16,3.6,"Romero, Coffey and Bray","Romero, Coffey and Bray - Hotel stay",Travel
166,2026-01-22,7.05,CVS Pharmacy,CVS Pharmacy - Hotel stay,Travel
167,2026-03-21,11.66,City Hospital,City Hospital - Prescription purchase,Food
168,2024-06-03,19.31,Fitzpatrick Group,Course fee,Others
169,2024-03-16,11.55,"Moore, Sosa and Miller","Moore, Sosa and Miller - Hotel stay",Travel
170,2024-04-24,3.29,"Ward, Caldwell and Garrett","Ward, Caldwell and Garrett - Gas refill",Bills
171,2026-01-09,4.66,Horton PLC,Horton PLC - Taxi ride,Bills
172,2023-09-22,56.06,Spotify,Electric bill payment,Entertainment
173,2025-12-11,18.83,Walmart Supercenter,Walmart Supercenter - Hotel stay,Travel
174,2024-10-08,14.53,Daniels Ltd,Daniels Ltd - Flight booking,Bills
175,2024-02-26,99.33,Garrett PLC,Prescription purchase,Shopping
176,2023-10-27,23.76,Local Taxi,Local Taxi - Grocery shopping,Transport
177,2026-01-01,9.15,Local High School,Local High School - Grocery shopping,Education
178,2025-09-25,20.9,Uber Eats,Uber Eats - Taxi ride,Transport
179,2025-07-27,43.43,Lyft,Lyft - Hotel stay,Transport
180,2026-01-19,102.51,Hilton Hotels,Hilton Hotels - Lunch with friends,Travel
181,2024-03-12,35.62,Starbucks Coffee,Starbucks Coffee - Electric bill payment,Bills
182,2026-04-02,36.24,Delta Airlines,Delta Airlines - Prescription purchase,Travel
183,2025-05-01,2.03,Aguilar Group,Taxi ride,Shopping
184,2025-12-17,18.86,Gas Station,Electric bill payment,Bills
185,2025-10-10,13.17,Hall Inc,Hall Inc - Grocery shopping,Others
186,2025-05-10,9.13,CVS Pharmacy,Lunch with friends,Health
187,2024-06-05,104.61,Delta Airlines,Delta Airlines - Flight booking,Travel
188,2025-08-13,1.81,Spotify,Spotify - Course fee,Entertainment
189,2026-07-09,73.99,Electric Company,Electric Company - Lunch with friends,Bills
190,2025-11-30,12.24,Electric Company,Electric Company - Gas refill,Bills
191,2026-06-10,18.56,Joe's Pizza,Joe's Pizza - Electric bill payment,Food
192,2025-11-12,8.68,Local High School,Prescription purchase,Education
193,2024-07-03,36.1,City Hospital,City Hospital - Hotel stay,Travel
194,2026-02-07,71.7,Local Taxi,Course fee,Bills
195,2024-10-07,149.48,Electric Company,Prescription purchase,Bills
196,2025-10-10,24.67,Amazon Marketplace,Amazon Marketplace - Hotel stay,Travel
197,2024-03-10,18.62,Local High School,Local High School - Electric bill payment,Education
198,2025-09-27,15.02,"Johnson, Johnson and Lee","Johnson, Johnson and Lee - Lunch with friends",Travel
199,2023-12-30,1.48,CVS Pharmacy,Gas refill,Health
200,2024-09-15,56.13,Spotify,Spotify - Grocery shopping,Entertainment
201,2024-01-15,23.1,Corner Grocery,Corner Grocery - Taxi ride,Others
202,2026-03-11,32.06,Schultz Group,Flight booking,Travel
203,2025-06-27,6.57,Arellano Ltd,Arellano Ltd - Monthly subscription,Others
204,2025-02-09,16.66,Netflix Streaming,Netflix Streaming - Monthly subscription,Entertainment
205,2026-05-03,95.47,Hilton Hotels,Hilton Hotels - Monthly subscription,Travel
206,2026-07-11,1.19,State University,State University - Grocery shopping,Education
207,2023-12-04,21.24,Davis and Sons,Davis and Sons - Hotel stay,Travel
208,2025-10-17,38.54,Flores PLC,Gas refill,Bills
209,2024-03-22,56.72,"Brown, Brown and Kemp","Brown, Brown and Kemp - Monthly subscription",Others
210,2025-01-22,41.59,Amazon Marketplace,Amazon Marketplace - Monthly subscription,Shopping
211,2025-04-27,8.83,State University,Taxi ride,Education
212,2026-08-19,10.05,City Hospital,Online purchase,Shopping
213,2026-01-14,7.94,CVS Pharmacy,Prescription purchase,Health
214,2024-04-21,34.06,Lyft,Flight booking,Transport
215,2023-11-28,36.96,Valenzuela PLC,Valenzuela PLC - Course fee,Shopping
216,2026-08-18,23.47,Gas Station,Gas Station - Online purchase,Bills
217,2023-10-27,37.34,Lyft,Electric bill payment,Transport
218,2025-11-22,16.05,"Tapia, Patterson and Raymond","Tapia, Patterson and Raymond - Course fee",Bills
219,2026-08-14,43.42,City Hospital,City Hospital - Flight booking,Entertainment
220,2024-10-23,17.56,Corner Grocery,Corner Grocery - Gas refill,Bills
221,2025-10-28,20.1,Amazon Marketplace,Amazon Marketplace - Taxi ride,Shopping
222,2023-12-30,5.22,Local High School,Gas refill,Education
223,2024-10-23,12.16,Joe's Pizza,Lunch with friends,Food
224,2023-09-18,88.26,"Lang, Beck and Nolan",Taxi ride,Shopping
225,2024-11-17,18.9,Spotify,Monthly subscription,Entertainment
226,2024-09-21,15.9,Wood and Sons,Gas refill,Bills
227,2024-04-28,3.94,Waterworks,Flight booking,Bills
228,2025-03-30,47.93,Campbell-Vaughn,Campbell-Vaughn - Course fee,Shopping
229,2025-01-22,31.96,Waterworks,Gas refill,Bills
230,2023-09-02,71.68,Mall Outlet,Course fee,Travel
231,2026-02-14,2.17,"Walter, Simmons and Keller",Online purchase,Food
232,2026-07-31,9.43,Delta Airlines,Delta Airlines - Gas refill,Travel
233,2025-01-22,88.11,Conley-Taylor,Conley-Taylor - Prescription purchase,Health
234,2025-04-03,36.16,Joe's Pizza,Taxi ride,Food
235,2026-05-07,10.55,Lyft,Lyft - Taxi ride,Transport
236,2025-09-18,28.38,Joe's Pizza,Grocery shopping,Food
237,2026-03-29,29.12,Avila LLC,Avila LLC - Prescription purchase,Utilities
238,2024-11-27,43.93,Jensen Group,Taxi ride,Food
239,2024-05-13,34.82,Delta Airlines,Online purchase,Travel
240,2025-01-03,26.11,Corner Grocery,Corner Grocery - Hotel stay,Travel
241,2024-03-23,78.5,Amazon Marketplace,Flight booking,Shopping
242,2026-06-07,53.33,"Benson, Henderson and Russell","Benson, Henderson and Russell - Electric bill payment",Bills
243,2026-02-10,2.98,Mall Outlet,Mall Outlet - Course fee,Shopping
244,2025-03-17,47.34,Brown Inc,Brown Inc - Taxi ride,Health
245,2025-08-08,28.48,CVS Pharmacy,Taxi ride,Health
246,2025-08-22,1.56,Hilton Hotels,Hilton Hotels - Grocery shopping,Travel
247,2025-01-24,52.3,Montoya-Khan,Electric bill payment,Bills
248,2024-09-25,49.68,State University,State University - Course fee,Education
249,2025-05-10,17.61,Amazon Marketplace,Amazon Marketplace - Prescription purchase,Shopping
250,2024-11-10,11.17,Daugherty-Perez,Grocery shopping,Entertainment
251,2025-03-24,21.42,Walmart Supercenter,Walmart Supercenter - Online purchase,Shopping
252,2025-11-20,11.35,"Owen, Kelly and Taylor",Gas refill,Bills
253,2023-11-21,35.2,Sanchez and Sons,Sanchez and Sons - Lunch with friends,Education
254,2023-12-19,3.76,Starbucks Coffee,Gas refill,Bills
255,2026-06-20,21.21,Knight and Sons,Knight and Sons - Electric bill payment,Bills
256,2026-03-01,51.89,Spotify,Spotify - Gas refill,Entertainment
257,2026-05-26,41.88,Waterworks,Waterworks - Hotel stay,Travel
258,2025-08-20,20.87,"Garrett, Jones and Lee",Course fee,Shopping
259,2024-06-22,18.09,City Hospital,Electric bill payment,Bills
260,2024-06-25,7.34,Delta Airlines,Delta Airlines - Prescription purchase,Travel
261,2025-06-29,3.41,Walmart Supercenter,Grocery shopping,Shopping
262,2026-05-21,26.93,Mcguire Ltd,Lunch with friends,Travel
263,2026-06-16,24.07,Netflix Streaming,Hotel stay,Travel
264,2025-11-27,31.1,Lyft,Lyft - Flight booking,Transport
265,2023-11-17,5.77,Local High School,Local High School - Course fee,Education
266,2026-01-18,14.2,Chavez-Snyder,Lunch with friends,Others
267,2026-08-27,54.57,Walmart Supercenter,Walmart Supercenter - Electric bill payment,Shopping
268,2025-08-22,3.22,Amazon Marketplace,Amazon Marketplace - Electric bill payment,Shopping
269,2023-10-12,7.54,Electric Company,Electric Company - Monthly subscription,Bills
270,2025-04-11,13.5,Bailey PLC,Online purchase,Health
271,2024-01-06,3.54,Reyes-Hester,Prescription purchase,Utilities
272,2023-11-16,62.71,Lyft,Taxi ride,Transport
273,2026-04-23,24.51,Amazon Marketplace,Amazon Marketplace - Taxi ride,Shopping
274,2025-08-15,7.47,CVS Pharmacy,Electric bill payment,Health
275,2024-03-29,7.8,Jackson-Ortiz,Jackson-Ortiz - Gas refill,Bills
276,2026-01-10,50.39,Corner Grocery,Corner Grocery - Flight booking,Travel
277,2025-10-15,17.38,Starbucks Coffee,Starbucks Coffee - Flight booking,Food
278,2023-12-23,33.47,"Diaz, Campbell and Caldwell","Diaz, Campbell and Caldwell - Grocery shopping",Travel
279,2023-09-01,57.33,Mall Outlet,Gas refill,Bills
280,2025-06-09,9.46,Local High School,Local High School - Online purchase,Education
281,2026-01-29,52.9,Local High School,Taxi ride,Education
282,2024-06-11,37.81,Local Taxi,Local Taxi - Course fee,Food
283,2024-04-17,56.63,Gas Station,Prescription purchase,Bills
284,2026-08-06,6.81,May-Smith,May-Smith - Flight booking,Entertainment
285,2025-04-17,9.06,Marquez Ltd,Marquez Ltd - Online purchase,Shopping
286,2025-07-15,24.74,Local High School,Flight booking,Education
287,2025-12-31,22.61,Lyft,Lyft - Electric bill payment,Transport
288,2025-08-07,21.89,Local High School,Lunch with friends,Education
289,2026-04-23,10.71,Johnson LLC,Johnson LLC - Lunch with friends,Food
290,2024-02-08,27.96,CVS Pharmacy,CVS Pharmacy - Gas refill,Health
291,2025-04-06,13.68,Electric Company,Electric Company - Prescription purchase,Bills
292,2026-04-08,12.61,Amazon Marketplace,Online purchase,Shopping
293,2025-03-19,19.94,Walmart Supercenter,Online purchase,Shopping
294,2023-11-02,6.13,Corner Grocery,Corner Grocery - Online purchase,Travel
295,2025-07-04,27.83,Olson-Davies,Olson-Davies - Gas refill,Bills
296,2024-07-09,5.79,Local High School,Local High School - Gas refill,Education
297,2023-12-31,5.19,Parsons Group,Grocery shopping,Others
298,2026-01-17,14.71,Weaver-Howard,Weaver-Howard - Lunch with friends,Others
299,2024-09-04,26.15,Netflix Streaming,Prescription purchase,Entertainment
300,2024-09-02,19.48,Harvey Inc,Harvey Inc - Electric bill payment,Bills
301,2026-02-17,35.3,Starbucks Coffee,Starbucks Coffee - Flight booking,Shopping
302,2025-06-11,8.1,Zhang-Mccoy,Gas refill,Bills
303,2025-06-07,13.39,Cox and Sons,Cox and Sons - Lunch with friends,Health
304,2026-02-24,21.28,Local Taxi,Local Taxi - Taxi ride,Health
305,2025-06-05,49.2,Gas Station,Taxi ride,Bills
306,2026-05-18,6.94,Mall Outlet,Mall Outlet - Grocery shopping,Others
307,2024-07-13,63.34,Spotify,Spotify - Prescription purchase,Entertainment
308,2023-09-03,86.87,Gas Station,Course fee,Bills
309,2025-02-18,7.31,Local High School,Monthly subscription,Education
310,2024-09-28,14.01,Gas Station,Flight booking,Bills
311,2023-10-07,118.18,Walmart Supercenter,Walmart Supercenter - Taxi ride,Shopping
312,2025-02-19,14.64,Waterworks,Electric bill payment,Bills
313,2024-11-29,32.69,Mall Outlet,Taxi ride,Shopping
314,2025-12-31,4.1,Lyft,Lyft - Monthly subscription,Transport
315,2025-01-13,20.37,"Ferguson, Smith and Johnston","Ferguson, Smith and Johnston - Prescription purchase",Utilities
316,2024-07-08,44.27,Joe's Pizza,Lunch with friends,Food
317,2023-09-30,59.31,Lyft,Gas refill,Transport
318,2025-06-24,61.21,Uber Eats,Uber Eats - Online purchase,Transport
319,2024-06-30,29.57,Mall Outlet,Mall Outlet - Prescription purchase,Travel
320,2024-04-04,20.24,Waterworks,Hotel stay,Travel
321,2024-03-22,73.45,Delta Airlines,Delta Airlines - Electric bill payment,Travel
322,2023-09-28,19.02,Uber Eats,Uber Eats - Gas refill,Transport
323,2026-07-07,7.97,Local Taxi,Local Taxi - Gas refill,Bills
324,2025-09-03,26.85,"Freeman, Hall and Brooks",Lunch with friends,Entertainment
325,2023-11-24,10.98,Hubbard-Greene,Hubbard-Greene - Online purchase,Food
326,2026-05-14,13.66,Corner Grocery,Monthly subscription,Entertainment
327,2025-08-19,4.98,Moyer-Pierce,Moyer-Pierce - Course fee,Bills
328,2025-08-30,8.11,Gas Station,Taxi ride,Bills
329,2026-08-18,6.27,CVS Pharmacy,CVS Pharmacy - Course fee,Health
330,2024-05-28,121.88,Mall Outlet,Mall Outlet - Prescription purchase,Shopping
331,2024-05-20,87.62,Delta Airlines,Delta Airlines - Flight booking,Travel
332,2026-01-10,9.0,Moody and Sons,Moody and Sons - Hotel stay,Travel
333,2025-05-31,6.01,"Cordova, Humphrey and Jackson",Lunch with friends,Bills
334,2026-07-27,60.92,Electric Company,Electric Company - Flight booking,Bills
335,2025-08-13,118.14,"Jennings, May and Miranda",Monthly subscription,Utilities
336,2026-08-13,4.63,Glass Ltd,Hotel stay,Travel
337,2024-10-07,9.81,Lyft,Lyft - Flight booking,Transport
338,2024-06-30,1.06,City Hospital,City Hospital - Electric bill payment,Bills
339,2023-10-22,37.56,Electric Company,Electric Company - Online purchase,Bills
340,2023-12-25,12.28,Hilton Hotels,Hilton Hotels - Prescription purchase,Travel
341,2024-01-16,3.77,Netflix Streaming,Netflix Streaming - Grocery shopping,Entertainment
342,2024-07-04,2.86,Amazon Marketplace,Lunch with friends,Shopping
343,2024-12-25,50.17,Richardson-Camacho,Richardson-Camacho - Taxi ride,Travel
344,2024-07-02,61.74,Brown-Ford,Brown-Ford - Hotel stay,Travel
345,2024-05-27,14.79,Corner Grocery,Flight booking,Utilities
346,2026-03-26,55.75,"Taylor, Bruce and Barnes",Electric bill payment,Bills
347,2023-10-23,64.96,Lyft,Lyft - Course fee,Transport
348,2023-09-18,14.3,Davis-Pollard,Davis-Pollard - Gas refill,Bills
349,2025-09-04,80.41,State University,State University - Monthly subscription,Education
350,2025-12-30,45.75,Joe's Pizza,Joe's Pizza - Online purchase,Food
351,2025-03-04,11.0,Walsh-Li,Walsh-Li - Electric bill payment,Bills
352,2024-01-07,28.92,Stewart-Schultz,Stewart-Schultz - Electric bill payment,Bills
353,2026-05-30,3.12,"Fields, Mason and Douglas","Fields, Mason and Douglas - Hotel stay",Travel
354,2026-06-22,27.81,"Rice, Holland and Garcia",Course fee,Shopping
355,2024-10-01,14.66,Spotify,Flight booking,Entertainment
356,2024-04-03,31.19,"Camacho, Beltran and Kim","Camacho, Beltran and Kim - Hotel stay",Travel
357,2025-10-25,37.12,James PLC,Hotel stay,Travel
358,2026-07-04,28.44,Local Taxi,Monthly subscription,Shopping
359,2024-04-22,16.78,King PLC,Taxi ride,Transport
360,2025-09-05,73.2,Mall Outlet,Monthly subscription,Others
361,2024-08-07,34.89,Uber Eats,Uber Eats - Online purchase,Transport
362,2023-12-10,82.06,Smith Group,Smith Group - Hotel stay,Travel
363,2024-04-16,10.78,Murray PLC,Murray PLC - Monthly subscription,Utilities
364,2026-08-14,11.85,Barnett-Miller,Taxi ride,Food
365,2023-12-05,92.61,Stephenson-Smith,Stephenson-Smith - Lunch with friends,Transport
366,2026-06-27,20.53,Joe's Pizza,Taxi ride,Food
367,2024-05-28,33.15,Gas Station,Gas Station - Flight booking,Bills
368,2025-01-17,14.76,Koch-Miller,Koch-Miller - Electric bill payment,Bills
369,2025-06-12,12.92,Craig PLC,Craig PLC - Electric bill payment,Bills
370,2024-09-10,3.86,Gas Station,Grocery shopping,Bills
371,2024-08-30,56.47,Estrada-Hanna,Gas refill,Bills
372,2025-11-21,24.14,"Allen, Bowman and Walsh","Allen, Bowman and Walsh - Taxi ride",Others
373,2025-01-12,24.94,Bell-Scott,Monthly subscription,Entertainment
374,2024-05-31,48.8,"Mcgrath, Young and Perry","Mcgrath, Young and Perry - Electric bill payment",Bills
375,2023-10-22,10.95,Nguyen-Terry,Nguyen-Terry - Monthly subscription,Health
376,2024-09-19,59.81,Wyatt-Barnes,Wyatt-Barnes - Grocery shopping,Transport
377,2024-04-12,64.31,Corner Grocery,Corner Grocery - Monthly subscription,Travel
378,2023-09-02,2.64,Lyft,Lyft - Course fee,Transport
379,2024-06-02,30.69,"Flynn, Martin and Rivera",Gas refill,Bills
380,2024-09-25,11.67,Mall Outlet,Mall Outlet - Flight booking,Others
381,2025-03-13,22.2,"Perez, Melton and Baker","Perez, Melton and Baker - Taxi ride",Food
382,2025-04-26,81.34,Walmart Supercenter,Monthly subscription,Shopping
383,2025-08-25,3.51,Hilton Hotels,Hilton Hotels - Gas refill,Travel
384,2026-01-24,6.77,Joe's Pizza,Joe's Pizza - Lunch with friends,Food
385,2024-08-11,72.68,"Pope, Arnold and Meyer",Monthly subscription,Transport
386,2024-07-22,17.94,"Brown, Parker and Guzman",Lunch with friends,Bills
387,2026-05-08,3.3,"Johnston, Crane and Bell",Monthly subscription,Food
388,2024-06-29,11.57,Harris Ltd,Course fee,Others
389,2025-01-06,13.08,Hilton Hotels,Hilton Hotels - Taxi ride,Travel
390,2026-08-15,17.64,Local Taxi,Flight booking,Others
391,2026-08-19,70.83,Mack PLC,Mack PLC - Online purchase,Shopping
392,2024-05-03,85.37,Delta Airlines,Gas refill,Travel
393,2025-01-13,28.94,Lane-Woods,Lane-Woods - Hotel stay,Travel
394,2024-05-13,27.98,Sullivan LLC,Sullivan LLC - Gas refill,Bills
395,2024-10-13,14.04,Martin and Sons,Martin and Sons - Electric bill payment,Bills
396,2026-01-19,7.0,Local Taxi,Grocery shopping,Food
397,2023-09-27,26.59,State University,State University - Electric bill payment,Education
398,2025-01-28,37.14,Gas Station,Taxi ride,Bills
399,2026-05-18,35.84,Starbucks Coffee,Grocery shopping,Utilities
400,2026-04-03,13.7,State University,Hotel stay,Travel
401,2026-07-26,12.49,Electric Company,Electric Company - Grocery shopping,Bills
402,2024-02-06,6.83,Local High School,Lunch with friends,Education
403,2024-08-03,55.98,Cortez Group,Online purchase,Entertainment
404,2024-01-26,51.59,Spotify,Course fee,Entertainment
405,2025-10-25,9.42,"Green, Maldonado and Coleman","Green, Maldonado and Coleman - Monthly subscription",Others
406,2023-10-04,74.1,Singh-Christian,Singh-Christian - Course fee,Travel
407,2023-09-23,175.93,Mitchell-Page,Mitchell-Page - Lunch with friends,Health
408,2025-11-04,17.37,Waterworks,Online purchase,Bills
409,2026-05-24,9.73,Netflix Streaming,Grocery shopping,Entertainment
410,2026-05-30,19.52,Waterworks,Waterworks - Lunch with friends,Bills
411,2024-04-24,8.54,"Cantu, Sawyer and Boyle","Cantu, Sawyer and Boyle - Electric bill payment",Bills
412,2025-05-15,26.43,Spotify,Spotify - Monthly subscription,Entertainment
413,2024-12-24,35.87,Joe's Pizza,Electric bill payment,Food
414,2024-01-01,1.65,Spotify,Spotify - Lunch with friends,Entertainment
415,2024-11-02,105.13,Walmart Supercenter,Grocery shopping,Shopping
416,2024-03-08,10.62,Delta Airlines,Delta Airlines - Electric bill payment,Travel
417,2024-10-17,33.59,Reid Group,Gas refill,Bills
418,2025-07-03,30.59,Gas Station,Flight booking,Bills
419,2025-09-10,47.57,CVS Pharmacy,CVS Pharmacy - Grocery shopping,Health
420,2025-06-12,10.08,Spotify,Flight booking,Entertainment
421,2024-10-10,23.67,Joe's Pizza,Joe's Pizza - Gas refill,Food
422,2025-09-17,12.09,Novak-Shah,Online purchase,Shopping
423,2026-07-15,140.88,"Ward, Henry and Baker",Online purchase,Food
424,2024-08-23,40.65,Hilton Hotels,Hilton Hotels - Online purchase,Travel
425,2025-06-13,37.44,Joe's Pizza,Monthly subscription,Food
426,2026-08-21,20.74,Mall Outlet,Monthly subscription,Bills
427,2024-05-14,43.52,Amazon Marketplace,Amazon Marketplace - Flight booking,Shopping
428,2025-06-16,13.6,Hilton Hotels,Hilton Hotels - Electric bill payment,Travel
429,2025-08-04,17.83,Local Taxi,Grocery shopping,Travel
430,2026-07-10,114.57,Corner Grocery,Corner Grocery - Gas refill,Bills
431,2023-09-23,16.4,"Medina, Romero and Cole",Lunch with friends,Travel
432,2025-03-06,18.01,Caldwell-Woods,Caldwell-Woods - Grocery shopping,Entertainment
433,2025-09-23,10.84,Electric Company,Electric Company - Grocery shopping,Bills
434,2025-05-02,16.61,Local High School,Monthly subscription,Education
435,2024-12-10,126.51,"Lee, Turner and Harrison",Lunch with friends,Food
436,2025-11-09,38.06,Netflix Streaming,Netflix Streaming - Gas refill,Entertainment
437,2023-09-07,164.86,Mall Outlet,Mall Outlet - Gas refill,Bills
438,2024-10-23,39.76,Amazon Marketplace,Amazon Marketplace - Prescription purchase,Shopping
439,2025-05-02,19.76,Amazon Marketplace,Amazon Marketplace - Gas refill,Shopping
440,2026-07-24,12.87,Lewis Inc,Lewis Inc - Online purchase,Shopping
441,2025-06-28,31.18,Corner Grocery,Flight booking,Food
442,2025-09-10,3.8,Local High School,Hotel stay,Travel
443,2024-10-04,27.15,Spotify,Spotify - Taxi ride,Entertainment
444,2024-08-30,52.37,City Hospital,City Hospital - Monthly subscription,Utilities
445,2025-07-14,41.39,Hilton Hotels,Flight booking,Travel
446,2023-12-20,78.14,Uber Eats,Flight booking,Transport
447,2024-06-17,12.32,Corner Grocery,Corner Grocery - Monthly subscription,Transport
448,2024-10-17,79.56,State University,State University - Flight booking,Education
449,2026-03-24,40.08,Gibson-Oconnell,Gibson-Oconnell - Monthly subscription,Transport
450,2024-11-03,6.51,CVS Pharmacy,CVS Pharmacy - Hotel stay,Travel
451,2026-05-10,35.87,Hicks Group,Hicks Group - Taxi ride,Bills
452,2024-05-13,29.15,Uber Eats,Uber Eats - Electric bill payment,Transport
453,2025-10-03,7.21,Gas Station,Online purchase,Bills
454,2024-02-14,73.57,Hilton Hotels,Hilton Hotels - Monthly subscription,Travel
455,2025-05-24,11.43,"Hodge, Zimmerman and Stevens",Flight booking,Shopping
456,2026-01-01,94.44,City Hospital,City Hospital - Prescription purchase,Bills
457,2025-03-26,2.35,Joe's Pizza,Joe's Pizza - Gas refill,Food
458,2026-08-07,37.37,Flores PLC,Flores PLC - Online purchase,Others
459,2026-03-23,33.0,Ramos and Sons,Monthly subscription,Others
460,2025-10-19,38.84,Lyft,Lyft - Lunch with friends,Transport
461,2024-09-04,19.3,Lee-Mahoney,Lee-Mahoney - Hotel stay,Travel
462,2025-05-31,25.7,State University,State University - Flight booking,Education
463,2026-05-14,13.83,City Hospital,Taxi ride,Bills
464,2023-10-20,17.48,Spotify,Spotify - Online purchase,Entertainment
465,2026-08-06,19.12,Uber Eats,Uber Eats - Flight booking,Transport
466,2025-07-21,63.56,Local High School,Flight booking,Education
467,2024-01-23,1.47,Wright and Sons,Prescription purchase,Entertainment
468,2026-01-24,19.9,Jenkins Inc,Online purchase,Food
469,2026-04-03,52.66,Jones-Orr,Jones-Orr - Electric bill payment,Bills
470,2025-02-05,48.21,Delta Airlines,Delta Airlines - Prescription purchase,Travel
471,2025-06-03,111.39,Gas Station,Gas Station - Flight booking,Bills
472,2025-01-14,62.21,CVS Pharmacy,Monthly subscription,Health
473,2025-05-27,73.85,"Davis, Jensen and Larson","Davis, Jensen and Larson - Online purchase",Entertainment
474,2025-10-20,9.04,Joe's Pizza,Joe's Pizza - Hotel stay,Food
475,2025-06-06,49.91,Local High School,Taxi ride,Education
476,2024-02-25,60.01,Local Taxi,Course fee,Shopping
477,2023-12-01,1.78,Raymond Ltd,Raymond Ltd - Grocery shopping,Food
478,2024-11-12,42.95,Walls Inc,Flight booking,Travel
479,2023-12-14,37.15,Delta Airlines,Electric bill payment,Travel
480,2026-06-18,19.89,Wells PLC,Wells PLC - Lunch with friends,Others
481,2024-02-27,29.04,Delta Airlines,Delta Airlines - Hotel stay,Travel
482,2024-02-09,13.9,Odom Group,Odom Group - Monthly subscription,Travel
483,2024-01-18,40.15,State University,State University - Flight booking,Education
484,2024-07-13,67.98,Ramirez and Sons,Ramirez and Sons - Grocery shopping,Shopping
485,2025-10-27,9.3,"Watts, Jones and Hicks","Watts, Jones and Hicks - Grocery shopping",Bills
486,2025-10-28,32.97,Gas Station,Electric bill payment,Bills
487,2026-05-30,26.77,Hilton Hotels,Grocery shopping,Travel
488,2026-04-29,12.06,Harris-Wilson,Harris-Wilson - Flight booking,Entertainment
489,2023-12-27,8.92,Nixon and Sons,Nixon and Sons - Course fee,Shopping
490,2026-08-19,11.57,Williams and Sons,Grocery shopping,Food
491,2024-08-13,37.46,Hilton Hotels,Online purchase,Travel
492,2026-06-18,13.2,Scott-Gray,Flight booking,Entertainment
493,2026-03-06,1.09,Uber Eats,Prescription purchase,Transport
494,2024-07-12,90.24,Gas Station,Hotel stay,Travel
495,2026-06-23,76.8,Corner Grocery,Corner Grocery - Gas refill,Bills
496,2026-01-28,42.45,Singh-Walker,Gas refill,Bills
497,2024-06-14,8.04,Delta Airlines,Monthly subscription,Travel
498,2026-08-18,10.14,Local High School,Local High School - Grocery shopping,Education
499,2024-05-08,36.39,Thompson Ltd,Course fee,Transport
500,2026-06-29,33.85,State University,State University - Flight booking,Education
501,2026-01-12,4.74,"Larsen, Butler and Pena","Larsen, Butler and Pena - Taxi ride",Utilities
502,2025-06-18,6.28,Uber Eats,Uber Eats - Flight booking,Transport
503,2026-04-07,39.74,Short LLC,Short LLC - Hotel stay,Travel
504,2025-12-10,42.05,Olson and Sons,Olson and Sons - Gas refill,Bills
505,2023-11-25,17.25,CVS Pharmacy,CVS Pharmacy - Course fee,Health
506,2025-03-30,11.73,Netflix Streaming,Netflix Streaming - Hotel stay,Travel
507,2023-10-17,111.6,Hilton Hotels,Electric bill payment,Travel
508,2024-05-28,23.39,Rodriguez LLC,Lunch with friends,Entertainment
509,2026-04-01,26.58,CVS Pharmacy,Grocery shopping,Health
510,2025-08-29,64.86,Corner Grocery,Corner Grocery - Flight booking,Others
511,2023-11-11,104.51,Harris-Brown,Hotel stay,Travel
512,2025-05-08,38.44,Lyft,Lyft - Online purchase,Transport
513,2024-10-15,14.8,Dalton Inc,Dalton Inc - Grocery shopping,Entertainment
514,2026-06-21,6.18,Bush-Garner,Online purchase,Shopping
515,2023-12-10,58.65,Mueller Inc,Online purchase,Utilities
516,2026-01-10,77.75,Uber Eats,Uber Eats - Prescription purchase,Transport
517,2023-10-10,25.96,Local High School,Hotel stay,Travel
518,2026-05-14,11.72,Starbucks Coffee,Starbucks Coffee - Lunch with friends,Food
519,2024-11-18,84.45,Amazon Marketplace,Monthly subscription,Shopping
520,2025-05-28,9.09,Ingram and Sons,Course fee,Transport
521,2025-05-10,3.54,Walmart Supercenter,Walmart Supercenter - Course fee,Shopping
522,2024-11-13,23.2,Amazon Marketplace,Grocery shopping,Shopping
523,2025-06-28,7.42,Starbucks Coffee,Gas refill,Bills
524,2024-06-06,8.84,Marsh Group,Online purchase,Others
525,2025-08-29,63.2,Walmart Supercenter,Walmart Supercenter - Hotel stay,Travel
526,2025-10-11,2.31,"Watson, Wu and Mcgrath","Watson, Wu and Mcgrath - Electric bill payment",Bills
527,2024-02-28,55.25,Lyft,Lyft - Electric bill payment,Transport
528,2025-11-03,42.28,Lyft,Course fee,Transport
529,2026-05-10,18.09,Netflix Streaming,Netflix Streaming - Taxi ride,Entertainment
530,2024-03-16,14.11,Johnson and Sons,Johnson and Sons - Electric bill payment,Bills
531,2026-01-29,5.76,Salas Group,Electric bill payment,Bills
532,2025-06-15,15.27,Netflix Streaming,Netflix Streaming - Taxi ride,Entertainment
533,2023-12-12,2.61,Lyft,Lyft - Electric bill payment,Transport
534,2026-04-23,1.09,Waterworks,Waterworks - Grocery shopping,Bills
535,2025-11-22,27.73,"Wagner, Palmer and Lane","Wagner, Palmer and Lane - Monthly subscription",Shopping
536,2024-08-05,54.78,Netflix Streaming,Netflix Streaming - Hotel stay,Travel
537,2024-08-28,13.62,Uber Eats,Prescription purchase,Transport
538,2023-11-01,3.6,"Ross, Jones and Newton","Ross, Jones and Newton - Online purchase",Travel
539,2025-03-27,3.8,Hawkins Ltd,Hawkins Ltd - Grocery shopping,Education
540,2024-10-20,29.98,Stevens LLC,Online purchase,Utilities
541,2023-09-19,14.39,Harris PLC,Harris PLC - Online purchase,Shopping
542,2025-02-21,26.68,Joe's Pizza,Joe's Pizza - Online purchase,Food
543,2025-02-07,13.48,Starbucks Coffee,Starbucks Coffee - Grocery shopping,Shopping
544,2023-11-06,24.88,Spotify,Monthly subscription,Entertainment
545,2024-02-09,111.77,Gas Station,Gas Station - Grocery shopping,Bills
546,2024-06-02,43.24,Meyer-Hernandez,Meyer-Hernandez - Lunch with friends,Food
547,2026-06-10,5.66,Electric Company,Prescription purchase,Bills
548,2025-12-21,9.36,Corner Grocery,Corner Grocery - Monthly subscription,Others
549,2023-12-19,175.74,"Barker, Johnson and Brooks",Online purchase,Shopping
550,2026-03-29,63.88,Walmart Supercenter,Hotel stay,Travel
551,2023-12-15,70.52,Phillips-Allen,Flight booking,Transport
552,2024-10-25,29.74,Spotify,Spotify - Taxi ride,Entertainment
553,2023-11-19,19.69,State University,State University - Flight booking,Education
554,2023-11-08,35.63,"Diaz, Smith and Williamson","Diaz, Smith and Williamson - Prescription purchase",Others
555,2025-02-07,21.5,"Cooper, Reynolds and Pitts","Cooper, Reynolds and Pitts - Prescription purchase",Transport
556,2026-08-29,13.35,State University,Taxi ride,Education
557,2025-11-03,23.42,Price LLC,Price LLC - Course fee,Food
558,2024-09-13,13.38,Mall Outlet,Mall Outlet - Course fee,Travel
559,2026-02-12,30.02,Amazon Marketplace,Monthly subscription,Shopping
560,2026-06-25,138.56,Joe's Pizza,Joe's Pizza - Taxi ride,Food
561,2023-10-05,10.61,"Herrera, Cook and Lewis",Online purchase,Others
562,2023-11-03,56.99,Lyft,Hotel stay,Transport
563,2024-09-06,143.6,"Taylor, Bowman and Braun","Taylor, Bowman and Braun - Monthly subscription",Food
564,2025-03-20,12.61,City Hospital,City Hospital - Hotel stay,Travel
565,2025-08-17,7.08,Local Taxi,Local Taxi - Electric bill payment,Bills
566,2025-06-10,60.36,Morrison Ltd,Morrison Ltd - Electric bill payment,Bills
567,2025-07-30,21.28,Local Taxi,Local Taxi - Flight booking,Food
568,2023-12-23,4.13,Morris-Ibarra,Morris-Ibarra - Hotel stay,Travel
569,2025-09-28,145.79,Netflix Streaming,Netflix Streaming - Lunch with friends,Entertainment
570,2026-02-05,52.56,"Sosa, Wood and Martinez","Sosa, Wood and Martinez - Hotel stay",Travel
571,2024-10-10,2.32,Mall Outlet,Taxi ride,Travel
572,2026-03-08,14.27,City Hospital,City Hospital - Lunch with friends,Others
573,2025-04-25,3.0,CVS Pharmacy,CVS Pharmacy - Gas refill,Health
574,2025-05-16,9.32,Smith-Bennett,Smith-Bennett - Grocery shopping,Health
575,2025-07-12,7.52,State University,State University - Monthly subscription,Education
576,2026-06-03,12.16,Delta Airlines,Lunch with friends,Travel
577,2026-03-03,47.81,"Miller, Bond and Page",Hotel stay,Travel
578,2024-10-02,45.35,Starbucks Coffee,Starbucks Coffee - Course fee,Shopping
579,2024-09-05,21.95,Uber Eats,Grocery shopping,Transport
580,2024-05-28,6.89,Hilton Hotels,Lunch with friends,Travel
581,2026-02-02,86.55,Gardner Ltd,Hotel stay,Travel
582,2023-10-16,91.28,Walmart Supercenter,Prescription purchase,Shopping
583,2024-06-06,11.72,Williams Ltd,Williams Ltd - Prescription purchase,Transport
584,2025-12-29,24.15,"Washington, Fitzgerald and Zuniga","Washington, Fitzgerald and Zuniga - Online purchase",Utilities
585,2025-08-18,13.97,Pope and Sons,Pope and Sons - Grocery shopping,Food
586,2024-07-15,8.84,"Kim, Coleman and Deleon","Kim, Coleman and Deleon - Lunch with friends",Travel
587,2025-12-20,34.36,Walmart Supercenter,Walmart Supercenter - Prescription purchase,Shopping
588,2026-06-06,71.39,Campbell and Sons,Electric bill payment,Bills
589,2023-11-26,18.48,Amazon Marketplace,Amazon Marketplace - Gas refill,Shopping
590,2024-09-08,10.18,"Lloyd, Davis and Weeks",Hotel stay,Travel
591,2025-03-26,2.33,Lyft,Lyft - Monthly subscription,Transport
592,2024-01-31,57.95,Local Taxi,Local Taxi - Hotel stay,Travel
593,2026-03-10,19.7,Electric Company,Monthly subscription,Bills
594,2024-12-01,9.46,Waterworks,Waterworks - Course fee,Bills
595,2026-08-27,102.57,Local High School,Lunch with friends,Education
596,2025-02-25,3.73,"Swanson, Pineda and Ramos","Swanson, Pineda and Ramos - Course fee",Entertainment
597,2024-02-01,3.81,Gas Station,Hotel stay,Travel
598,2026-08-30,7.28,"Robinson, Hansen and Huynh","Robinson, Hansen and Huynh - Gas refill",Bills
599,2024-11-29,16.42,Martinez-Hopkins,Online purchase,Food
600,2026-01-19,36.54,Davis Ltd,Prescription purchase,Travel
601,2024-12-18,5.1,Amazon Marketplace,Amazon Marketplace - Taxi ride,Shopping
602,2024-11-19,5.57,Maddox and Sons,Taxi ride,Shopping
603,2025-06-27,23.33,Gilmore Inc,Hotel stay,Travel
604,2025-01-09,8.4,Waterworks,Gas refill,Bills
605,2026-04-05,6.91,Butler-Reyes,Grocery shopping,Utilities
606,2024-09-17,26.81,Lyft,Course fee,Transport
607,2025-06-01,68.04,Hilton Hotels,Hotel stay,Travel
608,2024-03-23,2.56,Local Taxi,Lunch with friends,Others
609,2024-12-04,10.13,Sanchez PLC,Sanchez PLC - Grocery shopping,Transport
610,2026-05-18,55.54,"Baldwin, Webster and Monroe",Flight booking,Shopping
611,2026-01-15,25.0,Williams-Jenkins,Grocery shopping,Shopping
612,2024-10-30,35.79,Gas Station,Gas Station - Hotel stay,Travel
613,2025-05-09,33.92,"Campbell, Nielsen and Patton","Campbell, Nielsen and Patton - Prescription purchase",Food
614,2025-06-01,5.49,Spotify,Spotify - Prescription purchase,Entertainment
615,2026-03-20,10.05,"Parker, Davis and Garcia","Parker, Davis and Garcia - Online purchase",Utilities
616,2024-09-21,12.46,Flores-Ingram,Flores-Ingram - Monthly subscription,Shopping
617,2024-02-13,20.06,Local Taxi,Local Taxi - Course fee,Shopping
618,2024-04-05,99.76,Spotify,Hotel stay,Travel
619,2026-08-28,30.03,Delta Airlines,Delta Airlines - Prescription purchase,Travel
620,2024-09-24,24.73,Ballard and Sons,Ballard and Sons - Flight booking,Entertainment
621,2024-01-01,28.41,Waterworks,Prescription purchase,Bills
622,2024-12-13,4.01,City Hospital,Grocery shopping,Utilities
623,2025-07-21,12.69,Walmart Supercenter,Walmart Supercenter - Online purchase,Shopping
624,2025-09-13,23.76,Brown Group,Gas refill,Bills
625,2026-08-10,14.9,Walmart Supercenter,Online purchase,Shopping
626,2023-10-22,3.77,Delta Airlines,Delta Airlines - Taxi ride,Travel
627,2025-06-25,12.19,Hilton Hotels,Hilton Hotels - Prescription purchase,Travel
628,2025-05-17,42.37,State University,Online purchase,Education
629,2024-11-20,23.64,Netflix Streaming,Gas refill,Entertainment
630,2026-06-13,36.46,Local High School,Local High School - Taxi ride,Education
631,2025-11-08,19.43,Spotify,Online purchase,Entertainment
632,2025-03-31,2.44,Starbucks Coffee,Starbucks Coffee - Prescription purchase,Food
633,2025-09-30,2.05,Mall Outlet,Mall Outlet - Taxi ride,Food
634,2024-04-09,18.33,Delta Airlines,Delta Airlines - Course fee,Travel
635,2025-12-25,17.99,Hall-Foster,Hall-Foster - Course fee,Transport
636,2026-04-18,37.47,Delgado-Oneill,Delgado-Oneill - Lunch with friends,Travel
637,2023-08-31,6.84,"Smith, Flores and Garcia","Smith, Flores and Garcia - Lunch with friends",Education
638,2025-06-20,5.28,Lyft,Grocery shopping,Transport
639,2023-10-16,20.22,Spotify,Spotify - Gas refill,Entertainment
640,2025-12-06,13.95,Case Inc,Case Inc - Grocery shopping,Health
641,2024-04-17,3.74,Uber Eats,Uber Eats - Electric bill payment,Transport
642,2025-12-22,3.51,Mall Outlet,Mall Outlet - Prescription purchase,Shopping
643,2023-11-16,18.27,Walmart Supercenter,Walmart Supercenter - Monthly subscription,Shopping
644,2025-12-11,70.33,Hilton Hotels,Prescription purchase,Travel
645,2024-12-10,24.71,Walmart Supercenter,Walmart Supercenter - Electric bill payment,Shopping
646,2023-09-12,40.25,Gas Station,Course fee,Bills
647,2023-11-12,7.54,"Flores, Clark and Ramirez",Monthly subscription,Shopping
648,2026-04-19,29.62,Amazon Marketplace,Taxi ride,Shopping
649,2026-04-08,24.82,Lyft,Online purchase,Transport
650,2025-06-23,4.91,King-Gregory,Grocery shopping,Others
651,2025-11-05,76.92,Netflix Streaming,Netflix Streaming - Lunch with friends,Entertainment
652,2025-03-16,34.91,Starbucks Coffee,Electric bill payment,Bills
653,2026-07-16,43.18,"Thomas, Santos and Smith","Thomas, Santos and Smith - Lunch with friends",Shopping
654,2024-02-10,33.19,Gas Station,Gas Station - Gas refill,Bills
655,2024-03-28,124.69,Lyft,Lyft - Grocery shopping,Transport
656,2026-06-19,2.6,"Porter, Powell and Jones","Porter, Powell and Jones - Lunch with friends",Food
657,2024-01-16,14.16,Avery Group,Avery Group - Monthly subscription,Others
658,2025-05-19,18.67,Joe's Pizza,Joe's Pizza - Flight booking,Food
659,2024-10-09,4.85,State University,State University - Electric bill payment,Education
660,2026-08-06,50.01,Joe's Pizza,Joe's Pizza - Flight booking,Food
661,2024-10-27,40.79,Johnson-Meadows,Johnson-Meadows - Course fee,Shopping
662,2024-02-20,58.88,CVS Pharmacy,CVS Pharmacy - Course fee,Health
663,2024-01-09,12.89,Joe's Pizza,Lunch with friends,Food
664,2024-09-28,58.82,"Schroeder, Brooks and Smith",Prescription purchase,Shopping
665,2026-03-14,39.24,"Johnson, Galvan and Solis",Hotel stay,Travel
666,2023-12-03,74.2,Clark LLC,Prescription purchase,Transport
667,2025-08-16,52.07,Mason-Kirk,Prescription purchase,Health
668,2025-12-23,26.98,Robinson PLC,Robinson PLC - Course fee,Others
669,2024-07-13,27.13,Gas Station,Gas Station - Taxi ride,Bills
670,2026-03-01,58.66,Delta Airlines,Delta Airlines - Lunch with friends,Travel
671,2025-05-14,36.4,Walmart Supercenter,Walmart Supercenter - Monthly subscription,Shopping
672,2024-08-19,55.72,Gas Station,Gas Station - Lunch with friends,Bills
673,2023-09-17,76.12,Campbell-Mcdowell,Campbell-Mcdowell - Prescription purchase,Entertainment
674,2025-08-23,5.84,Waterworks,Waterworks - Hotel stay,Travel
675,2025-02-24,16.78,Joe's Pizza,Joe's Pizza - Course fee,Food
676,2024-04-23,71.07,Local High School,Gas refill,Education
677,2024-11-10,75.96,"Flores, Hamilton and Knight","Flores, Hamilton and Knight - Electric bill payment",Bills
678,2026-03-22,54.14,Local High School,Monthly subscription,Education
679,2025-03-27,30.28,Lopez-Horn,Lopez-Horn - Lunch with friends,Shopping
680,2024-12-18,40.83,Brooks-Smith,Brooks-Smith - Electric bill payment,Bills
681,2023-11-11,27.43,Uber Eats,Uber Eats - Lunch with friends,Transport
682,2024-05-10,39.98,City Hospital,Hotel stay,Travel
683,2024-12-06,4.36,Morgan-Jones,Grocery shopping,Travel
684,2026-07-11,6.99,Local High School,Local High School - Flight booking,Education
685,2025-03-15,27.38,Amazon Marketplace,Amazon Marketplace - Prescription purchase,Shopping
686,2025-07-12,32.02,Starbucks Coffee,Online purchase,Food
687,2025-12-19,91.67,Wells and Sons,Wells and Sons - Lunch with friends,Utilities
688,2023-10-14,17.65,Gas Station,Gas Station - Monthly subscription,Bills
689,2026-07-11,8.78,Electric Company,Electric Company - Monthly subscription,Bills
690,2025-08-13,77.23,Mall Outlet,Mall Outlet - Prescription purchase,Food
691,2026-02-21,18.84,Delta Airlines,Delta Airlines - Online purchase,Travel
692,2024-10-24,8.26,Kaiser Inc,Prescription purchase,Shopping
693,2024-03-22,1.56,Uber Eats,Gas refill,Transport
694,2023-11-12,63.34,Olson LLC,Online purchase,Utilities
695,2025-01-17,19.11,Price Inc,Price Inc - Hotel stay,Travel
696,2026-02-02,61.11,Lopez-Martinez,Lunch with friends,Shopping
697,2026-03-06,10.64,Amazon Marketplace,Amazon Marketplace - Prescription purchase,Shopping
698,2026-08-02,2.29,"Griffin, Allen and Little",Flight booking,Food
699,2026-02-03,34.15,Davis-Allison,Davis-Allison - Prescription purchase,Travel
700,2025-01-05,52.78,Netflix Streaming,Lunch with friends,Entertainment
701,2025-01-07,4.33,Starbucks Coffee,Grocery shopping,Travel
702,2026-08-20,42.4,"Smith, Colon and Freeman","Smith, Colon and Freeman - Hotel stay",Travel
703,2023-10-14,36.53,Amazon Marketplace,Prescription purchase,Shopping
704,2024-07-11,10.68,"Gilbert, Schmidt and Brown",Grocery shopping,Education
705,2026-06-25,12.81,Scott-Ramirez,Electric bill payment,Bills
706,2023-12-11,7.29,Starbucks Coffee,Starbucks Coffee - Taxi ride,Food
707,2024-01-23,97.95,Hayes-Williamson,Hayes-Williamson - Grocery shopping,Shopping
708,2026-05-02,28.27,"Lee, Flores and Ramirez",Flight booking,Travel
709,2023-11-02,15.42,Netflix Streaming,Monthly subscription,Entertainment
710,2025-04-30,5.96,Joe's Pizza,Lunch with friends,Food
711,2024-01-16,10.18,Local Taxi,Local Taxi - Gas refill,Bills
712,2023-11-04,17.28,Ayala-Thomas,Ayala-Thomas - Gas refill,Bills
713,2026-03-02,9.03,Lyft,Lyft - Taxi ride,Transport
714,2025-09-16,14.73,Lamb Inc,Grocery shopping,Travel
715,2023-09-25,40.29,"Hernandez, Fisher and Clark","Hernandez, Fisher and Clark - Monthly subscription",Others
716,2023-09-14,15.07,State University,Flight booking,Education
717,2025-08-04,82.14,Duncan-Walker,Duncan-Walker - Prescription purchase,Others
718,2024-01-18,1.3,Local High School,Grocery shopping,Education
719,2024-07-02,37.72,State University,State University - Gas refill,Education
720,2025-10-08,22.35,State University,State University - Electric bill payment,Education
721,2024-08-22,31.8,Joe's Pizza,Joe's Pizza - Gas refill,Food
722,2024-09-28,49.19,Valdez Inc,Hotel stay,Travel
723,2026-06-24,38.73,Hilton Hotels,Hilton Hotels - Online purchase,Travel
724,2025-10-14,10.27,State University,State University - Flight booking,Education
725,2026-08-03,7.71,Netflix Streaming,Taxi ride,Entertainment
726,2024-06-24,33.58,Joe's Pizza,Joe's Pizza - Grocery shopping,Food
727,2024-05-18,80.71,"Wilkins, Norris and Powell","Wilkins, Norris and Powell - Lunch with friends",Food
728,2023-11-18,14.33,"Pitts, Crawford and Gill",Lunch with friends,Others
729,2024-04-10,7.8,Hilton Hotels,Hilton Hotels - Online purchase,Travel
730,2025-04-20,110.72,Henderson and Sons,Henderson and Sons - Prescription purchase,Transport
731,2024-11-30,28.96,Starbucks Coffee,Starbucks Coffee - Grocery shopping,Transport
732,2024-10-26,8.74,Local Taxi,Lunch with friends,Travel
733,2026-07-06,13.48,Hilton Hotels,Hilton Hotels - Electric bill payment,Travel
734,2024-08-23,43.33,Corner Grocery,Hotel stay,Travel
735,2026-08-15,2.99,State University,Grocery shopping,Education
736,2023-11-05,8.1,Lyft,Lyft - Lunch with friends,Transport
737,2025-06-09,38.55,Uber Eats,Uber Eats - Course fee,Transport
738,2024-09-11,44.09,Lyft,Lunch with friends,Transport
739,2024-03-16,1.66,Marquez and Sons,Hotel stay,Travel
740,2024-06-22,10.71,Cervantes Ltd,Cervantes Ltd - Online purchase,Entertainment
741,2026-05-09,13.81,Waterworks,Waterworks - Taxi ride,Bills
742,2025-03-23,2.68,Local Taxi,Lunch with friends,Travel
743,2026-07-06,25.58,City Hospital,City Hospital - Grocery shopping,Food
744,2025-04-16,44.36,Corner Grocery,Corner Grocery - Gas refill,Bills
745,2024-08-27,11.32,"Zavala, Wood and Osborne",Hotel stay,Travel
746,2025-07-06,6.96,Lyft,Lyft - Prescription purchase,Transport
747,2026-03-14,10.93,Netflix Streaming,Netflix Streaming - Grocery shopping,Entertainment
748,2025-12-28,23.55,Corner Grocery,Corner Grocery - Online purchase,Others
749,2024-08-28,2.39,CVS Pharmacy,CVS Pharmacy - Grocery shopping,Health
750,2025-09-08,4.72,"Pollard, Allen and Jones",Taxi ride,Others
751,2025-06-23,11.55,Murphy-Hall,Murphy-Hall - Monthly subscription,Shopping
752,2026-02-13,64.12,French-Campbell,Flight booking,Education
753,2024-05-01,13.36,Harris-Graves,Course fee,Transport
754,2024-02-07,10.09,CVS Pharmacy,CVS Pharmacy - Electric bill payment,Health
755,2025-01-05,39.64,Mall Outlet,Mall Outlet - Course fee,Travel
756,2024-09-09,43.0,State University,State University - Course fee,Education
757,2024-11-29,28.4,Local High School,Local High School - Monthly subscription,Education
758,2025-09-13,73.56,Anderson-Ramos,Taxi ride,Utilities
759,2026-02-14,21.51,Netflix Streaming,Flight booking,Entertainment
760,2024-07-11,35.71,City Hospital,Online purchase,Shopping
761,2025-01-30,5.68,Smith Ltd,Smith Ltd - Online purchase,Food
762,2026-01-07,28.02,Joe's Pizza,Grocery shopping,Food
763,2024-05-08,4.37,CVS Pharmacy,CVS Pharmacy - Flight booking,Health
764,2024-04-11,37.74,Lyft,Gas refill,Transport
765,2026-07-27,40.64,Gas Station,Flight booking,Bills
766,2025-02-26,27.26,Joe's Pizza,Joe's Pizza - Gas refill,Food
767,2026-03-17,51.92,"Bell, Wright and Byrd","Bell, Wright and Byrd - Prescription purchase",Travel
768,2026-04-30,11.41,Garcia-Barber,Monthly subscription,Travel
769,2024-04-29,41.26,"Murray, Burton and Castillo","Murray, Burton and Castillo - Monthly subscription",Entertainment
770,2025-12-08,1.86,Lyft,Taxi ride,Transport
771,2023-09-20,29.75,Amazon Marketplace,Amazon Marketplace - Electric bill payment,Shopping
772,2026-08-18,12.49,Starbucks Coffee,Gas refill,Bills
773,2026-02-12,5.24,Nelson-Howell,Prescription purchase,Transport
774,2024-11-02,41.74,Turner LLC,Turner LLC - Taxi ride,Others
775,2024-04-28,21.48,Delta Airlines,Delta Airlines - Course fee,Travel
776,2024-10-19,4.66,Waterworks,Hotel stay,Travel
777,2024-10-01,22.57,Vaughn and Sons,Hotel stay,Travel
778,2024-06-12,4.08,Electric Company,Electric Company - Grocery shopping,Bills
779,2025-01-23,40.18,Lyft,Lyft - Monthly subscription,Transport
780,2023-10-14,43.44,Local High School,Local High School - Taxi ride,Education
781,2026-03-05,17.14,Daniel Group,Electric bill payment,Bills
782,2025-02-03,3.82,Local High School,Local High School - Flight booking,Education
783,2025-11-28,48.39,City Hospital,City Hospital - Lunch with friends,Others
784,2024-12-23,18.69,Lyft,Monthly subscription,Transport
785,2024-05-22,80.87,Waterworks,Waterworks - Grocery shopping,Bills
786,2023-12-04,38.99,Hilton Hotels,Prescription purchase,Travel
787,2026-05-23,6.75,Corner Grocery,Hotel stay,Travel
788,2025-02-12,27.29,Starbucks Coffee,Starbucks Coffee - Grocery shopping,Transport
789,2025-02-17,16.38,"Gibson, Davis and Floyd","Gibson, Davis and Floyd - Course fee",Transport
790,2026-06-10,86.1,Corner Grocery,Corner Grocery - Online purchase,Travel
791,2023-12-03,42.92,Dunn PLC,Dunn PLC - Gas refill,Bills
792,2024-05-01,18.47,Waterworks,Online purchase,Bills
793,2023-11-15,34.42,Crawford-Bell,Course fee,Others
794,2026-05-04,24.41,Netflix Streaming,Netflix Streaming - Prescription purchase,Entertainment
795,2025-12-02,39.0,Fuller-Ruiz,Prescription purchase,Entertainment
796,2025-11-02,110.16,Amazon Marketplace,Amazon Marketplace - Monthly subscription,Shopping
797,2024-07-19,136.3,White-Fitzpatrick,White-Fitzpatrick - Gas refill,Bills
798,2025-06-12,16.44,Local High School,Course fee,Education
799,2024-12-09,9.81,Spotify,Prescription purchase,Entertainment
800,2025-03-04,3.93,Gas Station,Lunch with friends,Bills
801,2026-03-29,5.68,Local High School,Local High School - Course fee,Education
802,2025-01-02,6.0,Rivera-Klein,Rivera-Klein - Taxi ride,Others
803,2023-12-27,87.95,Joe's Pizza,Flight booking,Food
804,2024-07-10,74.53,Melendez-Baker,Hotel stay,Travel
805,2024-01-16,35.4,"Gonzalez, Martinez and Coleman","Gonzalez, Martinez and Coleman - Online purchase",Travel
806,2026-03-07,47.62,Lyft,Prescription purchase,Transport
807,2025-01-21,7.81,Gas Station,Grocery shopping,Bills
808,2025-04-24,1.79,Hilton Hotels,Hilton Hotels - Hotel stay,Travel
809,2026-07-19,170.99,Lyft,Lyft - Online purchase,Transport
810,2024-08-21,2.54,City Hospital,City Hospital - Hotel stay,Travel
811,2025-03-02,11.22,Thomas-Cochran,Thomas-Cochran - Taxi ride,Food
812,2023-11-13,34.93,Mcpherson Inc,Mcpherson Inc - Taxi ride,Transport
813,2026-03-13,40.91,"Schwartz, Benjamin and Johnson",Monthly subscription,Travel
814,2024-04-01,5.38,Farrell-Fuentes,Farrell-Fuentes - Taxi ride,Transport
815,2024-09-16,73.43,Gas Station,Taxi ride,Bills
816,2024-05-04,27.84,Amazon Marketplace,Amazon Marketplace - Gas refill,Shopping
817,2023-10-21,46.86,Electric Company,Electric Company - Grocery shopping,Bills
818,2023-09-13,33.35,Netflix Streaming,Netflix Streaming - Gas refill,Entertainment
819,2025-09-22,38.11,Jenkins Inc,Jenkins Inc - Flight booking,Others
820,2025-06-30,76.03,CVS Pharmacy,CVS Pharmacy - Flight booking,Health
821,2025-05-09,88.38,City Hospital,City Hospital - Flight booking,Shopping
822,2024-01-28,38.49,Moore-Wright,Flight booking,Food
823,2023-12-15,35.01,Starbucks Coffee,Monthly subscription,Bills
824,2024-01-04,63.66,Phillips and Sons,Phillips and Sons - Monthly subscription,Food
825,2025-04-18,57.0,Carrillo-Nelson,Carrillo-Nelson - Lunch with friends,Others
826,2024-12-21,8.01,Tucker-Singleton,Lunch with friends,Health
827,2024-08-14,19.36,Gas Station,Gas Station - Online purchase,Bills
828,2026-02-16,20.39,Walmart Supercenter,Walmart Supercenter - Monthly subscription,Shopping
829,2023-12-23,55.28,Waterworks,Waterworks - Electric bill payment,Bills
830,2024-04-07,84.34,Wilson Ltd,Wilson Ltd - Hotel stay,Travel
831,2024-02-11,9.16,Joe's Pizza,Joe's Pizza - Hotel stay,Food
832,2026-03-13,28.62,Waterworks,Waterworks - Grocery shopping,Bills
833,2026-01-14,1.4,City Hospital,City Hospital - Hotel stay,Travel
834,2026-02-13,41.08,Hilton Hotels,Hilton Hotels - Hotel stay,Travel
835,2026-08-02,29.96,Caldwell LLC,Flight booking,Bills
836,2024-06-16,19.59,Hall PLC,Taxi ride,Travel
837,2026-08-06,6.35,"Hensley, Green and Roberts","Hensley, Green and Roberts - Course fee",Health
838,2024-05-17,10.84,Buck-Garrett,Course fee,Travel
839,2025-04-27,24.58,Amazon Marketplace,Amazon Marketplace - Lunch with friends,Shopping
840,2024-01-11,106.03,Montes Ltd,Montes Ltd - Flight booking,Travel
841,2025-05-29,28.44,Mall Outlet,Mall Outlet - Flight booking,Bills
842,2023-09-15,61.26,Hilton Hotels,Hilton Hotels - Electric bill payment,Travel
843,2026-01-27,2.86,Electric Company,Hotel stay,Travel
844,2025-09-06,6.81,CVS Pharmacy,CVS Pharmacy - Prescription purchase,Health
845,2025-03-22,23.55,Gas Station,Gas Station - Hotel stay,Travel
846,2026-05-31,8.83,Waterworks,Course fee,Bills
847,2023-09-03,8.92,Local High School,Local High School - Flight booking,Education
848,2024-06-30,3.87,Amazon Marketplace,Taxi ride,Shopping
849,2026-03-18,15.78,Vazquez-Mitchell,Vazquez-Mitchell - Gas refill,Bills
850,2026-02-05,80.13,Electric Company,Electric Company - Flight booking,Bills
851,2025-06-16,5.67,Spotify,Spotify - Prescription purchase,Entertainment
852,2025-04-22,8.3,City Hospital,Electric bill payment,Bills
853,2026-08-05,32.42,State University,Flight booking,Education
854,2026-02-28,40.8,Lyft,Lyft - Course fee,Transport
855,2025-05-23,1.82,City Hospital,City Hospital - Grocery shopping,Entertainment
856,2024-03-10,3.64,Gas Station,Gas Station - Grocery shopping,Bills
857,2025-09-20,1.01,Mall Outlet,Mall Outlet - Online purchase,Utilities
858,2025-12-10,25.76,Amazon Marketplace,Amazon Marketplace - Hotel stay,Travel
859,2025-07-07,28.81,State University,Lunch with friends,Education
860,2025-02-02,37.46,Lyft,Lyft - Electric bill payment,Transport
861,2025-02-25,23.11,Wilson-Murray,Prescription purchase,Shopping
862,2025-04-08,1.36,City Hospital,Electric bill payment,Bills
863,2026-04-18,9.96,Mall Outlet,Mall Outlet - Flight booking,Health
864,2023-09-28,17.18,Waterworks,Lunch with friends,Bills
865,2025-03-15,17.18,Hilton Hotels,Lunch with friends,Travel
866,2024-08-22,25.17,Huerta PLC,Taxi ride,Transport
867,2025-04-07,25.07,CVS Pharmacy,Monthly subscription,Health
868,2025-03-30,52.82,Gas Station,Gas Station - Gas refill,Bills
869,2026-08-24,24.76,Netflix Streaming,Lunch with friends,Entertainment
870,2025-06-18,17.87,Lyft,Flight booking,Transport
871,2025-02-04,11.8,"Dillon, Lee and Nguyen","Dillon, Lee and Nguyen - Online purchase",Bills
872,2024-07-18,4.51,Starbucks Coffee,Starbucks Coffee - Hotel stay,Travel
873,2026-06-19,45.19,Padilla-Howard,Hotel stay,Travel
874,2026-03-27,35.76,Delta Airlines,Electric bill payment,Travel
875,2023-12-03,15.19,Electric Company,Gas refill,Bills
876,2025-02-26,3.91,Amazon Marketplace,Prescription purchase,Shopping
877,2023-11-13,8.73,Gas Station,Gas Station - Taxi ride,Bills
878,2026-04-20,5.2,Gas Station,Gas Station - Course fee,Bills
879,2023-11-05,18.38,Combs LLC,Combs LLC - Taxi ride,Shopping
880,2026-07-11,29.79,Lyft,Lyft - Online purchase,Transport
881,2025-07-19,6.8,King-Frazier,King-Frazier - Monthly subscription,Food
882,2025-09-22,6.04,Amazon Marketplace,Online purchase,Shopping
883,2026-02-15,80.17,State University,State University - Gas refill,Education
884,2023-12-04,13.84,Smith and Sons,Smith and Sons - Hotel stay,Travel
885,2026-05-23,94.33,Local High School,Local High School - Prescription purchase,Education
886,2026-08-24,145.91,"Stevens, Floyd and Henson",Online purchase,Shopping
887,2026-05-05,63.26,Waterworks,Waterworks - Lunch with friends,Bills
888,2024-11-24,50.06,Netflix Streaming,Course fee,Entertainment
889,2026-07-05,73.24,Local High School,Local High School - Flight booking,Education
890,2024-02-10,33.9,Corner Grocery,Corner Grocery - Monthly subscription,Entertainment
891,2024-05-20,3.54,Lyft,Lyft - Electric bill payment,Transport
892,2024-01-29,1.04,Walmart Supercenter,Flight booking,Shopping
893,2024-09-10,17.71,Delta Airlines,Delta Airlines - Lunch with friends,Travel
894,2025-09-05,34.62,Spotify,Spotify - Lunch with friends,Entertainment
895,2025-06-04,33.4,Miller-Scott,Miller-Scott - Gas refill,Bills
896,2024-12-27,18.09,Johnston Ltd,Johnston Ltd - Hotel stay,Travel
897,2025-08-13,20.95,Starbucks Coffee,Gas refill,Bills
898,2024-09-08,6.85,Gardner PLC,Prescription purchase,Shopping
899,2026-03-27,4.33,Wright Group,Taxi ride,Bills
900,2026-02-17,17.27,Netflix Streaming,Netflix Streaming - Flight booking,Entertainment
901,2025-07-24,5.59,Local Taxi,Lunch with friends,Entertainment
902,2024-11-23,65.12,CVS Pharmacy,CVS Pharmacy - Online purchase,Health
903,2025-03-12,71.86,Higgins PLC,Higgins PLC - Grocery shopping,Shopping
904,2024-03-26,10.83,"Wright, Lang and Griffin","Wright, Lang and Griffin - Prescription purchase",Shopping
905,2026-06-29,52.69,Starbucks Coffee,Starbucks Coffee - Online purchase,Food
906,2024-07-19,4.56,"Torres, Perez and Sanchez","Torres, Perez and Sanchez - Taxi ride",Bills
907,2024-02-17,45.23,City Hospital,City Hospital - Grocery shopping,Utilities
908,2023-10-19,7.0,City Hospital,Monthly subscription,Shopping
909,2024-07-19,32.91,Gas Station,Gas Station - Grocery shopping,Bills
910,2024-10-09,7.54,Walmart Supercenter,Monthly subscription,Shopping
911,2024-01-25,10.62,Electric Company,Electric Company - Prescription purchase,Bills
912,2026-06-16,9.11,Mall Outlet,Monthly subscription,Food
913,2026-01-14,4.55,Waterworks,Waterworks - Taxi ride,Bills
914,2024-01-12,11.61,"Schroeder, Sullivan and Kemp","Schroeder, Sullivan and Kemp - Flight booking",Others
915,2025-06-08,46.59,Gas Station,Gas refill,Bills
916,2025-07-17,31.94,Spotify,Spotify - Course fee,Entertainment
917,2024-04-02,34.9,"Carter, Mccormick and Jennings",Gas refill,Bills
918,2023-09-03,124.01,"Hall, Dixon and Pierce",Electric bill payment,Bills
919,2025-03-19,15.79,Morris Group,Online purchase,Food
920,2025-05-14,11.56,Hilton Hotels,Grocery shopping,Travel
921,2024-10-03,8.16,Garcia-Roberts,Garcia-Roberts - Hotel stay,Travel
922,2023-11-30,31.84,City Hospital,City Hospital - Taxi ride,Transport
923,2025-12-06,37.82,Amazon Marketplace,Amazon Marketplace - Course fee,Shopping
924,2023-10-24,8.48,Reid PLC,Gas refill,Bills
925,2025-01-28,13.55,Starbucks Coffee,Starbucks Coffee - Course fee,Shopping
926,2025-08-04,70.98,Waterworks,Grocery shopping,Bills
927,2024-09-17,53.06,Netflix Streaming,Hotel stay,Travel
928,2024-04-15,113.88,Starbucks Coffee,Taxi ride,Food
929,2023-11-05,6.75,Waterworks,Waterworks - Gas refill,Bills
930,2024-06-19,4.73,Local High School,Grocery shopping,Education
931,2025-06-12,25.07,Lyft,Electric bill payment,Transport
932,2023-11-13,6.46,Gas Station,Hotel stay,Travel
933,2023-12-07,21.13,Uber Eats,Prescription purchase,Transport
934,2025-12-24,33.66,Sparks LLC,Sparks LLC - Flight booking,Transport
935,2024-02-17,20.66,Uber Eats,Uber Eats - Monthly subscription,Transport
936,2024-03-06,46.0,"Roberts, Carpenter and Thomas",Prescription purchase,Entertainment
937,2023-10-04,56.1,Wilson Inc,Wilson Inc - Lunch with friends,Shopping
938,2025-06-28,6.92,Shaw-Thomas,Shaw-Thomas - Taxi ride,Food
939,2023-12-04,25.4,Starbucks Coffee,Starbucks Coffee - Online purchase,Shopping
940,2026-08-22,29.28,Spotify,Course fee,Entertainment
941,2025-04-30,4.45,Local Taxi,Local Taxi - Flight booking,Entertainment
942,2024-09-28,47.57,Gas Station,Grocery shopping,Bills
943,2026-07-11,27.33,Local Taxi,Local Taxi - Lunch with friends,Entertainment
944,2024-11-04,37.19,Uber Eats,Electric bill payment,Transport
945,2024-05-30,12.32,State University,Electric bill payment,Education
946,2024-08-08,18.79,Hilton Hotels,Hilton Hotels - Lunch with friends,Travel
947,2023-10-29,48.98,CVS Pharmacy,CVS Pharmacy - Taxi ride,Health
948,2026-05-16,27.28,Mall Outlet,Electric bill payment,Bills
949,2026-07-12,19.21,Nichols Ltd,Nichols Ltd - Flight booking,Entertainment
950,2025-09-13,28.72,Lyft,Course fee,Transport
951,2024-07-31,5.53,"Mclaughlin, Vasquez and Murphy","Mclaughlin, Vasquez and Murphy - Monthly subscription",Shopping
952,2025-01-15,30.2,Benson Inc,Benson Inc - Lunch with friends,Travel
953,2024-03-30,6.38,City Hospital,City Hospital - Monthly subscription,Shopping
954,2025-04-07,5.21,Local High School,Flight booking,Education
955,2023-10-21,32.69,Local Taxi,Local Taxi - Monthly subscription,Shopping
956,2026-01-13,2.18,Local High School,Local High School - Flight booking,Education
957,2024-07-08,18.01,Crane-Dunlap,Lunch with friends,Entertainment
958,2023-12-16,32.82,Gibson-Wilson,Electric bill payment,Bills
959,2024-02-18,25.56,Ramos Inc,Ramos Inc - Flight booking,Shopping
960,2024-06-16,73.23,Walmart Supercenter,Walmart Supercenter - Lunch with friends,Shopping
961,2026-05-12,72.39,"Reynolds, Wilson and Moon",Grocery shopping,Shopping
962,2024-04-10,67.77,Electric Company,Electric Company - Prescription purchase,Bills
963,2024-07-14,5.68,Gas Station,Gas Station - Monthly subscription,Bills
964,2024-12-05,18.77,Walmart Supercenter,Walmart Supercenter - Prescription purchase,Shopping
965,2025-02-20,157.9,Corner Grocery,Corner Grocery - Taxi ride,Others
966,2024-11-02,1.53,Juarez-Hayes,Juarez-Hayes - Online purchase,Health
967,2025-02-20,19.24,Walmart Supercenter,Walmart Supercenter - Course fee,Shopping
968,2025-12-31,5.64,Electric Company,Electric Company - Grocery shopping,Bills
969,2023-09-12,12.41,CVS Pharmacy,CVS Pharmacy - Flight booking,Health
970,2025-06-04,1.3,Mall Outlet,Taxi ride,Others
971,2025-06-23,5.91,City Hospital,City Hospital - Taxi ride,Entertainment
972,2023-09-01,4.41,Marquez-Davis,Flight booking,Shopping
973,2025-12-03,80.44,Waterworks,Gas refill,Bills
974,2026-05-21,12.34,Robinson-Warner,Robinson-Warner - Course fee,Travel
975,2026-01-18,111.58,Lyft,Lyft - Grocery shopping,Transport
976,2024-04-11,58.2,Davidson and Sons,Online purchase,Travel
977,2024-01-17,15.82,Local Taxi,Local Taxi - Electric bill payment,Bills
978,2025-05-28,1.43,Mall Outlet,Mall Outlet - Flight booking,Health
979,2026-05-18,18.28,Walker-Fitzpatrick,Walker-Fitzpatrick - Hotel stay,Travel
980,2024-04-23,50.95,Amazon Marketplace,Electric bill payment,Shopping
981,2024-12-12,8.18,Delta Airlines,Delta Airlines - Monthly subscription,Travel
982,2024-03-23,58.29,Amazon Marketplace,Gas refill,Shopping
983,2024-02-06,37.24,Wilson PLC,Wilson PLC - Lunch with friends,Entertainment
984,2026-05-17,37.05,City Hospital,City Hospital - Taxi ride,Others
985,2025-04-15,70.34,Joe's Pizza,Joe's Pizza - Lunch with friends,Food
986,2025-11-08,6.49,Netflix Streaming,Course fee,Entertainment
987,2025-01-01,16.62,Valdez PLC,Valdez PLC - Grocery shopping,Education
988,2024-02-29,10.3,Joe's Pizza,Joe's Pizza - Prescription purchase,Food
989,2025-02-03,15.75,Gas Station,Gas Station - Lunch with friends,Bills
990,2024-04-19,1.75,Hilton Hotels,Grocery shopping,Travel
991,2024-04-02,21.01,Amazon Marketplace,Amazon Marketplace - Taxi ride,Shopping
992,2025-01-09,120.55,Local High School,Local High School - Grocery shopping,Education
993,2026-03-25,30.63,Starbucks Coffee,Starbucks Coffee - Gas refill,Bills
994,2024-06-15,2.75,City Hospital,Grocery shopping,Food
995,2024-04-23,25.2,Netflix Streaming,Netflix Streaming - Taxi ride,Entertainment
996,2026-03-04,6.34,Martinez-Campbell,Martinez-Campbell - Course fee,Education
997,2026-05-31,78.31,Electric Company,Flight booking,Bills
998,2024-01-02,43.05,Waterworks,Online purchase,Bills
999,2024-07-15,23.76,"Bennett, Clark and Martin",Lunch with friends,Others
1000,2023-10-23,34.6,Willis Ltd,Willis Ltd - Prescription purchase,Others
1001,2023-12-17,85.86,"Robinson, Jones and Salinas","Robinson, Jones and Salinas - Electric bill payment",Bills
1002,2024-02-10,11.42,Electric Company,Gas refill,Bills
1003,2025-12-30,18.22,Spotify,Spotify - Monthly subscription,Entertainment
1004,2026-06-10,15.53,City Hospital,City Hospital - Gas refill,Bills
1005,2026-08-17,1.13,Waterworks,Hotel stay,Travel
1006,2025-07-10,110.29,Mall Outlet,Mall Outlet - Course fee,Transport
1007,2025-06-07,1.16,Local High School,Local High School - Taxi ride,Education
1008,2026-06-05,19.88,Freeman and Sons,Freeman and Sons - Hotel stay,Travel
1009,2026-05-15,9.42,Delta Airlines,Online purchase,Travel
1010,2024-07-12,31.87,Dyer LLC,Dyer LLC - Flight booking,Food
1011,2025-08-26,1.32,Starbucks Coffee,Flight booking,Others
1012,2024-07-26,29.18,"Stanley, Davis and Castaneda",Lunch with friends,Utilities
1013,2025-05-05,4.39,Corner Grocery,Corner Grocery - Grocery shopping,Education
1014,2025-04-01,25.79,Sparks PLC,Sparks PLC - Online purchase,Food
1015,2026-05-06,1.44,CVS Pharmacy,Lunch with friends,Health
1016,2024-01-13,12.44,Benton-Edwards,Online purchase,Food
1017,2025-01-23,161.24,Andrade Group,Andrade Group - Prescription purchase,Others
1018,2024-10-30,55.48,City Hospital,City Hospital - Prescription purchase,Bills
1019,2024-10-01,16.07,Starbucks Coffee,Starbucks Coffee - Hotel stay,Travel
1020,2025-10-26,85.95,Netflix Streaming,Netflix Streaming - Course fee,Entertainment
1021,2025-01-09,60.69,Corner Grocery,Flight booking,Education
1022,2025-07-12,5.97,"Smith, Kemp and Branch","Smith, Kemp and Branch - Online purchase",Travel
1023,2025-01-20,58.95,City Hospital,City Hospital - Course fee,Others
1024,2025-09-01,91.46,"Smith, Welch and Moses",Flight booking,Shopping
1025,2024-01-21,29.16,Lyft,Lyft - Gas refill,Transport
1026,2026-05-10,33.03,Walmart Supercenter,Flight booking,Shopping
1027,2023-12-22,52.08,Gas Station,Gas Station - Flight booking,Bills
1028,2023-10-27,12.5,Waterworks,Gas refill,Bills
1029,2026-08-26,67.51,Netflix Streaming,Netflix Streaming - Flight booking,Entertainment
1030,2024-06-21,44.59,Rivas-Herman,Rivas-Herman - Lunch with friends,Shopping
1031,2024-09-24,52.83,Delta Airlines,Delta Airlines - Electric bill payment,Travel
1032,2025-04-29,46.67,Lucero Ltd,Lucero Ltd - Online purchase,Utilities
1033,2026-08-27,32.72,Joe's Pizza,Joe's Pizza - Course fee,Food
1034,2023-09-05,56.93,Lyft,Lyft - Online purchase,Transport
1035,2026-01-02,6.4,"Evans, Brown and Warren","Evans, Brown and Warren - Taxi ride",Others
1036,2026-05-23,11.1,Bowman-Garcia,Bowman-Garcia - Flight booking,Health
1037,2025-05-01,17.11,Mall Outlet,Mall Outlet - Online purchase,Bills
1038,2023-12-16,49.53,Corner Grocery,Electric bill payment,Bills
1039,2024-02-29,1.63,Lyft,Lyft - Online purchase,Transport
1040,2025-05-02,50.0,CVS Pharmacy,Hotel stay,Travel
1041,2026-08-17,24.05,Guerra LLC,Gas refill,Bills
1042,2025-04-12,87.47,Hall-Huff,Hall-Huff - Lunch with friends,Shopping
1043,2025-07-15,3.51,Joe's Pizza,Joe's Pizza - Course fee,Food
1044,2024-06-12,59.73,City Hospital,City Hospital - Monthly subscription,Shopping
1045,2026-07-18,65.65,Amazon Marketplace,Amazon Marketplace - Prescription purchase,Shopping
1046,2026-07-09,80.82,Waterworks,Grocery shopping,Bills
1047,2025-02-15,14.01,Williams Ltd,Williams Ltd - Monthly subscription,Food
1048,2026-07-05,35.7,Cox and Sons,Cox and Sons - Prescription purchase,Entertainment
1049,2024-06-06,53.53,Waterworks,Waterworks - Lunch with friends,Bills
1050,2026-08-20,29.95,Netflix Streaming,Netflix Streaming - Electric bill payment,Entertainment
1051,2024-12-18,4.85,Mall Outlet,Gas refill,Bills
1052,2024-10-10,3.22,Lyft,Online purchase,Transport
1053,2024-09-26,50.49,Mall Outlet,Mall Outlet - Grocery shopping,Entertainment
1054,2024-05-28,19.72,City Hospital,City Hospital - Taxi ride,Education
1055,2025-05-11,14.55,Local High School,Local High School - Monthly subscription,Education
1056,2024-09-11,38.36,Spotify,Spotify - Online purchase,Entertainment
1057,2025-07-24,26.48,"Mason, Sullivan and Barnett","Mason, Sullivan and Barnett - Taxi ride",Transport
1058,2024-11-13,1.95,Gas Station,Lunch with friends,Bills
1059,2024-11-17,3.56,Electric Company,Electric Company - Gas refill,Bills
1060,2024-07-07,46.96,Delta Airlines,Monthly subscription,Travel
1061,2024-03-17,24.12,Wilson-Castillo,Wilson-Castillo - Taxi ride,Health
1062,2024-06-18,35.43,"Larson, Madden and Rodriguez","Larson, Madden and Rodriguez - Grocery shopping",Shopping
1063,2024-06-18,88.39,Hilton Hotels,Hilton Hotels - Electric bill payment,Travel
1064,2024-04-28,32.35,Rhodes and Sons,Rhodes and Sons - Electric bill payment,Bills
1065,2025-01-31,150.8,Electric Company,Grocery shopping,Bills
1066,2024-04-27,63.14,Rowland-Taylor,Rowland-Taylor - Gas refill,Bills
1067,2024-05-02,19.92,Waller Inc,Waller Inc - Gas refill,Bills
1068,2024-08-24,1.12,"Robinson, Robinson and Thompson",Gas refill,Bills
1069,2023-09-09,15.96,Mall Outlet,Grocery shopping,Food
1070,2025-06-02,78.48,Amazon Marketplace,Lunch with friends,Shopping
1071,2026-05-18,30.24,Barron-Murphy,Barron-Murphy - Online purchase,Shopping
1072,2025-01-21,14.85,Electric Company,Electric Company - Online purchase,Bills
1073,2024-10-13,81.08,CVS Pharmacy,CVS Pharmacy - Grocery shopping,Health
1074,2023-11-05,17.21,Corner Grocery,Taxi ride,Utilities
1075,2024-11-19,77.67,Mall Outlet,Mall Outlet - Gas refill,Bills
1076,2024-11-23,42.71,Poole and Sons,Prescription purchase,Education
1077,2026-08-23,44.28,Starbucks Coffee,Starbucks Coffee - Electric bill payment,Bills
1078,2025-01-03,2.19,CVS Pharmacy,CVS Pharmacy - Electric bill payment,Health
1079,2026-04-22,69.45,City Hospital,Flight booking,Travel
1080,2024-09-25,6.73,Walmart Supercenter,Walmart Supercenter - Gas refill,Shopping
1081,2026-05-19,4.48,Delta Airlines,Delta Airlines - Electric bill payment,Travel
1082,2025-03-11,101.0,Lopez LLC,Gas refill,Bills
1083,2024-11-16,52.36,Martin and Sons,Hotel stay,Travel
1084,2026-03-15,30.48,Spotify,Spotify - Hotel stay,Travel
1085,2025-12-11,18.04,Hilton Hotels,Lunch with friends,Travel
1086,2025-11-03,46.99,Lyft,Lyft - Prescription purchase,Transport
1087,2025-05-04,96.06,Electric Company,Electric Company - Monthly subscription,Bills
1088,2025-05-05,61.99,Wang Group,Wang Group - Online purchase,Health
1089,2025-10-07,7.1,"Richardson, Hernandez and Wood","Richardson, Hernandez and Wood - Gas refill",Bills
1090,2026-04-16,57.1,"Adams, Mathis and Harrison",Online purchase,Utilities
1091,2026-08-22,24.85,Walmart Supercenter,Walmart Supercenter - Monthly subscription,Shopping
1092,2024-10-31,57.12,Walmart Supercenter,Prescription purchase,Shopping
1093,2023-10-26,72.9,"Rice, Smith and Harrell",Monthly subscription,Utilities
1094,2025-02-20,44.63,Starbucks Coffee,Electric bill payment,Bills
1095,2026-02-01,52.65,Uber Eats,Uber Eats - Electric bill payment,Transport
1096,2025-02-13,52.4,Roberts-Krueger,Roberts-Krueger - Prescription purchase,Education
1097,2024-03-10,15.47,Mall Outlet,Mall Outlet - Lunch with friends,Entertainment
1098,2024-09-30,117.07,Local High School,Local High School - Course fee,Education
1099,2026-07-10,61.35,State University,Flight booking,Education
1100,2023-11-04,3.45,Local High School,Local High School - Monthly subscription,Education
1101,2024-03-07,67.92,Uber Eats,Uber Eats - Monthly subscription,Transport
1102,2024-01-08,81.4,Spotify,Lunch with friends,Entertainment
1103,2025-06-01,30.29,Hilton Hotels,Online purchase,Travel
1104,2024-07-23,1.29,Walmart Supercenter,Walmart Supercenter - Course fee,Shopping
1105,2025-10-07,131.03,Burgess and Sons,Burgess and Sons - Grocery shopping,Travel
1106,2024-07-19,6.24,State University,Flight booking,Education
1107,2024-10-08,35.21,Local Taxi,Local Taxi - Monthly subscription,Travel
1108,2025-01-19,6.6,Joe's Pizza,Joe's Pizza - Monthly subscription,Food
1109,2025-07-27,41.67,Local Taxi,Local Taxi - Flight booking,Bills
1110,2024-09-15,121.39,Hilton Hotels,Online purchase,Travel
1111,2026-08-16,14.92,CVS Pharmacy,CVS Pharmacy - Prescription purchase,Health
1112,2026-01-02,5.58,Amazon Marketplace,Flight booking,Shopping
1113,2025-09-02,34.54,Local High School,Flight booking,Education
1114,2024-06-11,110.09,Corner Grocery,Grocery shopping,Transport
1115,2026-03-05,6.41,Joe's Pizza,Course fee,Food
1116,2024-12-12,42.66,Local High School,Local High School - Online purchase,Education
1117,2026-05-29,39.28,Villa LLC,Villa LLC - Grocery shopping,Bills
1118,2025-03-29,10.04,"Bradley, Freeman and Chapman",Gas refill,Bills
1119,2024-10-18,37.15,Delta Airlines,Online purchase,Travel
1120,2025-01-28,3.49,Gas Station,Gas Station - Electric bill payment,Bills
1121,2024-06-30,10.96,Netflix Streaming,Monthly subscription,Entertainment
1122,2024-12-06,44.7,CVS Pharmacy,Hotel stay,Travel
1123,2024-02-12,18.1,Harding and Sons,Harding and Sons - Electric bill payment,Bills
1124,2024-08-17,22.7,Calderon-Weber,Calderon-Weber - Course fee,Travel
1125,2024-05-07,73.01,Spotify,Spotify - Gas refill,Entertainment
1126,2026-07-10,3.33,Corner Grocery,Corner Grocery - Flight booking,Others
1127,2026-08-21,3.63,"Richardson, Steele and Mendez","Richardson, Steele and Mendez - Monthly subscription",Shopping
1128,2025-11-12,27.07,Amazon Marketplace,Amazon Marketplace - Hotel stay,Travel
1129,2026-02-21,8.02,Cunningham Inc,Cunningham Inc - Hotel stay,Travel
1130,2025-12-27,95.31,Walmart Supercenter,Monthly subscription,Shopping
1131,2025-04-09,87.44,Miller-Decker,Hotel stay,Travel
1132,2025-12-19,1.96,Netflix Streaming,Electric bill payment,Entertainment
1133,2024-02-28,12.48,Corner Grocery,Online purchase,Bills
1134,2026-02-27,92.43,Joe's Pizza,Hotel stay,Food
1135,2024-01-16,24.11,Netflix Streaming,Netflix Streaming - Flight booking,Entertainment
1136,2025-04-01,58.63,Gas Station,Hotel stay,Travel
1137,2023-10-31,25.18,Joe's Pizza,Flight booking,Food
1138,2025-10-17,8.54,Corner Grocery,Flight booking,Food
1139,2025-04-27,6.71,Mall Outlet,Grocery shopping,Transport
1140,2026-01-16,36.35,State University,State University - Online purchase,Education
1141,2025-11-03,35.65,Local Taxi,Lunch with friends,Shopping
1142,2026-07-15,82.92,Spotify,Spotify - Monthly subscription,Entertainment
1143,2025-04-04,29.72,"Anderson, Douglas and Perkins","Anderson, Douglas and Perkins - Online purchase",Transport
1144,2026-02-01,8.25,Delta Airlines,Monthly subscription,Travel
1145,2025-12-18,13.03,Delta Airlines,Delta Airlines - Electric bill payment,Travel
1146,2025-12-06,3.65,Joe's Pizza,Joe's Pizza - Monthly subscription,Food
1147,2025-02-10,35.35,City Hospital,City Hospital - Lunch with friends,Bills
1148,2025-03-18,10.83,CVS Pharmacy,CVS Pharmacy - Grocery shopping,Health
1149,2025-07-08,13.9,Amazon Marketplace,Amazon Marketplace - Taxi ride,Shopping
1150,2023-10-20,52.88,Sims PLC,Grocery shopping,Utilities
1151,2023-11-29,63.83,Mall Outlet,Flight booking,Transport
1152,2025-10-25,11.12,Netflix Streaming,Netflix Streaming - Online purchase,Entertainment
1153,2024-10-23,11.58,Netflix Streaming,Netflix Streaming - Hotel stay,Travel
1154,2025-10-26,5.48,Oconnor-Romero,Oconnor-Romero - Grocery shopping,Education
1155,2026-02-24,6.58,Corner Grocery,Corner Grocery - Online purchase,Health
1156,2025-09-04,36.13,"Brooks, Harper and Sharp",Lunch with friends,Shopping
1157,2023-09-07,18.21,Uber Eats,Uber Eats - Lunch with friends,Transport
1158,2026-02-15,88.27,Delta Airlines,Delta Airlines - Taxi ride,Travel
1159,2024-12-13,12.57,"Weaver, Moore and Lopez","Weaver, Moore and Lopez - Lunch with friends",Bills
1160,2024-02-06,5.93,Ellis-Holmes,Taxi ride,Shopping
1161,2026-08-21,19.1,Joe's Pizza,Joe's Pizza - Taxi ride,Food
1162,2024-05-24,56.36,Joe's Pizza,Joe's Pizza - Online purchase,Food
1163,2026-07-02,5.03,"Carter, Parker and Brown","Carter, Parker and Brown - Hotel stay",Travel
1164,2025-08-21,11.28,Mccormick-Stewart,Online purchase,Transport
1165,2023-09-30,3.2,"Daniels, Swanson and Ross","Daniels, Swanson and Ross - Lunch with friends",Others
1166,2025-11-13,7.98,"Johnson, Mullen and Miller",Online purchase,Others
1167,2025-03-26,165.53,Local Taxi,Local Taxi - Taxi ride,Entertainment
1168,2026-02-25,42.23,Uber Eats,Uber Eats - Electric bill payment,Transport
1169,2026-06-16,39.76,"Spears, Cruz and Murray","Spears, Cruz and Murray - Prescription purchase",Transport
1170,2026-04-29,51.3,"Simmons, Jones and Walker","Simmons, Jones and Walker - Taxi ride",Health
1171,2026-04-25,33.64,Hurst-Smith,Hurst-Smith - Electric bill payment,Bills
1172,2024-11-30,91.1,Yang PLC,Yang PLC - Monthly subscription,Travel
1173,2024-01-28,32.09,Spotify,Course fee,Entertainment
1174,2025-11-21,19.43,Corner Grocery,Corner Grocery - Flight booking,Travel
1175,2025-05-17,44.73,CVS Pharmacy,Online purchase,Health
1176,2025-11-14,105.84,Local Taxi,Local Taxi - Electric bill payment,Bills
1177,2026-06-29,62.98,Allen PLC,Allen PLC - Taxi ride,Bills
1178,2024-08-15,10.48,Gas Station,Hotel stay,Travel
1179,2026-04-10,7.59,State University,State University - Online purchase,Education
1180,2024-03-16,31.52,State University,State University - Prescription purchase,Education
1181,2025-06-27,94.46,Johnson Group,Johnson Group - Electric bill payment,Bills
1182,2024-07-08,22.56,Gas Station,Grocery shopping,Bills
1183,2026-01-13,46.18,Hill and Sons,Hill and Sons - Grocery shopping,Travel
1184,2025-12-11,12.2,Gas Station,Gas Station - Course fee,Bills
1185,2024-08-06,18.19,Cain Group,Cain Group - Grocery shopping,Health
1186,2025-01-23,72.0,Miller-Perkins,Online purchase,Food
1187,2024-12-09,88.02,Gas Station,Lunch with friends,Bills
1188,2025-12-18,48.53,Lyft,Lyft - Grocery shopping,Transport
1189,2023-12-26,22.32,Local Taxi,Local Taxi - Online purchase,Entertainment
1190,2023-09-26,33.66,CVS Pharmacy,CVS Pharmacy - Taxi ride,Health
1191,2023-11-15,44.41,"Martin, Diaz and Wilkinson","Martin, Diaz and Wilkinson - Course fee",Bills
1192,2025-05-23,23.78,Berry-Buckley,Berry-Buckley - Grocery shopping,Utilities
1193,2025-01-18,103.51,Electric Company,Electric bill payment,Bills
1194,2026-06-09,63.23,Netflix Streaming,Electric bill payment,Entertainment
1195,2024-09-03,12.16,Cooper Ltd,Flight booking,Education
1196,2024-06-21,41.84,Corner Grocery,Corner Grocery - Hotel stay,Travel
1197,2024-05-19,41.1,"Robinson, Adams and Wagner",Taxi ride,Travel
1198,2026-05-29,3.74,Lyft,Hotel stay,Transport
1199,2024-11-01,1.37,Corner Grocery,Flight booking,Health
1200,2024-07-27,11.62,City Hospital,City Hospital - Online purchase,Health
1201,2024-08-16,30.87,Delta Airlines,Hotel stay,Travel
1202,2025-09-08,62.65,Lyft,Hotel stay,Transport
1203,2025-07-03,31.33,"Robinson, Alexander and Jackson",Lunch with friends,Bills
1204,2026-08-13,52.15,Jones-Guzman,Jones-Guzman - Grocery shopping,Entertainment
1205,2023-10-30,36.51,State University,State University - Online purchase,Education
1206,2024-06-08,15.11,Walmart Supercenter,Walmart Supercenter - Taxi ride,Shopping
1207,2024-08-16,3.19,Delta Airlines,Electric bill payment,Travel
1208,2024-11-26,3.25,Henderson-Williams,Henderson-Williams - Online purchase,Utilities
1209,2025-11-24,19.76,Joe's Pizza,Joe's Pizza - Online purchase,Food
1210,2025-09-14,49.7,Netflix Streaming,Netflix Streaming - Prescription purchase,Entertainment
1211,2024-12-12,1.07,Stewart-Taylor,Stewart-Taylor - Flight booking,Food
1212,2023-10-14,26.58,Corner Grocery,Corner Grocery - Electric bill payment,Bills
1213,2025-08-22,164.78,Local Taxi,Local Taxi - Flight booking,Travel
1214,2024-06-04,54.55,Electric Company,Electric Company - Flight booking,Bills
1215,2025-07-29,25.27,Gas Station,Gas Station - Online purchase,Bills
1216,2026-06-23,24.63,Wilson-Caldwell,Wilson-Caldwell - Course fee,Utilities
1217,2025-09-27,11.21,Davenport-Garcia,Davenport-Garcia - Grocery shopping,Food
1218,2026-01-19,27.94,Archer PLC,Archer PLC - Grocery shopping,Shopping
1219,2026-06-04,34.51,Gas Station,Gas Station - Flight booking,Bills
1220,2025-10-23,1.76,Starbucks Coffee,Electric bill payment,Bills
1221,2026-01-15,67.18,Carpenter-Trevino,Carpenter-Trevino - Lunch with friends,Entertainment
1222,2024-11-03,39.27,Spotify,Gas refill,Entertainment
1223,2026-05-24,9.59,Netflix Streaming,Netflix Streaming - Taxi ride,Entertainment
1224,2026-08-21,9.91,Scott-Harris,Prescription purchase,Travel
1225,2024-11-13,3.3,Waterworks,Waterworks - Monthly subscription,Bills
1226,2024-08-22,80.77,"Morris, Ross and Moore","Morris, Ross and Moore - Gas refill",Bills
1227,2024-10-15,20.03,Walmart Supercenter,Walmart Supercenter - Flight booking,Shopping
1228,2025-05-31,10.07,City Hospital,Lunch with friends,Transport
1229,2024-08-26,26.36,Uber Eats,Uber Eats - Gas refill,Transport
1230,2024-11-28,37.5,Lyft,Grocery shopping,Transport
1231,2024-02-16,7.81,Waterworks,Waterworks - Taxi ride,Bills
1232,2025-02-28,4.38,Local High School,Hotel stay,Travel
1233,2025-04-17,78.12,Lyft,Lyft - Prescription purchase,Transport
1234,2023-09-20,5.12,Amazon Marketplace,Hotel stay,Travel
1235,2024-07-01,43.3,Amazon Marketplace,Amazon Marketplace - Prescription purchase,Shopping
1236,2025-09-13,34.69,Ball and Sons,Ball and Sons - Flight booking,Others
1237,2025-12-18,28.14,Amazon Marketplace,Flight booking,Shopping
1238,2025-02-10,53.79,Walmart Supercenter,Walmart Supercenter - Electric bill payment,Shopping
1239,2026-05-30,3.97,Netflix Streaming,Netflix Streaming - Electric bill payment,Entertainment
1240,2026-04-30,19.48,Uber Eats,Uber Eats - Flight booking,Transport
1241,2026-03-08,30.35,CVS Pharmacy,Gas refill,Health
1242,2026-06-20,65.05,Carter-Sandoval,Carter-Sandoval - Electric bill payment,Bills
1243,2025-03-09,3.67,"Faulkner, Camacho and Turner",Hotel stay,Travel
1244,2024-03-16,13.46,Houston PLC,Monthly subscription,Food
1245,2024-11-24,2.79,"Donovan, Erickson and Houston","Donovan, Erickson and Houston - Taxi ride",Shopping
1246,2026-04-13,29.36,"Horne, Wright and Cameron","Horne, Wright and Cameron - Monthly subscription",Bills
1247,2024-10-13,13.85,Hilton Hotels,Hotel stay,Travel
1248,2026-06-15,20.08,Spotify,Flight booking,Entertainment
1249,2026-08-29,27.14,Simpson-Nguyen,Course fee,Food
1250,2024-08-15,37.71,State University,State University - Taxi ride,Education
1251,2026-02-07,8.46,Spotify,Spotify - Course fee,Entertainment
1252,2026-07-10,76.2,Local Taxi,Local Taxi - Taxi ride,Travel
1253,2024-08-01,9.32,Perez and Sons,Taxi ride,Shopping
1254,2023-10-03,18.53,Gas Station,Gas Station - Gas refill,Bills
1255,2024-10-13,21.35,Golden and Sons,Golden and Sons - Gas refill,Bills
1256,2024-02-12,10.56,Electric Company,Grocery shopping,Bills
1257,2023-10-18,30.02,"Simpson, Smith and Graves","Simpson, Smith and Graves - Gas refill",Bills
1258,2024-08-24,22.95,Electric Company,Electric Company - Taxi ride,Bills
1259,2025-02-27,3.51,Walmart Supercenter,Electric bill payment,Shopping
1260,2025-09-24,8.46,"Thomas, Reynolds and Hall","Thomas, Reynolds and Hall - Monthly subscription",Transport
1261,2024-10-12,7.58,Delta Airlines,Delta Airlines - Electric bill payment,Travel
1262,2024-12-04,13.53,Joe's Pizza,Joe's Pizza - Prescription purchase,Food
1263,2026-07-12,58.74,Uber Eats,Electric bill payment,Transport
1264,2024-11-21,25.9,Netflix Streaming,Course fee,Entertainment
1265,2026-08-21,17.18,Walmart Supercenter,Walmart Supercenter - Grocery shopping,Shopping
1266,2024-09-29,31.54,Electric Company,Electric Company - Taxi ride,Bills
1267,2024-12-03,12.33,Miller Group,Miller Group - Grocery shopping,Food
1268,2025-08-18,8.79,Lyft,Grocery shopping,Transport
1269,2024-07-02,27.48,Waterworks,Flight booking,Bills
1270,2024-01-18,21.7,Waterworks,Waterworks - Gas refill,Bills
1271,2025-10-04,16.73,State University,State University - Online purchase,Education
1272,2024-08-29,13.73,Lyft,Lyft - Electric bill payment,Transport
1273,2025-09-20,6.46,Local High School,Local High School - Monthly subscription,Education
1274,2025-11-22,45.2,Amazon Marketplace,Amazon Marketplace - Taxi ride,Shopping
1275,2026-08-04,8.58,Mall Outlet,Mall Outlet - Online purchase,Health
1276,2024-12-25,27.12,Starbucks Coffee,Starbucks Coffee - Prescription purchase,Food
1277,2024-12-07,42.36,Lyft,Lyft - Hotel stay,Transport
1278,2023-09-29,7.44,Hoffman and Sons,Hoffman and Sons - Course fee,Bills
1279,2024-05-30,8.19,State University,State University - Flight booking,Education
1280,2025-08-18,5.33,Corner Grocery,Corner Grocery - Taxi ride,Travel
1281,2024-12-10,30.55,Marshall LLC,Flight booking,Others
1282,2025-10-15,7.46,Delta Airlines,Delta Airlines - Grocery shopping,Travel
1283,2024-10-19,16.37,City Hospital,City Hospital - Gas refill,Bills
1284,2026-05-24,19.07,Corner Grocery,Online purchase,Shopping
1285,2025-01-25,15.66,"Bowen, Ferguson and Adams","Bowen, Ferguson and Adams - Taxi ride",Shopping
1286,2025-10-03,39.88,Spotify,Spotify - Gas refill,Entertainment
1287,2024-04-03,14.21,Delta Airlines,Delta Airlines - Hotel stay,Travel
1288,2025-10-25,33.72,Gas Station,Gas Station - Taxi ride,Bills
1289,2024-08-02,11.25,Davis Inc,Davis Inc - Taxi ride,Entertainment
1290,2025-05-05,3.04,Electric Company,Lunch with friends,Bills
1291,2025-11-22,15.23,Miller Inc,Miller Inc - Course fee,Others
1292,2026-03-23,29.66,Lyft,Lyft - Prescription purchase,Transport
1293,2025-09-04,12.31,Davis Inc,Davis Inc - Lunch with friends,Travel
1294,2024-01-10,3.89,State University,Hotel stay,Travel
1295,2024-10-31,51.7,City Hospital,City Hospital - Prescription purchase,Bills
1296,2025-05-03,41.51,Hilton Hotels,Hilton Hotels - Course fee,Travel
1297,2025-12-16,54.8,"Taylor, Gomez and Beard",Hotel stay,Travel
1298,2025-04-16,59.01,Lyft,Lyft - Prescription purchase,Transport
1299,2026-07-16,26.7,Delta Airlines,Delta Airlines - Taxi ride,Travel
1300,2025-07-14,19.44,Joe's Pizza,Course fee,Food
1301,2026-02-08,8.42,City Hospital,Course fee,Bills
1302,2026-02-14,51.08,Evans LLC,Evans LLC - Monthly subscription,Health
1303,2024-02-18,42.43,Pruitt-Moore,Lunch with friends,Shopping
1304,2026-05-31,34.68,State University,Taxi ride,Education
1305,2025-03-04,33.14,Local Taxi,Local Taxi - Lunch with friends,Others
1306,2025-10-05,177.6,Allen-Perez,Flight booking,Health
1307,2026-07-10,17.37,Waterworks,Waterworks - Flight booking,Bills
1308,2025-09-22,3.85,Waterworks,Waterworks - Prescription purchase,Bills
1309,2024-04-20,85.23,Dillon-Mack,Dillon-Mack - Prescription purchase,Food
1310,2024-01-09,19.13,Gas Station,Gas Station - Online purchase,Bills
1311,2026-06-07,33.64,Local High School,Online purchase,Education
1312,2023-10-07,6.6,Corner Grocery,Corner Grocery - Flight booking,Entertainment
1313,2023-11-04,38.17,Rice PLC,Lunch with friends,Travel
1314,2024-09-07,61.23,Gas Station,Gas Station - Taxi ride,Bills
1315,2025-10-05,36.02,Stokes-Bryan,Stokes-Bryan - Online purchase,Food
1316,2024-06-26,5.81,Mall Outlet,Mall Outlet - Grocery shopping,Travel
1317,2026-02-08,35.81,State University,State University - Course fee,Education
1318,2025-08-27,58.2,Uber Eats,Uber Eats - Monthly subscription,Transport
1319,2024-10-04,3.2,Howard and Sons,Course fee,Education
1320,2024-01-29,5.35,Local Taxi,Gas refill,Bills
1321,2025-06-16,20.12,Corner Grocery,Corner Grocery - Lunch with friends,Health
1322,2025-02-15,72.11,"Mitchell, Burch and Ruiz",Online purchase,Travel
1323,2023-12-01,40.18,Austin LLC,Austin LLC - Grocery shopping,Shopping
1324,2024-02-18,48.92,"Johnson, Lee and Stephenson","Johnson, Lee and Stephenson - Gas refill",Bills
1325,2026-03-30,69.66,CVS Pharmacy,CVS Pharmacy - Gas refill,Health
1326,2024-11-15,17.76,Amazon Marketplace,Amazon Marketplace - Flight booking,Shopping
1327,2026-03-30,24.5,Corner Grocery,Corner Grocery - Electric bill payment,Bills
1328,2025-12-31,47.99,Corner Grocery,Lunch with friends,Utilities
1329,2025-08-25,14.2,"Bruce, Gamble and Gordon","Bruce, Gamble and Gordon - Prescription purchase",Bills
1330,2025-03-04,38.15,Gas Station,Hotel stay,Travel
1331,2025-11-02,58.06,Local Taxi,Local Taxi - Hotel stay,Travel
1332,2024-08-10,17.33,Simpson Inc,Prescription purchase,Transport
1333,2024-01-22,27.29,Walmart Supercenter,Walmart Supercenter - Lunch with friends,Shopping
1334,2025-07-09,12.75,Electric Company,Prescription purchase,Bills
1335,2026-08-06,32.39,Lyft,Electric bill payment,Transport
1336,2024-06-16,7.3,Lyft,Lyft - Prescription purchase,Transport
1337,2025-08-18,19.93,Local High School,Local High School - Electric bill payment,Education
1338,2025-01-09,32.0,Gay-Johnson,Electric bill payment,Bills
1339,2024-02-17,49.24,Starbucks Coffee,Starbucks Coffee - Grocery shopping,Food
1340,2024-12-27,15.17,Corner Grocery,Corner Grocery - Hotel stay,Travel
1341,2025-03-01,18.62,Tapia Ltd,Tapia Ltd - Hotel stay,Travel
1342,2026-07-05,30.77,Walmart Supercenter,Lunch with friends,Shopping
1343,2024-06-14,50.67,Mall Outlet,Mall Outlet - Electric bill payment,Bills
1344,2025-12-24,4.25,Spotify,Spotify - Electric bill payment,Entertainment
1345,2025-01-16,3.03,Lyft,Lyft - Flight booking,Transport
1346,2024-05-19,7.88,Walmart Supercenter,Hotel stay,Travel
1347,2025-11-01,19.82,Gas Station,Gas Station - Grocery shopping,Bills
1348,2024-06-09,3.64,Beasley-Bowman,Beasley-Bowman - Gas refill,Bills
1349,2025-11-25,17.18,Netflix Streaming,Netflix Streaming - Monthly subscription,Entertainment
1350,2026-01-28,2.84,Hilton Hotels,Hilton Hotels - Flight booking,Travel
1351,2023-11-05,6.2,Spotify,Flight booking,Entertainment
1352,2025-07-08,37.25,Netflix Streaming,Netflix Streaming - Hotel stay,Travel
1353,2025-08-25,22.61,Rubio-Gardner,Grocery shopping,Others
1354,2025-09-19,24.9,Wilson and Sons,Wilson and Sons - Grocery shopping,Shopping
1355,2023-10-24,4.88,Spotify,Spotify - Gas refill,Entertainment
1356,2023-12-01,43.81,Brown Group,Grocery shopping,Education
1357,2025-01-13,25.93,Cooper-Peterson,Online purchase,Travel
1358,2025-12-15,130.75,Netflix Streaming,Netflix Streaming - Online purchase,Entertainment
1359,2025-12-17,54.16,Amazon Marketplace,Amazon Marketplace - Lunch with friends,Shopping
1360,2024-08-01,14.73,Joe's Pizza,Joe's Pizza - Flight booking,Food
1361,2024-04-23,60.5,Benjamin Ltd,Benjamin Ltd - Flight booking,Shopping
1362,2025-02-17,36.81,Joe's Pizza,Prescription purchase,Food
1363,2026-06-11,39.74,Anderson and Sons,Anderson and Sons - Course fee,Utilities
1364,2026-08-04,20.93,"Sullivan, Luna and Campos",Taxi ride,Shopping
1365,2025-03-20,68.62,Ortiz-Hancock,Ortiz-Hancock - Course fee,Shopping
1366,2024-02-10,19.09,Baird-Lopez,Baird-Lopez - Electric bill payment,Bills
1367,2025-02-14,35.72,Starbucks Coffee,Starbucks Coffee - Taxi ride,Others
1368,2025-01-16,67.27,CVS Pharmacy,CVS Pharmacy - Course fee,Health
1369,2023-09-07,8.05,Lyft,Gas refill,Transport
1370,2023-11-02,22.57,Waterworks,Waterworks - Flight booking,Bills
1371,2025-02-05,20.65,Miller-Larsen,Miller-Larsen - Lunch with friends,Education
1372,2025-08-24,13.47,Mall Outlet,Mall Outlet - Grocery shopping,Utilities
1373,2023-09-27,28.22,"Williamson, Brown and Green","Williamson, Brown and Green - Hotel stay",Travel
1374,2026-06-29,13.26,Serrano Ltd,Serrano Ltd - Monthly subscription,Food
1375,2023-08-30,2.26,"Marks, Roth and Mullen",Electric bill payment,Bills
1376,2025-08-11,46.84,Kim PLC,Kim PLC - Electric bill payment,Bills
1377,2025-06-23,21.68,Martinez PLC,Martinez PLC - Hotel stay,Travel
1378,2023-10-22,21.32,Local Taxi,Local Taxi - Gas refill,Bills
1379,2025-11-23,9.23,Jimenez PLC,Taxi ride,Travel
1380,2024-04-10,20.44,"Johnston, Martinez and Glover",Monthly subscription,Bills
1381,2026-02-15,5.8,Green-Taylor,Flight booking,Entertainment
1382,2025-08-19,33.47,Netflix Streaming,Electric bill payment,Entertainment
1383,2024-04-08,122.87,"Black, Becker and Wilkins","Black, Becker and Wilkins - Course fee",Health
1384,2025-09-29,42.44,Uber Eats,Electric bill payment,Transport
1385,2025-05-15,36.27,Williams-Bruce,Williams-Bruce - Online purchase,Others
1386,2024-02-14,14.72,Perry Inc,Perry Inc - Grocery shopping,Bills
1387,2026-02-16,12.32,Corner Grocery,Corner Grocery - Taxi ride,Shopping
1388,2024-06-15,58.59,Electric Company,Electric Company - Lunch with friends,Bills
1389,2024-10-01,53.18,"Curry, Mckinney and Lozano","Curry, Mckinney and Lozano - Prescription purchase",Utilities
1390,2024-09-02,91.61,Mall Outlet,Mall Outlet - Gas refill,Bills
1391,2024-08-12,26.2,Walmart Supercenter,Walmart Supercenter - Prescription purchase,Shopping
1392,2025-07-19,17.4,Jimenez-Fox,Lunch with friends,Health
1393,2024-02-27,26.25,Corner Grocery,Corner Grocery - Prescription purchase,Food
1394,2023-12-04,42.93,"Nguyen, Bradley and Washington",Electric bill payment,Bills
1395,2025-05-17,44.17,Hilton Hotels,Hilton Hotels - Monthly subscription,Travel
1396,2024-04-02,59.02,State University,State University - Hotel stay,Travel
1397,2024-06-19,39.12,Martin-Logan,Martin-Logan - Monthly subscription,Utilities
1398,2026-03-08,15.53,Mall Outlet,Mall Outlet - Electric bill payment,Bills
1399,2024-09-15,19.55,Mcclure-Smith,Mcclure-Smith - Course fee,Utilities
1400,2025-03-21,10.9,Waterworks,Waterworks - Lunch with friends,Bills
1401,2024-01-19,6.18,State University,State University - Lunch with friends,Education
1402,2024-05-10,42.41,State University,State University - Online purchase,Education
1403,2024-03-31,3.98,Lyft,Lyft - Monthly subscription,Transport
1404,2024-01-15,22.65,Amazon Marketplace,Amazon Marketplace - Taxi ride,Shopping
1405,2025-10-20,72.64,Lyft,Gas refill,Transport
1406,2024-11-20,24.88,Walmart Supercenter,Flight booking,Shopping
1407,2025-09-15,60.87,Delta Airlines,Delta Airlines - Monthly subscription,Travel
1408,2024-05-09,6.5,Sanchez Ltd,Grocery shopping,Food
1409,2025-06-23,19.38,Spotify,Spotify - Monthly subscription,Entertainment
1410,2024-02-20,19.59,"Carlson, Lee and Black",Monthly subscription,Utilities
1411,2026-06-18,10.45,Mall Outlet,Mall Outlet - Lunch with friends,Food
1412,2023-10-29,49.0,Garcia Group,Gas refill,Bills
1413,2025-05-01,25.13,Delta Airlines,Flight booking,Travel
1414,2026-08-28,26.87,Corner Grocery,Gas refill,Bills
1415,2024-06-10,16.46,"Beasley, James and Mcdonald","Beasley, James and Mcdonald - Taxi ride",Food
1416,2026-01-12,11.17,Uber Eats,Uber Eats - Course fee,Transport
1417,2025-12-10,13.38,Mall Outlet,Course fee,Others
1418,2025-04-05,15.81,"Ramirez, Perry and Goodman","Ramirez, Perry and Goodman - Taxi ride",Utilities
1419,2025-06-09,2.76,Netflix Streaming,Taxi ride,Entertainment
1420,2024-01-30,1.42,Waterworks,Waterworks - Flight booking,Bills
1421,2025-07-31,45.91,"Rodriguez, Owens and Pierce","Rodriguez, Owens and Pierce - Monthly subscription",Education
1422,2026-06-09,18.63,Walmart Supercenter,Grocery shopping,Shopping
1423,2026-01-02,3.86,Mall Outlet,Lunch with friends,Transport
1424,2024-07-17,6.04,Electric Company,Electric Company - Electric bill payment,Bills
1425,2023-10-22,23.84,Delta Airlines,Lunch with friends,Travel
1426,2024-09-25,44.2,Mitchell and Sons,Taxi ride,Entertainment
1427,2025-10-28,39.34,Corner Grocery,Course fee,Utilities
1428,2025-01-27,13.24,Electric Company,Taxi ride,Bills
1429,2025-02-07,39.25,Joe's Pizza,Joe's Pizza - Electric bill payment,Food
1430,2026-06-04,21.44,Mcdonald-Fisher,Taxi ride,Health
1431,2023-11-28,23.04,Uber Eats,Uber Eats - Gas refill,Transport
1432,2024-11-13,54.66,Netflix Streaming,Netflix Streaming - Online purchase,Entertainment
1433,2026-04-29,29.14,Local High School,Local High School - Electric bill payment,Education
1434,2024-01-09,4.46,Lyft,Lyft - Hotel stay,Transport
1435,2025-05-02,24.41,Starbucks Coffee,Starbucks Coffee - Monthly subscription,Utilities
1436,2024-04-17,52.51,Amazon Marketplace,Taxi ride,Shopping
1437,2025-07-08,12.65,Joe's Pizza,Prescription purchase,Food
1438,2026-03-25,33.28,Waterworks,Lunch with friends,Bills
1439,2025-10-15,35.15,Spotify,Spotify - Lunch with friends,Entertainment
1440,2025-02-08,1.48,Barnes-Johnson,Barnes-Johnson - Online purchase,Food
1441,2023-10-10,13.71,Hilton Hotels,Hilton Hotels - Course fee,Travel
1442,2024-10-30,14.53,Walmart Supercenter,Lunch with friends,Shopping
1443,2023-11-05,1.05,Mall Outlet,Mall Outlet - Flight booking,Travel
1444,2025-10-21,31.36,Starbucks Coffee,Starbucks Coffee - Monthly subscription,Transport
1445,2024-04-18,30.76,Thomas-Lane,Flight booking,Food
1446,2025-05-26,33.82,Amazon Marketplace,Amazon Marketplace - Electric bill payment,Shopping
1447,2023-10-06,12.6,Local High School,Prescription purchase,Education
1448,2024-12-03,51.46,Gas Station,Electric bill payment,Bills
1449,2024-02-28,74.26,Zamora-Goodwin,Electric bill payment,Bills
1450,2026-08-12,14.26,Delta Airlines,Hotel stay,Travel
1451,2025-02-27,109.1,City Hospital,Flight booking,Shopping
1452,2024-12-11,72.31,Uber Eats,Gas refill,Transport
1453,2023-09-06,33.4,Uber Eats,Flight booking,Transport
1454,2026-05-05,101.55,Starbucks Coffee,Starbucks Coffee - Lunch with friends,Food
1455,2025-03-31,69.1,Mccarty-Thompson,Gas refill,Bills
1456,2023-12-16,1.52,Weaver Inc,Gas refill,Bills
1457,2023-11-28,8.43,Electric Company,Electric Company - Online purchase,Bills
1458,2025-02-03,18.05,Jordan-Lawson,Jordan-Lawson - Grocery shopping,Food
1459,2024-03-30,83.67,Electric Company,Hotel stay,Travel
1460,2024-05-09,142.74,Hilton Hotels,Prescription purchase,Travel
1461,2024-05-13,13.73,Butler Group,Flight booking,Entertainment
1462,2024-11-11,2.6,Rivera-Campbell,Course fee,Food
1463,2026-06-14,30.05,Netflix Streaming,Course fee,Entertainment
1464,2025-07-27,2.8,Starbucks Coffee,Starbucks Coffee - Course fee,Education
1465,2026-05-02,68.19,Martin-Davenport,Martin-Davenport - Gas refill,Bills
1466,2024-09-10,18.54,Local High School,Prescription purchase,Education
1467,2026-03-16,53.41,"Scott, Barrett and Vaughan",Electric bill payment,Bills
1468,2024-06-17,3.21,Netflix Streaming,Netflix Streaming - Grocery shopping,Entertainment
1469,2025-11-14,4.63,Uber Eats,Uber Eats - Online purchase,Transport
1470,2026-07-26,4.74,Lyft,Lyft - Course fee,Transport
1471,2025-05-22,37.98,Mcfarland-Peters,Online purchase,Travel
1472,2026-05-18,79.78,Local Taxi,Local Taxi - Flight booking,Shopping
1473,2025-11-02,5.36,Wolf Group,Wolf Group - Gas refill,Bills
1474,2025-11-16,37.02,Uber Eats,Uber Eats - Hotel stay,Transport
1475,2024-11-08,8.63,Brown-Brown,Brown-Brown - Hotel stay,Travel
1476,2026-06-24,85.6,Netflix Streaming,Netflix Streaming - Lunch with friends,Entertainment
1477,2024-12-05,85.47,Delacruz-Johnson,Delacruz-Johnson - Monthly subscription,Utilities
1478,2024-03-15,11.23,Hilton Hotels,Hilton Hotels - Online purchase,Travel
1479,2025-11-13,23.84,"Miller, Williams and Cunningham","Miller, Williams and Cunningham - Prescription purchase",Transport
1480,2025-06-04,21.7,Walmart Supercenter,Walmart Supercenter - Prescription purchase,Shopping
1481,2026-08-18,3.41,Morgan Inc,Morgan Inc - Hotel stay,Travel
1482,2024-04-27,3.47,Hilton Hotels,Online purchase,Travel
1483,2025-02-05,3.98,Mall Outlet,Lunch with friends,Others
1484,2025-05-18,22.45,Peters Group,Peters Group - Prescription purchase,Food
1485,2024-07-10,3.72,Hilton Hotels,Monthly subscription,Travel
1486,2023-11-19,56.61,Local Taxi,Local Taxi - Gas refill,Bills
1487,2024-09-09,1.12,Electric Company,Electric Company - Electric bill payment,Bills
1488,2025-03-19,31.76,Gas Station,Taxi ride,Bills
1489,2025-12-26,3.96,Local High School,Local High School - Monthly subscription,Education
1490,2024-03-28,63.19,Fuller-Williams,Fuller-Williams - Taxi ride,Health
1491,2025-06-13,78.36,State University,Electric bill payment,Education
1492,2025-10-18,39.94,"Taylor, Anderson and Roman","Taylor, Anderson and Roman - Hotel stay",Travel
1493,2026-04-28,112.62,Electric Company,Course fee,Bills
1494,2025-04-20,1.43,City Hospital,City Hospital - Electric bill payment,Bills
1495,2025-06-28,54.07,State University,State University - Taxi ride,Education
1496,2026-04-18,67.6,Liu and Sons,Liu and Sons - Electric bill payment,Bills
1497,2026-03-15,123.17,Electric Company,Prescription purchase,Bills
1498,2024-04-04,51.77,Amazon Marketplace,Amazon Marketplace - Electric bill payment,Shopping
1499,2024-03-30,2.15,Edwards PLC,Edwards PLC - Electric bill payment,Bills
1500,2026-08-13,14.21,Hilton Hotels,Hilton Hotels - Flight booking,Travel
1501,2025-11-18,19.41,Walmart Supercenter,Walmart Supercenter - Flight booking,Shopping
1502,2023-11-20,32.92,Local Taxi,Local Taxi - Course fee,Shopping
1503,2025-12-24,6.49,Netflix Streaming,Flight booking,Entertainment
1504,2025-07-06,27.39,State University,State University - Hotel stay,Travel
1505,2025-05-31,25.17,"Bates, Ross and Jacobs","Bates, Ross and Jacobs - Grocery shopping",Bills
1506,2024-08-24,33.6,Uber Eats,Uber Eats - Online purchase,Transport
1507,2023-12-29,6.67,Wilson Ltd,Wilson Ltd - Taxi ride,Entertainment
1508,2023-11-15,5.12,Jones-Flores,Jones-Flores - Hotel stay,Travel
1509,2024-03-03,8.48,Waterworks,Flight booking,Bills
1510,2026-08-04,4.61,Starbucks Coffee,Starbucks Coffee - Taxi ride,Entertainment
1511,2026-03-22,47.51,"Arnold, Wright and Pittman",Course fee,Food
1512,2024-05-02,2.59,State University,State University - Course fee,Education
1513,2024-12-19,14.37,Waterworks,Waterworks - Prescription purchase,Bills
1514,2025-02-04,20.5,Amazon Marketplace,Amazon Marketplace - Lunch with friends,Shopping
1515,2026-07-04,16.62,"Barnett, Brooks and Herrera","Barnett, Brooks and Herrera - Lunch with friends",Food
1516,2024-09-04,88.89,Mall Outlet,Mall Outlet - Course fee,Bills
1517,2026-05-30,3.52,Lyft,Gas refill,Transport
1518,2025-11-16,7.85,Lyft,Lyft - Course fee,Transport
1519,2025-11-22,3.19,State University,State University - Online purchase,Education
1520,2025-11-28,1.6,City Hospital,City Hospital - Course fee,Travel
1521,2023-12-24,23.23,"Buckley, Meyers and Pierce",Monthly subscription,Utilities
1522,2025-02-12,6.9,Corner Grocery,Corner Grocery - Electric bill payment,Bills
1523,2024-09-06,4.1,Burns-Ramirez,Burns-Ramirez - Gas refill,Bills
1524,2025-01-19,8.03,Johnson-Marshall,Johnson-Marshall - Gas refill,Bills
1525,2023-12-28,1.46,Electric Company,Electric Company - Online purchase,Bills
1526,2024-12-14,2.81,Waterworks,Waterworks - Taxi ride,Bills
1527,2024-11-25,63.52,Caldwell-Wright,Monthly subscription,Food
1528,2023-10-23,7.95,Waterworks,Waterworks - Course fee,Bills
1529,2026-02-25,17.22,Gas Station,Gas Station - Gas refill,Bills
1530,2024-05-16,7.37,Wagner-Johnson,Prescription purchase,Education
1531,2023-10-23,46.33,Electric Company,Electric Company - Monthly subscription,Bills
1532,2023-10-29,3.75,Corner Grocery,Hotel stay,Travel
1533,2025-03-11,108.33,CVS Pharmacy,CVS Pharmacy - Electric bill payment,Health
1534,2024-06-25,26.5,Joe's Pizza,Lunch with friends,Food
1535,2024-08-31,39.02,Walmart Supercenter,Walmart Supercenter - Lunch with friends,Shopping
1536,2025-03-12,16.52,Thomas-Wright,Grocery shopping,Transport
1537,2023-09-04,1.68,Waterworks,Waterworks - Gas refill,Bills
1538,2023-09-04,41.05,Baldwin Group,Baldwin Group - Online purchase,Food
1539,2024-12-13,8.66,CVS Pharmacy,CVS Pharmacy - Course fee,Health
1540,2024-12-21,12.43,Joe's Pizza,Online purchase,Food
1541,2023-10-13,12.71,State University,State University - Prescription purchase,Education
1542,2023-12-28,178.74,Electric Company,Electric Company - Prescription purchase,Bills
1543,2024-04-14,44.98,Amazon Marketplace,Amazon Marketplace - Taxi ride,Shopping
1544,2026-08-20,23.08,Gas Station,Gas Station - Taxi ride,Bills
1545,2025-08-29,19.91,City Hospital,City Hospital - Lunch with friends,Education
1546,2025-07-14,27.06,"Carr, Morris and Harrison",Electric bill payment,Bills
1547,2025-12-28,19.59,Brooks-Wells,Gas refill,Bills
1548,2025-12-09,21.9,Uber Eats,Uber Eats - Gas refill,Transport
1549,2024-03-03,36.98,Gas Station,Gas Station - Gas refill,Bills
1550,2023-12-06,12.45,"Bryant, Dodson and Yates","Bryant, Dodson and Yates - Online purchase",Others
1551,2026-01-11,133.12,Local Taxi,Electric bill payment,Bills
1552,2026-02-03,29.85,Amazon Marketplace,Amazon Marketplace - Monthly subscription,Shopping
1553,2025-04-12,10.03,Local High School,Gas refill,Education
1554,2025-01-03,87.62,"Walker, Palmer and Gray","Walker, Palmer and Gray - Gas refill",Bills
1555,2024-10-14,18.1,Lee Group,Flight booking,Shopping
1556,2024-07-16,97.64,Amazon Marketplace,Hotel stay,Travel
1557,2024-01-26,41.51,Walmart Supercenter,Walmart Supercenter - Online purchase,Shopping
1558,2024-02-05,45.23,Williamson Ltd,Williamson Ltd - Gas refill,Bills
1559,2025-11-18,7.56,Lloyd-Fischer,Monthly subscription,Utilities
1560,2024-01-29,60.69,Stevenson-Hill,Grocery shopping,Shopping
1561,2023-12-26,26.91,"Casey, Martinez and Blankenship","Casey, Martinez and Blankenship - Hotel stay",Travel
1562,2025-01-19,27.48,Joe's Pizza,Lunch with friends,Food
1563,2024-04-24,9.29,Reynolds Inc,Reynolds Inc - Prescription purchase,Education
1564,2024-10-23,1.3,Day-Johnson,Hotel stay,Travel
1565,2025-07-15,36.33,Gas Station,Gas Station - Online purchase,Bills
1566,2023-12-13,16.42,Spotify,Spotify - Hotel stay,Travel
1567,2025-12-05,39.1,Local High School,Local High School - Electric bill payment,Education
1568,2025-04-26,33.14,Griffith PLC,Griffith PLC - Monthly subscription,Shopping
1569,2025-08-01,46.77,Local Taxi,Local Taxi - Flight booking,Shopping
1570,2023-09-11,5.67,"Elliott, Porter and Hall","Elliott, Porter and Hall - Taxi ride",Food
1571,2024-09-04,69.78,Gas Station,Gas Station - Hotel stay,Travel
1572,2026-03-06,19.17,"Taylor, Hughes and Montoya",Prescription purchase,Others
1573,2025-05-05,66.28,Hilton Hotels,Hilton Hotels - Flight booking,Travel
1574,2026-01-28,214.42,City Hospital,Taxi ride,Travel
1575,2024-06-14,51.89,Electric Company,Gas refill,Bills
1576,2024-06-02,73.79,CVS Pharmacy,Grocery shopping,Health
1577,2025-12-30,17.16,Rogers-Davis,Course fee,Shopping
1578,2024-09-23,20.71,Cervantes PLC,Electric bill payment,Bills
1579,2024-09-10,44.84,Starbucks Coffee,Starbucks Coffee - Lunch with friends,Shopping
1580,2026-03-26,43.11,Bentley-Young,Hotel stay,Travel
1581,2025-04-17,1.06,Cantrell-Vargas,Cantrell-Vargas - Online purchase,Bills
1582,2024-03-22,23.63,Amazon Marketplace,Amazon Marketplace - Gas refill,Shopping
1583,2024-10-23,58.97,Clark-Perez,Gas refill,Bills
1584,2026-04-09,13.58,State University,Course fee,Education
1585,2023-12-15,54.42,Joe's Pizza,Joe's Pizza - Course fee,Food
1586,2023-10-21,16.1,Delta Airlines,Delta Airlines - Monthly subscription,Travel
1587,2024-12-24,30.27,Mall Outlet,Mall Outlet - Electric bill payment,Bills
1588,2026-07-04,4.8,"Campbell, Todd and Morrison","Campbell, Todd and Morrison - Taxi ride",Bills
1589,2026-03-26,64.24,Larsen-Ford,Larsen-Ford - Hotel stay,Travel
1590,2025-09-17,56.74,Amazon Marketplace,Flight booking,Shopping
1591,2025-11-01,110.52,Davis-Walker,Davis-Walker - Grocery shopping,Others
1592,2024-06-23,47.29,Foster-Brown,Electric bill payment,Bills
1593,2024-11-20,27.2,Uber Eats,Taxi ride,Transport
1594,2024-08-17,35.65,Gas Station,Online purchase,Bills
1595,2025-02-23,2.75,Starbucks Coffee,Starbucks Coffee - Course fee,Food
1596,2026-08-28,40.92,Wilson-Acevedo,Wilson-Acevedo - Flight booking,Shopping
1597,2026-07-21,25.02,Hilton Hotels,Course fee,Travel
1598,2026-03-10,20.89,Local Taxi,Taxi ride,Shopping
1599,2026-07-12,2.9,Walmart Supercenter,Walmart Supercenter - Online purchase,Shopping
1600,2025-05-16,35.63,Waterworks,Gas refill,Bills
1601,2025-07-22,113.19,Netflix Streaming,Taxi ride,Entertainment
1602,2026-06-09,13.09,Electric Company,Electric Company - Taxi ride,Bills
1603,2024-09-13,7.25,"White, Parks and Adams","White, Parks and Adams - Flight booking",Others
1604,2023-11-30,35.56,Mall Outlet,Mall Outlet - Hotel stay,Travel
1605,2023-12-09,74.41,Starbucks Coffee,Starbucks Coffee - Electric bill payment,Bills
1606,2024-01-05,17.74,City Hospital,Prescription purchase,Bills
1607,2025-12-10,46.6,Hilton Hotels,Flight booking,Travel
1608,2024-10-18,10.42,Electric Company,Online purchase,Bills
1609,2025-06-15,53.68,Uber Eats,Monthly subscription,Transport
1610,2025-05-07,86.85,Patel Ltd,Course fee,Health
1611,2024-11-24,43.58,Joe's Pizza,Joe's Pizza - Lunch with friends,Food
1612,2023-09-30,2.74,Joe's Pizza,Joe's Pizza - Lunch with friends,Food
1613,2026-03-27,40.09,Kelly-Murray,Prescription purchase,Education
1614,2026-03-05,22.45,"Morrison, Hunter and Livingston",Flight booking,Shopping
1615,2023-09-19,10.5,City Hospital,City Hospital - Course fee,Food
1616,2024-04-12,149.05,Spotify,Spotify - Lunch with friends,Entertainment
1617,2024-04-23,29.05,Maxwell Ltd,Taxi ride,Shopping
1618,2025-07-21,8.72,Amazon Marketplace,Amazon Marketplace - Taxi ride,Shopping
1619,2024-09-04,28.48,"Martin, Durham and Finley","Martin, Durham and Finley - Gas refill",Bills
1620,2026-03-14,30.16,Walmart Supercenter,Course fee,Shopping
1621,2025-06-12,44.32,Walmart Supercenter,Grocery shopping,Shopping
1622,2024-12-15,14.12,Local High School,Course fee,Education
1623,2024-06-25,10.18,Netflix Streaming,Prescription purchase,Entertainment
1624,2025-05-17,54.99,CVS Pharmacy,CVS Pharmacy - Lunch with friends,Health
1625,2026-05-16,52.11,Smith-Jackson,Smith-Jackson - Grocery shopping,Shopping
1626,2025-11-12,91.21,Mall Outlet,Mall Outlet - Hotel stay,Travel
1627,2024-02-09,47.4,Delta Airlines,Delta Airlines - Taxi ride,Travel
1628,2023-11-19,53.94,Haynes-Jacobson,Online purchase,Shopping
1629,2024-09-30,24.38,CVS Pharmacy,CVS Pharmacy - Grocery shopping,Health
1630,2026-04-09,41.32,Spotify,Spotify - Grocery shopping,Entertainment
1631,2024-08-29,75.29,Spotify,Spotify - Course fee,Entertainment
1632,2024-08-05,4.5,Amazon Marketplace,Prescription purchase,Shopping
1633,2026-07-05,2.43,Waterworks,Lunch with friends,Bills
1634,2024-08-20,32.74,Delta Airlines,Flight booking,Travel
1635,2023-12-30,8.58,Spotify,Monthly subscription,Entertainment
1636,2026-01-20,3.32,"Rodriguez, Mora and Fernandez","Rodriguez, Mora and Fernandez - Electric bill payment",Bills
1637,2026-03-22,9.4,Harrison-Smith,Harrison-Smith - Electric bill payment,Bills
1638,2024-03-24,21.96,State University,Lunch with friends,Education
1639,2024-11-27,15.82,Mall Outlet,Taxi ride,Travel
1640,2025-04-18,41.01,Gas Station,Gas refill,Bills
1641,2026-02-22,51.26,Starbucks Coffee,Starbucks Coffee - Grocery shopping,Health
1642,2023-10-21,19.81,Walmart Supercenter,Walmart Supercenter - Electric bill payment,Shopping
1643,2025-07-03,35.62,"Rivera, Howard and Williams","Rivera, Howard and Williams - Hotel stay",Travel
1644,2025-11-24,5.13,Walmart Supercenter,Walmart Supercenter - Monthly subscription,Shopping
1645,2026-05-01,2.33,"Jones, Hahn and Stout","Jones, Hahn and Stout - Hotel stay",Travel
1646,2023-11-28,53.39,"Brown, Kim and Hawkins","Brown, Kim and Hawkins - Lunch with friends",Shopping
1647,2024-04-28,38.93,Amazon Marketplace,Amazon Marketplace - Gas refill,Shopping
1648,2025-02-20,31.08,Uber Eats,Gas refill,Transport
1649,2024-11-26,35.52,Delta Airlines,Course fee,Travel
1650,2023-10-02,22.12,State University,Gas refill,Education
1651,2025-06-13,12.32,Uber Eats,Electric bill payment,Transport
1652,2026-08-30,14.23,State University,State University - Electric bill payment,Education
1653,2025-11-17,54.74,"Hurley, Simmons and Spencer","Hurley, Simmons and Spencer - Taxi ride",Utilities
1654,2025-09-11,53.95,City Hospital,Flight booking,Food
1655,2026-08-19,40.72,State University,State University - Online purchase,Education
1656,2025-09-30,86.51,Starbucks Coffee,Starbucks Coffee - Online purchase,Food
1657,2026-06-11,44.62,Bean-Brewer,Bean-Brewer - Lunch with friends,Others
1658,2025-07-17,4.51,"Sims, Cox and Wilson","Sims, Cox and Wilson - Flight booking",Education
1659,2025-06-21,22.23,Netflix Streaming,Netflix Streaming - Grocery shopping,Entertainment
1660,2025-03-02,13.22,Mall Outlet,Mall Outlet - Monthly subscription,Entertainment
1661,2023-10-02,31.12,Ortiz PLC,Taxi ride,Bills
1662,2023-11-21,12.5,"Ward, Jennings and Cruz",Course fee,Health
1663,2024-05-06,45.36,Hopkins Inc,Taxi ride,Food
1664,2024-12-15,51.94,"Conway, Velez and Shaffer","Conway, Velez and Shaffer - Hotel stay",Travel
1665,2026-08-11,15.59,Corner Grocery,Corner Grocery - Lunch with friends,Others
1666,2025-03-22,17.36,Mall Outlet,Mall Outlet - Online purchase,Travel
1667,2026-02-08,3.43,Delta Airlines,Delta Airlines - Grocery shopping,Travel
1668,2026-06-20,7.69,Local Taxi,Prescription purchase,Utilities
1669,2025-05-30,6.5,Sanders-Mckenzie,Sanders-Mckenzie - Flight booking,Travel
1670,2024-12-31,20.05,Hilton Hotels,Hilton Hotels - Monthly subscription,Travel
1671,2023-11-04,18.34,Netflix Streaming,Grocery shopping,Entertainment
1672,2024-10-14,28.97,Starbucks Coffee,Prescription purchase,Food
1673,2026-04-15,26.61,Sanchez-Li,Sanchez-Li - Grocery shopping,Education
1674,2025-02-10,3.45,Local Taxi,Prescription purchase,Utilities
1675,2026-01-19,29.0,Spotify,Spotify - Prescription purchase,Entertainment
1676,2024-11-27,34.86,Amazon Marketplace,Amazon Marketplace - Prescription purchase,Shopping
1677,2024-08-14,9.32,Amazon Marketplace,Amazon Marketplace - Grocery shopping,Shopping
1678,2024-01-31,43.1,Corner Grocery,Grocery shopping,Bills
1679,2025-02-26,18.78,Greer-Levy,Greer-Levy - Taxi ride,Others
1680,2023-11-18,4.22,"Hester, Nelson and Washington",Gas refill,Bills
1681,2026-01-18,4.98,Boyd-Martin,Online purchase,Shopping
1682,2025-06-12,25.91,Joe's Pizza,Joe's Pizza - Hotel stay,Food
1683,2026-03-24,60.79,Waterworks,Waterworks - Prescription purchase,Bills
1684,2026-06-12,52.01,Starbucks Coffee,Monthly subscription,Food
1685,2023-10-16,19.23,Cooper Group,Online purchase,Others
1686,2024-07-04,34.89,Amazon Marketplace,Gas refill,Shopping
1687,2025-05-27,31.57,"Turner, Smith and Levine","Turner, Smith and Levine - Prescription purchase",Education
1688,2025-10-28,14.36,Local Taxi,Course fee,Travel
1689,2024-03-17,31.16,Wright-Long,Course fee,Transport
1690,2025-06-18,15.63,Mitchell-Brandt,Mitchell-Brandt - Online purchase,Others
1691,2023-09-20,46.5,"Fisher, Holmes and Bowers",Electric bill payment,Bills
1692,2025-07-14,46.33,Netflix Streaming,Hotel stay,Travel
1693,2024-08-01,9.63,Joe's Pizza,Electric bill payment,Food
1694,2024-12-31,28.23,Kerr-Nichols,Kerr-Nichols - Prescription purchase,Shopping
1695,2024-10-07,50.32,Joe's Pizza,Hotel stay,Food
1696,2026-05-19,15.26,Local Taxi,Grocery shopping,Food
1697,2026-05-30,45.36,Joe's Pizza,Online purchase,Food
1698,2026-07-17,26.69,Starbucks Coffee,Starbucks Coffee - Online purchase,Travel
1699,2023-09-04,49.91,Local Taxi,Local Taxi - Hotel stay,Travel
1700,2026-07-27,22.51,Johnson PLC,Johnson PLC - Monthly subscription,Travel
1701,2026-04-06,57.96,Hilton Hotels,Hilton Hotels - Prescription purchase,Travel
1702,2025-03-29,74.25,Netflix Streaming,Netflix Streaming - Lunch with friends,Entertainment
1703,2024-04-18,15.32,CVS Pharmacy,CVS Pharmacy - Flight booking,Health
1704,2026-03-10,22.58,Uber Eats,Uber Eats - Grocery shopping,Transport
1705,2026-04-30,10.8,City Hospital,Course fee,Shopping
1706,2024-11-26,8.98,Hilton Hotels,Grocery shopping,Travel
1707,2025-03-09,8.94,CVS Pharmacy,CVS Pharmacy - Taxi ride,Health
1708,2025-12-18,16.12,Fox Inc,Fox Inc - Monthly subscription,Food
1709,2024-04-08,11.27,City Hospital,Flight booking,Food
1710,2026-01-24,32.93,CVS Pharmacy,CVS Pharmacy - Grocery shopping,Health
1711,2025-11-24,24.17,Jones-Cohen,Jones-Cohen - Online purchase,Utilities
1712,2025-07-26,21.09,Lopez-Johnson,Lopez-Johnson - Electric bill payment,Bills
1713,2024-05-22,61.52,"Torres, Wolf and Chambers","Torres, Wolf and Chambers - Electric bill payment",Bills
1714,2025-10-23,30.89,Anderson LLC,Anderson LLC - Online purchase,Shopping
1715,2024-03-15,3.07,Gates LLC,Gates LLC - Gas refill,Bills
1716,2024-08-28,16.64,Starbucks Coffee,Prescription purchase,Food
1717,2023-09-01,3.41,CVS Pharmacy,CVS Pharmacy - Flight booking,Health
1718,2025-04-28,52.19,Hilton Hotels,Hilton Hotels - Taxi ride,Travel
1719,2023-12-30,22.57,Kelly-Mccarthy,Flight booking,Shopping
1720,2026-07-08,2.59,Brown Ltd,Brown Ltd - Online purchase,Transport
1721,2026-07-25,14.37,Netflix Streaming,Netflix Streaming - Gas refill,Entertainment
1722,2026-08-06,44.81,Nguyen-Rodgers,Lunch with friends,Shopping
1723,2024-01-21,9.29,State University,State University - Online purchase,Education
1724,2026-01-30,1.0,Freeman Inc,Freeman Inc - Grocery shopping,Food
1725,2023-10-10,10.07,"Smith, Wood and Little",Prescription purchase,Shopping
1726,2026-06-25,50.99,Mall Outlet,Mall Outlet - Taxi ride,Entertainment
1727,2024-04-23,6.42,Local High School,Local High School - Flight booking,Education
1728,2025-03-13,50.39,City Hospital,City Hospital - Taxi ride,Travel
1729,2025-07-09,30.93,Keith-Romero,Online purchase,Transport
1730,2025-01-21,131.41,Douglas and Sons,Douglas and Sons - Taxi ride,Food
1731,2026-05-17,11.14,CVS Pharmacy,CVS Pharmacy - Hotel stay,Travel
1732,2024-12-05,50.77,Starbucks Coffee,Lunch with friends,Travel
1733,2025-10-26,194.52,Uber Eats,Gas refill,Transport
1734,2023-12-13,23.58,Joe's Pizza,Joe's Pizza - Lunch with friends,Food
1735,2024-01-17,9.83,Corner Grocery,Flight booking,Utilities
1736,2025-10-20,8.96,Uber Eats,Prescription purchase,Transport
1737,2025-05-17,83.94,Huerta Group,Lunch with friends,Food
1738,2025-12-30,134.32,Walmart Supercenter,Walmart Supercenter - Monthly subscription,Shopping
1739,2026-05-31,16.71,"Marquez, Merritt and Cardenas","Marquez, Merritt and Cardenas - Grocery shopping",Education
1740,2025-03-30,8.19,Mall Outlet,Mall Outlet - Online purchase,Others
1741,2024-06-04,78.08,Waterworks,Monthly subscription,Bills
1742,2024-05-17,1.68,"Smith, Morgan and Young",Flight booking,Bills
1743,2024-02-23,4.83,Netflix Streaming,Online purchase,Entertainment
1744,2026-07-23,4.5,Amazon Marketplace,Amazon Marketplace - Online purchase,Shopping
1745,2023-10-01,59.29,Gas Station,Prescription purchase,Bills
1746,2024-05-20,1.56,City Hospital,City Hospital - Course fee,Utilities
1747,2024-02-07,89.14,Local Taxi,Local Taxi - Flight booking,Food
1748,2026-06-16,14.14,Mall Outlet,Mall Outlet - Gas refill,Bills
1749,2023-10-03,8.1,Miller-Santiago,Gas refill,Bills
1750,2023-09-27,19.71,Local Taxi,Gas refill,Bills
1751,2024-09-04,18.62,Walmart Supercenter,Electric bill payment,Shopping
1752,2023-10-30,28.45,Lyft,Flight booking,Transport
1753,2026-05-19,28.86,State University,Online purchase,Education
1754,2024-09-11,22.6,Peterson and Sons,Peterson and Sons - Grocery shopping,Bills
1755,2024-07-11,51.88,Waterworks,Waterworks - Electric bill payment,Bills
1756,2024-04-24,2.86,Hall-Williams,Hall-Williams - Hotel stay,Travel
1757,2026-02-28,15.5,Evans LLC,Flight booking,Bills
1758,2024-01-21,24.31,Gas Station,Gas Station - Online purchase,Bills
1759,2025-01-24,35.47,Hilton Hotels,Hotel stay,Travel
1760,2025-06-28,13.72,CVS Pharmacy,CVS Pharmacy - Flight booking,Health
1761,2024-06-22,44.47,Gas Station,Gas Station - Flight booking,Bills
1762,2025-04-04,12.2,Mall Outlet,Mall Outlet - Prescription purchase,Utilities
1763,2025-05-12,11.1,Starbucks Coffee,Lunch with friends,Food
1764,2024-03-30,7.1,Thornton LLC,Course fee,Bills
1765,2025-02-24,70.83,Local High School,Online purchase,Education
1766,2024-05-17,114.65,Local High School,Flight booking,Education
1767,2024-04-15,28.02,Joe's Pizza,Joe's Pizza - Electric bill payment,Food
1768,2024-10-29,2.45,Walker-Anderson,Prescription purchase,Shopping
1769,2025-01-13,5.23,Wolfe Ltd,Wolfe Ltd - Gas refill,Bills
1770,2024-05-23,17.5,Waterworks,Course fee,Bills
1771,2025-07-18,1.51,Netflix Streaming,Netflix Streaming - Hotel stay,Travel
1772,2023-09-11,33.04,"Bond, Neal and Brady",Lunch with friends,Health
1773,2024-02-26,21.51,Netflix Streaming,Netflix Streaming - Hotel stay,Travel
1774,2024-07-30,4.46,Flores Inc,Lunch with friends,Utilities
1775,2025-05-21,41.95,"Oneal, Stone and Smith","Oneal, Stone and Smith - Hotel stay",Travel
1776,2025-02-24,45.47,Local High School,Gas refill,Education
1777,2025-09-15,1.4,Mall Outlet,Mall Outlet - Electric bill payment,Bills
1778,2026-03-29,10.43,Electric Company,Gas refill,Bills
1779,2023-11-02,6.39,Jordan-Velez,Jordan-Velez - Gas refill,Bills
1780,2023-11-12,10.8,Gilbert and Sons,Course fee,Food
1781,2025-12-14,32.37,Gas Station,Gas Station - Grocery shopping,Bills
1782,2025-09-27,3.54,Villanueva-James,Villanueva-James - Course fee,Transport
1783,2026-04-24,6.69,Waterworks,Monthly subscription,Bills
1784,2026-03-20,7.29,Local High School,Course fee,Education
1785,2025-09-09,6.74,Waterworks,Waterworks - Lunch with friends,Bills
1786,2025-09-12,86.04,Netflix Streaming,Online purchase,Entertainment
1787,2024-08-12,7.03,Warner-Preston,Warner-Preston - Flight booking,Entertainment
1788,2026-07-26,112.77,Local High School,Prescription purchase,Education
1789,2024-09-08,25.62,Gas Station,Monthly subscription,Bills
1790,2024-02-02,4.51,Local Taxi,Local Taxi - Hotel stay,Travel
1791,2025-07-16,49.35,"Medina, Flores and Hudson",Flight booking,Travel
1792,2026-03-09,29.69,State University,State University - Online purchase,Education
1793,2025-02-02,50.2,Netflix Streaming,Gas refill,Entertainment
1794,2026-07-22,46.67,"Hayden, Clark and Gonzalez","Hayden, Clark and Gonzalez - Electric bill payment",Bills
1795,2025-10-20,52.04,Spotify,Spotify - Grocery shopping,Entertainment
1796,2026-08-25,14.92,Netflix Streaming,Gas refill,Entertainment
1797,2025-12-26,9.37,Delta Airlines,Delta Airlines - Grocery shopping,Travel
1798,2025-01-21,8.38,Hamilton-Garcia,Hamilton-Garcia - Grocery shopping,Shopping
1799,2025-09-12,72.49,Walmart Supercenter,Monthly subscription,Shopping
1800,2024-10-17,58.04,Mall Outlet,Mall Outlet - Lunch with friends,Transport
1801,2023-12-22,33.18,Netflix Streaming,Netflix Streaming - Hotel stay,Travel
1802,2025-08-19,40.62,Uber Eats,Uber Eats - Course fee,Transport
1803,2025-12-11,26.0,Electric Company,Electric Company - Electric bill payment,Bills
1804,2024-07-14,20.03,State University,State University - Gas refill,Education
1805,2025-03-19,12.69,Ingram-Fuentes,Ingram-Fuentes - Lunch with friends,Shopping
1806,2025-04-15,15.58,"Barrera, Baker and Robinson","Barrera, Baker and Robinson - Grocery shopping",Transport
1807,2026-04-28,9.21,Perez LLC,Online purchase,Others
1808,2026-05-27,117.57,City Hospital,Flight booking,Entertainment
1809,2026-03-05,69.81,CVS Pharmacy,CVS Pharmacy - Hotel stay,Travel
1810,2025-02-05,33.62,Lyft,Lyft - Course fee,Transport
1811,2026-03-09,49.39,Baker-Walker,Grocery shopping,Entertainment
1812,2025-01-27,10.56,Randall PLC,Randall PLC - Grocery shopping,Travel
1813,2023-10-26,55.38,"Osborn, Jenkins and Colon","Osborn, Jenkins and Colon - Monthly subscription",Utilities
1814,2024-07-07,8.46,Gas Station,Electric bill payment,Bills
1815,2025-03-11,49.62,Uber Eats,Uber Eats - Online purchase,Transport
1816,2026-08-13,35.93,Uber Eats,Uber Eats - Flight booking,Transport
1817,2023-10-04,36.52,Amazon Marketplace,Amazon Marketplace - Grocery shopping,Shopping
1818,2026-05-23,18.46,CVS Pharmacy,Online purchase,Health
1819,2023-09-08,17.21,City Hospital,Grocery shopping,Food
1820,2024-11-11,18.82,Spotify,Spotify - Flight booking,Entertainment
1821,2025-03-04,20.11,Hernandez and Sons,Flight booking,Utilities
1822,2026-01-08,1.01,Hilton Hotels,Hilton Hotels - Hotel stay,Travel
1823,2025-02-24,5.84,Amazon Marketplace,Amazon Marketplace - Electric bill payment,Shopping
1824,2023-12-26,22.58,Uber Eats,Uber Eats - Grocery shopping,Transport
1825,2025-06-25,13.06,Local High School,Local High School - Prescription purchase,Education
1826,2024-07-08,34.65,Local Taxi,Hotel stay,Travel
1827,2025-06-21,1.66,Mcgrath and Sons,Mcgrath and Sons - Electric bill payment,Bills
1828,2025-02-05,3.93,State University,State University - Electric bill payment,Education
1829,2026-02-17,11.26,Walmart Supercenter,Prescription purchase,Shopping
1830,2025-12-05,15.72,State University,State University - Lunch with friends,Education
1831,2024-06-18,48.01,Parker-Schmidt,Parker-Schmidt - Prescription purchase,Food
1832,2024-04-26,22.77,"Murphy, Pena and Cook","Murphy, Pena and Cook - Taxi ride",Food
1833,2024-12-31,115.88,Gray-Conrad,Electric bill payment,Bills
1834,2026-07-31,15.59,Local High School,Local High School - Course fee,Education
1835,2024-07-15,67.98,Payne Ltd,Payne Ltd - Prescription purchase,Shopping
1836,2025-05-03,18.06,Amazon Marketplace,Amazon Marketplace - Online purchase,Shopping
1837,2025-12-09,5.59,Lester-Taylor,Gas refill,Bills
1838,2026-05-09,2.11,Myers Ltd,Hotel stay,Travel
1839,2025-10-21,16.12,CVS Pharmacy,CVS Pharmacy - Prescription purchase,Health
1840,2024-05-22,3.02,Wright and Sons,Electric bill payment,Bills
1841,2025-10-02,23.94,Netflix Streaming,Lunch with friends,Entertainment
1842,2025-07-06,51.78,City Hospital,City Hospital - Monthly subscription,Shopping
1843,2025-12-24,8.68,Uber Eats,Uber Eats - Electric bill payment,Transport
1844,2025-12-03,9.78,Electric Company,Electric Company - Gas refill,Bills
1845,2024-10-15,40.59,"Gregory, Trevino and Cohen","Gregory, Trevino and Cohen - Electric bill payment",Bills
1846,2023-09-24,28.06,Gill Group,Course fee,Others
1847,2024-11-19,15.76,Lyft,Lyft - Prescription purchase,Transport
1848,2025-01-15,65.77,"Little, Adams and Collins","Little, Adams and Collins - Lunch with friends",Food
1849,2025-03-20,12.14,Hilton Hotels,Hilton Hotels - Electric bill payment,Travel
1850,2024-05-21,5.79,Lyft,Lyft - Course fee,Transport
1851,2025-09-10,40.69,Local High School,Prescription purchase,Education
1852,2025-05-22,3.38,Local High School,Local High School - Course fee,Education
1853,2024-08-31,7.42,Gas Station,Gas Station - Grocery shopping,Bills
1854,2025-04-18,3.26,Roberts-Hanson,Roberts-Hanson - Grocery shopping,Shopping
1855,2025-04-13,15.67,Waterworks,Waterworks - Taxi ride,Bills
1856,2023-09-21,26.81,"Snyder, Cole and Smith","Snyder, Cole and Smith - Electric bill payment",Bills
1857,2025-05-23,71.82,Colon-Sullivan,Colon-Sullivan - Flight booking,Travel
1858,2025-05-26,5.34,Waterworks,Gas refill,Bills
1859,2026-05-26,69.47,CVS Pharmacy,CVS Pharmacy - Taxi ride,Health
1860,2025-02-07,37.19,Mall Outlet,Mall Outlet - Hotel stay,Travel
1861,2024-05-17,18.45,Walmart Supercenter,Walmart Supercenter - Monthly subscription,Shopping
1862,2025-04-08,1.62,Hines and Sons,Lunch with friends,Food
1863,2025-01-19,19.69,Sanchez-Scott,Flight booking,Bills
1864,2024-01-18,17.56,City Hospital,City Hospital - Prescription purchase,Health
1865,2025-09-07,3.6,State University,State University - Course fee,Education
1866,2026-01-20,16.98,Sanders Group,Course fee,Travel
1867,2025-09-13,38.64,Berry PLC,Prescription purchase,Food
1868,2024-06-14,46.42,Mall Outlet,Mall Outlet - Online purchase,Shopping
1869,2026-07-14,48.65,Robertson-Nelson,Lunch with friends,Food
1870,2026-07-11,37.63,Joe's Pizza,Online purchase,Food
1871,2026-01-30,77.98,Garcia-Moore,Garcia-Moore - Gas refill,Bills
1872,2024-12-16,34.15,Lester Inc,Lester Inc - Online purchase,Food
1873,2024-03-16,45.96,Starbucks Coffee,Flight booking,Food
1874,2024-06-09,66.74,Waterworks,Electric bill payment,Bills
1875,2023-12-21,6.81,Starbucks Coffee,Taxi ride,Others
1876,2023-12-20,74.43,Spotify,Spotify - Grocery shopping,Entertainment
1877,2025-04-24,47.33,Local Taxi,Local Taxi - Hotel stay,Travel
1878,2023-10-30,36.24,Joe's Pizza,Joe's Pizza - Monthly subscription,Food
1879,2024-10-08,29.55,"Mendez, Lyons and Murray",Monthly subscription,Food
1880,2024-10-20,39.97,"Martin, Morris and Carr",Monthly subscription,Bills
1881,2024-04-12,43.92,Spotify,Hotel stay,Travel
1882,2025-08-26,4.15,Frazier-Padilla,Grocery shopping,Education
1883,2023-12-25,43.2,State University,State University - Monthly subscription,Education
1884,2026-05-22,10.16,Waterworks,Flight booking,Bills
1885,2026-06-21,1.54,Gonzalez-Hodges,Gonzalez-Hodges - Prescription purchase,Utilities
1886,2023-09-18,7.79,Amazon Marketplace,Amazon Marketplace - Hotel stay,Travel
1887,2024-08-19,6.81,Duncan-Martin,Online purchase,Entertainment
1888,2024-03-25,40.17,Hartman Inc,Hartman Inc - Grocery shopping,Travel
1889,2024-04-18,3.33,Delta Airlines,Gas refill,Travel
1890,2026-06-29,7.8,Washington-Brown,Washington-Brown - Grocery shopping,Shopping
1891,2024-09-12,21.81,Martin-Floyd,Martin-Floyd - Course fee,Shopping
1892,2025-08-22,10.2,Pineda and Sons,Monthly subscription,Others
1893,2024-06-15,13.56,Local High School,Local High School - Flight booking,Education
1894,2025-10-22,142.23,Walmart Supercenter,Walmart Supercenter - Grocery shopping,Shopping
1895,2024-01-16,40.99,Waterworks,Waterworks - Grocery shopping,Bills
1896,2024-11-19,27.39,"Montgomery, Lane and Cox",Gas refill,Bills
1897,2024-01-31,7.12,City Hospital,City Hospital - Flight booking,Health
1898,2024-03-31,5.15,Spotify,Prescription purchase,Entertainment
1899,2024-03-12,73.06,Local Taxi,Local Taxi - Hotel stay,Travel
1900,2025-09-25,152.07,Gilbert and Sons,Gilbert and Sons - Prescription purchase,Shopping
1901,2025-07-27,44.37,Wilkins Ltd,Wilkins Ltd - Taxi ride,Education
1902,2025-02-18,5.69,State University,State University - Hotel stay,Travel
1903,2024-07-10,46.6,Mall Outlet,Online purchase,Entertainment
1904,2024-05-28,75.99,"Bailey, Davidson and Schmidt",Monthly subscription,Entertainment
1905,2024-01-12,27.28,Pitts Ltd,Pitts Ltd - Hotel stay,Travel
1906,2026-05-15,69.97,Douglas-Young,Douglas-Young - Grocery shopping,Travel
1907,2025-04-25,25.39,Lyft,Lunch with friends,Transport
1908,2024-09-25,65.41,State University,Gas refill,Education
1909,2026-05-23,1.42,"Lawson, Miller and Harris","Lawson, Miller and Harris - Flight booking",Entertainment
1910,2024-05-07,12.98,Spotify,Taxi ride,Entertainment
1911,2026-02-14,21.87,Uber Eats,Taxi ride,Transport
1912,2026-08-05,1.11,Lee PLC,Lee PLC - Lunch with friends,Bills
1913,2025-09-10,6.63,Spotify,Electric bill payment,Entertainment
1914,2025-11-04,15.77,Kennedy-Morris,Prescription purchase,Travel
1915,2024-01-21,1.21,Amazon Marketplace,Taxi ride,Shopping
1916,2025-07-25,100.18,Mills Ltd,Mills Ltd - Grocery shopping,Travel
1917,2026-06-01,1.64,Joe's Pizza,Course fee,Food
1918,2026-04-08,10.25,Walmart Supercenter,Walmart Supercenter - Taxi ride,Shopping
1919,2025-02-01,65.64,Amazon Marketplace,Amazon Marketplace - Online purchase,Shopping
1920,2026-06-29,15.96,Amazon Marketplace,Amazon Marketplace - Electric bill payment,Shopping
1921,2025-02-27,17.72,City Hospital,City Hospital - Electric bill payment,Bills
1922,2025-03-23,4.01,Joe's Pizza,Electric bill payment,Food
1923,2025-12-04,70.96,Gas Station,Gas Station - Electric bill payment,Bills
1924,2025-08-24,3.18,Hilton Hotels,Online purchase,Travel
1925,2024-07-24,16.13,Uber Eats,Uber Eats - Monthly subscription,Transport
1926,2024-07-06,93.62,Netflix Streaming,Grocery shopping,Entertainment
1927,2024-12-05,46.13,Mall Outlet,Mall Outlet - Online purchase,Shopping
1928,2024-08-10,30.26,Netflix Streaming,Lunch with friends,Entertainment
1929,2024-03-04,55.63,"Mcdonald, Roberts and Phillips",Course fee,Entertainment
1930,2023-10-02,25.77,Local Taxi,Local Taxi - Online purchase,Food
1931,2024-01-05,13.81,City Hospital,Flight booking,Travel
1932,2023-11-05,10.75,Mall Outlet,Mall Outlet - Prescription purchase,Others
1933,2024-03-25,51.26,Uber Eats,Uber Eats - Lunch with friends,Transport
1934,2024-03-15,2.28,Starbucks Coffee,Starbucks Coffee - Hotel stay,Travel
1935,2026-01-25,28.74,"Moore, Olsen and Lee","Moore, Olsen and Lee - Hotel stay",Travel
1936,2025-12-04,20.79,Spotify,Course fee,Entertainment
1937,2025-01-03,4.38,"Anderson, Mcconnell and Cox","Anderson, Mcconnell and Cox - Monthly subscription",Health
1938,2025-08-03,19.86,Joe's Pizza,Joe's Pizza - Prescription purchase,Food
1939,2026-08-06,10.72,"Johnson, Coleman and Marquez","Johnson, Coleman and Marquez - Hotel stay",Travel
1940,2025-11-09,35.54,Netflix Streaming,Prescription purchase,Entertainment
1941,2025-11-06,18.76,State University,State University - Lunch with friends,Education
1942,2026-05-12,5.62,Amazon Marketplace,Amazon Marketplace - Online purchase,Shopping
1943,2024-07-28,21.0,Waterworks,Waterworks - Electric bill payment,Bills
1944,2025-01-14,27.47,Local Taxi,Local Taxi - Flight booking,Transport
1945,2026-07-02,1.74,Lyft,Lyft - Electric bill payment,Transport
1946,2026-05-30,21.82,Local Taxi,Local Taxi - Lunch with friends,Shopping
1947,2025-10-19,1.86,"White, Atkins and York","White, Atkins and York - Flight booking",Food
1948,2026-03-03,37.06,Mall Outlet,Mall Outlet - Hotel stay,Travel
1949,2025-02-20,34.37,"Miller, Finley and Mcmillan",Electric bill payment,Bills
1950,2025-03-20,39.49,"Coleman, Walters and Baird","Coleman, Walters and Baird - Gas refill",Bills
1951,2025-09-07,53.51,Joe's Pizza,Joe's Pizza - Gas refill,Food
1952,2024-10-01,1.46,"Flowers, Mcdonald and Cowan","Flowers, Mcdonald and Cowan - Gas refill",Bills
1953,2025-05-19,23.59,Walmart Supercenter,Walmart Supercenter - Flight booking,Shopping
1954,2023-12-09,110.28,State University,State University - Gas refill,Education
1955,2026-08-25,25.46,Joe's Pizza,Joe's Pizza - Electric bill payment,Food
1956,2026-02-03,38.99,Local High School,Local High School - Monthly subscription,Education
1957,2024-08-03,127.13,Waterworks,Waterworks - Flight booking,Bills
1958,2026-04-24,64.35,Reed-Jones,Flight booking,Shopping
1959,2024-10-31,91.29,State University,Electric bill payment,Education
1960,2023-10-31,22.32,Joe's Pizza,Joe's Pizza - Course fee,Food
1961,2025-02-23,39.54,Finley Ltd,Finley Ltd - Course fee,Entertainment
1962,2024-06-16,28.41,City Hospital,Monthly subscription,Transport
1963,2024-05-01,39.67,Amazon Marketplace,Amazon Marketplace - Course fee,Shopping
1964,2025-10-07,2.18,Local Taxi,Local Taxi - Prescription purchase,Others
1965,2024-09-28,1.32,Gonzalez Group,Gonzalez Group - Prescription purchase,Utilities
1966,2025-01-17,29.26,Hilton Hotels,Hilton Hotels - Grocery shopping,Travel
1967,2025-04-22,9.55,Amazon Marketplace,Amazon Marketplace - Taxi ride,Shopping
1968,2026-06-10,2.06,Spotify,Spotify - Electric bill payment,Entertainment
1969,2025-10-07,15.77,Cooper-Jones,Cooper-Jones - Monthly subscription,Others
1970,2024-01-06,32.97,City Hospital,City Hospital - Online purchase,Utilities
1971,2026-01-23,42.67,Walmart Supercenter,Taxi ride,Shopping
1972,2025-04-12,21.11,Gas Station,Gas Station - Prescription purchase,Bills
1973,2025-12-19,42.13,Rodriguez Inc,Rodriguez Inc - Taxi ride,Entertainment
1974,2024-05-11,5.77,Local High School,Hotel stay,Travel
1975,2023-11-03,16.14,Hilton Hotels,Course fee,Travel
1976,2025-10-01,1.96,Joe's Pizza,Grocery shopping,Food
1977,2024-02-06,60.12,Henry-Richard,Electric bill payment,Bills
1978,2025-06-09,3.63,Waterworks,Electric bill payment,Bills
1979,2025-09-02,38.41,Uber Eats,Uber Eats - Monthly subscription,Transport
1980,2025-07-08,12.24,Electric Company,Lunch with friends,Bills
1981,2024-09-23,88.31,Massey and Sons,Online purchase,Health
1982,2023-09-01,8.53,"Golden, Bright and Stephens","Golden, Bright and Stephens - Prescription purchase",Travel
1983,2024-02-08,3.15,Netflix Streaming,Netflix Streaming - Monthly subscription,Entertainment
1984,2024-10-08,9.18,Mall Outlet,Mall Outlet - Hotel stay,Travel
1985,2026-06-16,2.51,"Tran, Johnson and Taylor","Tran, Johnson and Taylor - Lunch with friends",Travel
1986,2024-10-16,7.52,Campos Ltd,Lunch with friends,Food
1987,2026-01-29,15.78,Martin and Sons,Martin and Sons - Flight booking,Entertainment
1988,2024-10-10,1.24,Hilton Hotels,Hilton Hotels - Electric bill payment,Travel
1989,2026-05-11,13.2,Local High School,Local High School - Course fee,Education
1990,2024-12-01,30.59,"Espinoza, Nichols and Hale","Espinoza, Nichols and Hale - Monthly subscription",Shopping
1991,2024-08-22,42.54,Netflix Streaming,Netflix Streaming - Course fee,Entertainment
1992,2024-09-16,8.86,State University,Flight booking,Education
1993,2024-04-28,2.11,Chaney PLC,Course fee,Education
1994,2025-01-19,29.34,Gas Station,Gas Station - Taxi ride,Bills
1995,2025-04-14,9.42,Hilton Hotels,Hilton Hotels - Online purchase,Travel
1996,2024-03-27,8.02,Joe's Pizza,Joe's Pizza - Lunch with friends,Food
1997,2025-02-08,2.0,"Peterson, Mcgrath and Taylor","Peterson, Mcgrath and Taylor - Online purchase",Shopping
1998,2025-08-04,77.39,State University,State University - Hotel stay,Travel
1999,2024-12-25,7.75,Electric Company,Online purchase,Bills
2000,2025-06-12,13.45,Williams and Sons,Williams and Sons - Lunch with friends,Food
2001,2025-09-03,46.31,Netflix Streaming,Netflix Streaming - Course fee,Entertainment
2002,2025-08-02,14.56,Lyft,Lyft - Gas refill,Transport
2003,2025-11-29,25.59,Local Taxi,Local Taxi - Grocery shopping,Food
2004,2024-07-26,7.61,Mayer-Simpson,Mayer-Simpson - Taxi ride,Shopping
2005,2025-08-06,7.36,Electric Company,Electric Company - Grocery shopping,Bills
2006,2024-05-31,24.79,Rocha-Lowery,Online purchase,Transport
2007,2025-05-26,27.89,Amazon Marketplace,Taxi ride,Shopping
2008,2024-12-05,11.38,"Schneider, Burke and Coleman",Prescription purchase,Shopping
2009,2025-10-08,70.99,Carlson Ltd,Carlson Ltd - Grocery shopping,Others
2010,2026-08-21,6.63,Joe's Pizza,Joe's Pizza - Grocery shopping,Food
2011,2024-01-01,7.06,Walmart Supercenter,Walmart Supercenter - Hotel stay,Travel
2012,2025-08-08,12.84,Gas Station,Lunch with friends,Bills
2013,2025-03-20,12.17,Webb-Baldwin,Webb-Baldwin - Course fee,Health
2014,2024-12-21,90.5,City Hospital,City Hospital - Course fee,Education
2015,2025-01-16,8.43,Electric Company,Electric Company - Prescription purchase,Bills
2016,2024-01-03,26.41,Local High School,Flight booking,Education
2017,2026-06-16,58.12,State University,State University - Online purchase,Education
2018,2024-11-13,93.94,Waterworks,Gas refill,Bills
2019,2025-06-24,97.84,Waterworks,Electric bill payment,Bills
2020,2025-02-26,5.32,Uber Eats,Taxi ride,Transport
2021,2023-11-18,58.9,CVS Pharmacy,CVS Pharmacy - Electric bill payment,Health
2022,2025-10-15,74.68,Mall Outlet,Lunch with friends,Others
2023,2026-08-08,7.64,"Everett, Brown and Shaw","Everett, Brown and Shaw - Hotel stay",Travel
2024,2023-09-15,49.74,Thomas-Thomas,Hotel stay,Travel
2025,2024-06-25,36.65,Castillo-Payne,Castillo-Payne - Gas refill,Bills
2026,2024-03-03,72.83,Taylor Group,Prescription purchase,Travel
2027,2024-02-12,80.1,Electric Company,Electric Company - Taxi ride,Bills
2028,2025-09-26,15.62,Amazon Marketplace,Course fee,Shopping
2029,2025-06-09,24.31,Starbucks Coffee,Starbucks Coffee - Online purchase,Entertainment
2030,2023-09-10,25.1,Erickson-Alexander,Monthly subscription,Shopping
2031,2024-09-06,4.21,Local Taxi,Monthly subscription,Others
2032,2025-12-10,1.98,"Ward, Parker and Wood","Ward, Parker and Wood - Online purchase",Utilities
2033,2025-02-09,43.17,Mall Outlet,Mall Outlet - Hotel stay,Travel
2034,2024-04-21,50.7,Corner Grocery,Corner Grocery - Gas refill,Bills
2035,2024-05-15,18.43,Gutierrez Group,Gutierrez Group - Monthly subscription,Utilities
2036,2024-10-31,16.38,Green-Tucker,Course fee,Travel
2037,2024-07-19,3.18,Walmart Supercenter,Walmart Supercenter - Prescription purchase,Shopping
2038,2025-05-20,34.86,"Skinner, Shaw and Cannon",Electric bill payment,Bills
2039,2026-01-23,51.28,Uber Eats,Hotel stay,Transport
2040,2026-02-01,31.4,"Gonzales, Sutton and Welch","Gonzales, Sutton and Welch - Grocery shopping",Transport
2041,2026-04-09,17.05,Amazon Marketplace,Flight booking,Shopping
2042,2025-06-08,23.91,City Hospital,City Hospital - Gas refill,Bills
2043,2024-07-02,20.43,CVS Pharmacy,Online purchase,Health
2044,2025-09-04,8.56,Joe's Pizza,Joe's Pizza - Online purchase,Food
2045,2023-12-25,8.99,State University,State University - Prescription purchase,Education
2046,2024-05-29,28.27,Mall Outlet,Mall Outlet - Hotel stay,Travel
2047,2025-07-11,4.04,Hilton Hotels,Hilton Hotels - Gas refill,Travel
2048,2024-11-05,11.66,Spotify,Spotify - Monthly subscription,Entertainment
2049,2025-10-19,39.45,Starbucks Coffee,Starbucks Coffee - Online purchase,Food
2050,2026-03-30,5.29,"Jones, Jones and Nielsen","Jones, Jones and Nielsen - Electric bill payment",Bills
2051,2023-09-05,4.63,Hilton Hotels,Monthly subscription,Travel
2052,2025-02-12,65.95,Electric Company,Electric Company - Course fee,Bills
2053,2024-11-30,10.86,Walmart Supercenter,Walmart Supercenter - Hotel stay,Travel
2054,2025-04-06,45.85,Delta Airlines,Delta Airlines - Taxi ride,Travel
2055,2026-06-01,11.61,Jacobs-Thompson,Jacobs-Thompson - Taxi ride,Food
2056,2025-08-15,21.03,"Miller, Smith and Fletcher","Miller, Smith and Fletcher - Monthly subscription",Health
2057,2024-10-01,26.93,Cole PLC,Prescription purchase,Food
2058,2026-06-29,30.02,"Chambers, Elliott and Hansen","Chambers, Elliott and Hansen - Prescription purchase",Others
2059,2025-05-22,100.99,Anderson Ltd,Anderson Ltd - Flight booking,Shopping
2060,2025-05-12,2.13,"Sutton, Anderson and Gregory","Sutton, Anderson and Gregory - Online purchase",Transport
2061,2023-09-16,88.31,Baker and Sons,Baker and Sons - Online purchase,Shopping
2062,2025-04-20,11.02,Hilton Hotels,Monthly subscription,Travel
2063,2025-05-12,71.52,Netflix Streaming,Course fee,Entertainment
2064,2026-07-25,24.82,Netflix Streaming,Netflix Streaming - Hotel stay,Travel
2065,2025-06-08,26.12,Williams-Chapman,Williams-Chapman - Taxi ride,Travel
2066,2025-03-07,21.05,State University,Grocery shopping,Education
2067,2024-02-13,32.1,Gas Station,Gas Station - Monthly subscription,Bills
2068,2025-04-01,5.49,State University,Flight booking,Education
2069,2025-05-26,65.95,Local High School,Local High School - Taxi ride,Education
2070,2024-11-02,8.8,"Adams, Miller and Jones","Adams, Miller and Jones - Lunch with friends",Travel
2071,2025-06-29,19.21,Walmart Supercenter,Walmart Supercenter - Online purchase,Shopping
2072,2024-08-03,31.85,Herrera and Sons,Online purchase,Food
2073,2024-06-02,32.74,Castaneda LLC,Castaneda LLC - Course fee,Education
2074,2025-08-09,8.19,Hilton Hotels,Hilton Hotels - Monthly subscription,Travel
2075,2024-02-14,9.67,Walmart Supercenter,Walmart Supercenter - Flight booking,Shopping
2076,2026-07-18,21.79,Yu PLC,Yu PLC - Course fee,Bills
2077,2024-12-26,63.17,Walmart Supercenter,Walmart Supercenter - Grocery shopping,Shopping
2078,2025-12-04,34.75,CVS Pharmacy,Flight booking,Health
2079,2024-09-13,18.83,Electric Company,Gas refill,Bills
2080,2025-06-02,16.04,Electric Company,Electric Company - Taxi ride,Bills
2081,2025-03-01,75.44,Amazon Marketplace,Amazon Marketplace - Online purchase,Shopping
2082,2025-03-04,3.74,Spotify,Spotify - Grocery shopping,Entertainment
2083,2023-11-08,39.73,Waterworks,Prescription purchase,Bills
2084,2026-06-28,2.14,CVS Pharmacy,CVS Pharmacy - Taxi ride,Health
2085,2025-11-21,11.27,State University,Taxi ride,Education
2086,2024-05-04,23.12,Amazon Marketplace,Amazon Marketplace - Prescription purchase,Shopping
2087,2024-07-07,8.8,Electric Company,Course fee,Bills
2088,2023-10-21,47.55,City Hospital,City Hospital - Prescription purchase,Travel
2089,2023-10-16,15.48,Brown and Sons,Taxi ride,Bills
2090,2024-06-02,16.56,Hilton Hotels,Hilton Hotels - Taxi ride,Travel
2091,2025-04-14,69.53,Electric Company,Electric Company - Electric bill payment,Bills
2092,2024-11-28,118.03,Mall Outlet,Mall Outlet - Monthly subscription,Entertainment
2093,2025-08-08,5.9,"Olson, Fox and Kerr",Lunch with friends,Transport
2094,2024-12-15,13.31,Jordan LLC,Jordan LLC - Flight booking,Food
2095,2025-09-29,5.54,"Mathis, Sanchez and Barr","Mathis, Sanchez and Barr - Lunch with friends",Shopping
2096,2025-10-22,14.78,"Lam, Gomez and Velasquez","Lam, Gomez and Velasquez - Course fee",Others
2097,2024-11-12,3.1,Uber Eats,Uber Eats - Prescription purchase,Transport
2098,2024-01-21,44.31,Watkins-King,Watkins-King - Taxi ride,Shopping
2099,2025-11-15,66.45,Corner Grocery,Taxi ride,Food
2100,2025-01-07,11.64,Mall Outlet,Gas refill,Bills
2101,2024-08-07,11.42,Cowan and Sons,Cowan and Sons - Hotel stay,Travel
2102,2026-01-28,77.29,Local Taxi,Hotel stay,Travel
2103,2026-01-24,7.5,CVS Pharmacy,CVS Pharmacy - Electric bill payment,Health
2104,2025-09-12,14.18,"Ellison, Harris and Sandoval",Lunch with friends,Others
2105,2026-02-17,45.76,Starbucks Coffee,Electric bill payment,Bills
2106,2023-10-31,7.11,Matthews Inc,Matthews Inc - Grocery shopping,Travel
2107,2025-06-09,12.11,Friedman PLC,Friedman PLC - Gas refill,Bills
2108,2025-07-03,12.35,Lyft,Lyft - Gas refill,Transport
2109,2025-08-20,50.48,Local High School,Local High School - Flight booking,Education
2110,2025-04-14,89.06,State University,State University - Online purchase,Education
2111,2023-11-26,22.57,Uber Eats,Uber Eats - Lunch with friends,Transport
2112,2024-08-27,76.19,Herrera Inc,Herrera Inc - Electric bill payment,Bills
2113,2026-03-22,44.2,Walton-Garrett,Electric bill payment,Bills
2114,2025-11-29,99.75,Mall Outlet,Mall Outlet - Flight booking,Shopping
2115,2026-07-23,32.31,Gas Station,Gas Station - Gas refill,Bills
2116,2025-03-20,59.1,Woods and Sons,Woods and Sons - Grocery shopping,Food
2117,2026-08-04,10.53,Whitaker and Sons,Flight booking,Health
2118,2025-10-14,23.74,"Spencer, White and Thomas",Monthly subscription,Others
2119,2024-04-23,36.53,Amazon Marketplace,Prescription purchase,Shopping
2120,2025-07-04,10.81,Howell Group,Howell Group - Electric bill payment,Bills
2121,2024-02-22,8.91,Starbucks Coffee,Starbucks Coffee - Electric bill payment,Bills
2122,2025-02-13,49.91,Brady-Welch,Course fee,Shopping
2123,2024-01-10,65.48,Walmart Supercenter,Walmart Supercenter - Hotel stay,Travel
2124,2024-09-04,12.95,"Baker, Mclean and Hernandez","Baker, Mclean and Hernandez - Course fee",Shopping
2125,2024-09-17,18.32,Walmart Supercenter,Walmart Supercenter - Prescription purchase,Shopping
2126,2025-11-30,24.88,Hilton Hotels,Hilton Hotels - Prescription purchase,Travel
2127,2025-03-21,7.08,Local Taxi,Local Taxi - Flight booking,Others
2128,2024-03-16,13.36,"Franklin, Davis and Jefferson",Grocery shopping,Shopping
2129,2023-11-10,13.81,Young-Morrow,Young-Morrow - Prescription purchase,Shopping
2130,2026-05-19,9.03,"Foster, Vazquez and Brooks","Foster, Vazquez and Brooks - Gas refill",Bills
2131,2025-06-09,32.9,Joe's Pizza,Joe's Pizza - Grocery shopping,Food
2132,2026-04-12,36.83,Uber Eats,Uber Eats - Taxi ride,Transport
2133,2025-07-23,45.55,Starbucks Coffee,Prescription purchase,Education
2134,2025-10-03,44.55,Lyft,Course fee,Transport
2135,2024-08-27,8.87,Delta Airlines,Delta Airlines - Lunch with friends,Travel
2136,2025-07-19,23.26,Daniels-Dean,Daniels-Dean - Lunch with friends,Entertainment
2137,2025-01-04,38.32,Local High School,Local High School - Gas refill,Education
2138,2026-03-12,86.05,Starbucks Coffee,Starbucks Coffee - Hotel stay,Travel
2139,2025-02-18,6.07,Gas Station,Gas Station - Gas refill,Bills
2140,2026-03-22,12.4,Local High School,Online purchase,Education
2141,2024-04-29,113.14,Fields-White,Taxi ride,Travel
2142,2024-08-31,13.08,Netflix Streaming,Netflix Streaming - Electric bill payment,Entertainment
2143,2024-05-31,15.79,Mcdonald Ltd,Mcdonald Ltd - Lunch with friends,Others
2144,2026-07-12,66.88,Delta Airlines,Hotel stay,Travel
2145,2026-02-10,10.41,City Hospital,City Hospital - Prescription purchase,Food
2146,2026-08-30,7.97,Amazon Marketplace,Grocery shopping,Shopping
2147,2025-12-12,76.06,Local Taxi,Local Taxi - Electric bill payment,Bills
2148,2024-12-08,11.44,Castaneda-Baird,Castaneda-Baird - Gas refill,Bills
2149,2025-07-03,18.14,Callahan and Sons,Callahan and Sons - Taxi ride,Health
2150,2024-11-03,9.02,"Sheppard, Williams and Mcdonald",Taxi ride,Travel
2151,2025-12-25,9.1,Corner Grocery,Corner Grocery - Lunch with friends,Utilities
2152,2024-01-01,107.94,State University,State University - Prescription purchase,Education
2153,2025-03-06,57.93,City Hospital,City Hospital - Monthly subscription,Travel
2154,2025-09-28,27.8,"Riley, Fischer and Curtis","Riley, Fischer and Curtis - Online purchase",Shopping
2155,2025-04-01,18.71,Lewis and Sons,Grocery shopping,Travel
2156,2026-01-24,19.74,CVS Pharmacy,CVS Pharmacy - Monthly subscription,Health
2157,2025-05-31,21.21,City Hospital,Taxi ride,Travel
2158,2024-01-07,6.38,Local Taxi,Gas refill,Bills
2159,2025-07-25,2.43,Joe's Pizza,Joe's Pizza - Course fee,Food
2160,2026-05-11,44.05,Garcia-Hodge,Garcia-Hodge - Flight booking,Health
2161,2024-11-01,4.61,Howell Ltd,Howell Ltd - Monthly subscription,Utilities
2162,2024-02-18,6.8,Schneider-Navarro,Lunch with friends,Others
2163,2025-03-19,30.77,Waterworks,Gas refill,Bills
2164,2025-08-15,7.47,"Wade, Anderson and Shaffer",Lunch with friends,Shopping
2165,2025-10-27,28.78,Corner Grocery,Corner Grocery - Course fee,Food
2166,2025-12-27,11.62,Delta Airlines,Delta Airlines - Course fee,Travel
2167,2025-11-16,10.8,Santana Ltd,Prescription purchase,Utilities
2168,2026-06-11,20.31,Netflix Streaming,Netflix Streaming - Online purchase,Entertainment
2169,2024-02-05,36.65,"Boyle, Mcneil and Snyder","Boyle, Mcneil and Snyder - Grocery shopping",Travel
2170,2024-11-09,33.03,State University,Taxi ride,Education
2171,2024-06-16,193.2,Hilton Hotels,Hilton Hotels - Grocery shopping,Travel
2172,2023-10-29,68.92,Lyft,Lyft - Gas refill,Transport
2173,2026-07-30,60.49,Corner Grocery,Corner Grocery - Flight booking,Bills
2174,2026-02-24,10.06,Alvarez-Hernandez,Monthly subscription,Food
2175,2025-12-30,1.98,City Hospital,City Hospital - Flight booking,Utilities
2176,2023-12-12,74.38,Wilson Ltd,Wilson Ltd - Taxi ride,Food
2177,2026-06-14,82.56,Shields Group,Shields Group - Electric bill payment,Bills
2178,2026-06-03,126.8,Delta Airlines,Delta Airlines - Lunch with friends,Travel
2179,2025-02-26,2.74,Flores-Stone,Flores-Stone - Lunch with friends,Transport
2180,2024-12-31,23.2,Hilton Hotels,Hilton Hotels - Electric bill payment,Travel
2181,2026-01-05,24.57,Mall Outlet,Mall Outlet - Online purchase,Health
2182,2026-07-10,37.46,State University,State University - Gas refill,Education
2183,2025-06-02,19.88,Delta Airlines,Delta Airlines - Lunch with friends,Travel
2184,2025-01-25,28.87,Corner Grocery,Corner Grocery - Prescription purchase,Shopping
2185,2025-04-14,73.21,CVS Pharmacy,CVS Pharmacy - Monthly subscription,Health
2186,2026-07-18,14.66,Local Taxi,Local Taxi - Monthly subscription,Health
2187,2024-06-25,11.57,Spotify,Gas refill,Entertainment
2188,2026-01-31,17.94,Jackson-Miller,Course fee,Utilities
2189,2024-10-21,31.49,"Lee, Brown and Smith",Monthly subscription,Others
2190,2025-12-04,50.1,Joe's Pizza,Course fee,Food
2191,2023-11-01,9.73,Starbucks Coffee,Starbucks Coffee - Lunch with friends,Others
2192,2026-05-17,77.51,Starbucks Coffee,Starbucks Coffee - Grocery shopping,Food
2193,2025-08-06,58.37,Amazon Marketplace,Lunch with friends,Shopping
2194,2024-10-23,4.99,Ortiz-Smith,Ortiz-Smith - Online purchase,Bills
2195,2026-03-09,2.95,Joe's Pizza,Grocery shopping,Food
2196,2025-09-03,22.03,Netflix Streaming,Flight booking,Entertainment
2197,2024-09-18,94.58,Joe's Pizza,Joe's Pizza - Online purchase,Food
2198,2024-04-09,40.58,Netflix Streaming,Flight booking,Entertainment
2199,2024-05-04,37.01,Chapman and Sons,Chapman and Sons - Electric bill payment,Bills
2200,2026-07-26,15.98,Amazon Marketplace,Hotel stay,Travel
2201,2026-05-20,31.48,Brown PLC,Flight booking,Shopping
2202,2024-08-31,36.74,Murphy PLC,Murphy PLC - Hotel stay,Travel
2203,2024-04-26,28.74,"Haas, Ruiz and Wells","Haas, Ruiz and Wells - Online purchase",Food
2204,2023-10-25,20.25,Friedman Inc,Friedman Inc - Lunch with friends,Food
2205,2026-04-26,28.55,CVS Pharmacy,Prescription purchase,Health
2206,2025-02-14,6.78,CVS Pharmacy,Prescription purchase,Health
2207,2025-01-28,22.49,State University,Course fee,Education
2208,2024-02-09,19.36,Electric Company,Electric Company - Electric bill payment,Bills
2209,2023-09-26,17.81,Walmart Supercenter,Walmart Supercenter - Taxi ride,Shopping
2210,2024-03-19,4.59,"Williams, Quinn and Frye","Williams, Quinn and Frye - Grocery shopping",Transport
2211,2025-05-09,18.51,May Ltd,May Ltd - Course fee,Shopping
2212,2026-07-26,5.93,Starbucks Coffee,Starbucks Coffee - Online purchase,Health
2213,2025-06-13,24.91,Joe's Pizza,Lunch with friends,Food
2214,2024-06-09,72.3,Lyft,Lyft - Course fee,Transport
2215,2024-02-02,6.81,Campos-Smith,Monthly subscription,Bills
2216,2026-01-08,37.55,Joe's Pizza,Joe's Pizza - Gas refill,Food
2217,2024-12-26,34.04,State University,Online purchase,Education
2218,2026-05-04,69.44,Vance Ltd,Vance Ltd - Monthly subscription,Shopping
2219,2024-02-08,27.36,Waterworks,Waterworks - Grocery shopping,Bills
2220,2024-06-22,10.79,Joe's Pizza,Lunch with friends,Food
2221,2026-01-21,9.86,Netflix Streaming,Netflix Streaming - Electric bill payment,Entertainment
2222,2024-11-09,36.98,Mall Outlet,Mall Outlet - Lunch with friends,Travel
2223,2024-09-11,55.63,"Reyes, Lopez and Rose",Hotel stay,Travel
2224,2025-07-24,32.17,Waterworks,Waterworks - Monthly subscription,Bills
2225,2025-05-18,41.08,CVS Pharmacy,Prescription purchase,Health
2226,2025-09-05,21.58,Corner Grocery,Corner Grocery - Monthly subscription,Food
2227,2025-01-18,10.24,Local Taxi,Course fee,Entertainment
2228,2026-01-26,17.18,Gas Station,Online purchase,Bills
2229,2024-02-19,133.25,CVS Pharmacy,CVS Pharmacy - Lunch with friends,Health
2230,2024-08-08,18.4,Spotify,Prescription purchase,Entertainment
2231,2023-10-20,139.12,Delta Airlines,Delta Airlines - Gas refill,Travel
2232,2024-02-18,82.33,"Garza, Downs and Perez","Garza, Downs and Perez - Electric bill payment",Bills
2233,2025-09-14,11.67,"Smith, Taylor and Potter",Prescription purchase,Food
2234,2025-02-10,4.89,Netflix Streaming,Online purchase,Entertainment
2235,2023-09-05,22.9,Walmart Supercenter,Walmart Supercenter - Gas refill,Shopping
2236,2025-09-19,15.85,Gas Station,Gas Station - Grocery shopping,Bills
2237,2025-05-20,13.02,Netflix Streaming,Monthly subscription,Entertainment
2238,2024-10-08,8.23,Joe's Pizza,Joe's Pizza - Taxi ride,Food
2239,2025-09-09,10.76,Hilton Hotels,Hilton Hotels - Electric bill payment,Travel
2240,2025-04-05,13.04,Chandler-Hill,Chandler-Hill - Monthly subscription,Health
2241,2025-01-10,10.82,Mall Outlet,Flight booking,Others
2242,2026-04-18,8.73,Spotify,Spotify - Hotel stay,Travel
2243,2026-05-03,82.76,Uber Eats,Uber Eats - Gas refill,Transport
2244,2023-11-25,8.39,Booker-Reed,Electric bill payment,Bills
2245,2025-07-01,3.46,Rogers PLC,Hotel stay,Travel
2246,2025-06-21,1.48,State University,Online purchase,Education
2247,2026-02-20,4.59,Electric Company,Electric Company - Grocery shopping,Bills
2248,2025-02-21,15.49,"Beard, Turner and Benson","Beard, Turner and Benson - Online purchase",Education
2249,2025-04-28,11.19,Local Taxi,Local Taxi - Electric bill payment,Bills
2250,2023-10-28,29.01,Price-Wright,Price-Wright - Prescription purchase,Food
2251,2026-03-03,15.07,City Hospital,City Hospital - Course fee,Travel
2252,2023-11-21,30.29,Brown LLC,Brown LLC - Grocery shopping,Food
2253,2025-02-07,63.67,Moore and Sons,Moore and Sons - Electric bill payment,Bills
2254,2023-12-02,13.51,Starbucks Coffee,Starbucks Coffee - Prescription purchase,Travel
2255,2024-06-29,18.35,Corner Grocery,Hotel stay,Travel
2256,2024-02-02,27.65,"Anderson, Zamora and Lopez",Course fee,Transport
2257,2026-04-18,34.3,"Bentley, Atkins and Suarez","Bentley, Atkins and Suarez - Taxi ride",Travel
2258,2024-12-02,11.01,Smith Ltd,Gas refill,Bills
2259,2023-10-05,15.72,Spotify,Spotify - Gas refill,Entertainment
2260,2025-10-23,54.73,Uber Eats,Uber Eats - Hotel stay,Transport
2261,2024-02-06,62.71,Delta Airlines,Delta Airlines - Grocery shopping,Travel
2262,2025-01-30,53.21,Spotify,Prescription purchase,Entertainment
2263,2025-01-16,1.14,Lyft,Monthly subscription,Transport
2264,2024-11-01,69.77,State University,Flight booking,Education
2265,2024-07-16,24.65,Amazon Marketplace,Amazon Marketplace - Course fee,Shopping
2266,2026-08-01,2.45,Mall Outlet,Mall Outlet - Hotel stay,Travel
2267,2025-04-09,13.44,"Ali, Ramirez and Howard",Online purchase,Transport
2268,2026-06-11,32.35,Santiago-Andrews,Gas refill,Bills
2269,2024-12-14,28.52,Joe's Pizza,Joe's Pizza - Electric bill payment,Food
2270,2025-02-21,65.83,Walmart Supercenter,Taxi ride,Shopping
2271,2023-11-28,47.3,State University,Flight booking,Education
2272,2025-03-05,20.53,Local High School,Local High School - Hotel stay,Travel
2273,2024-11-04,13.93,Electric Company,Electric Company - Lunch with friends,Bills
2274,2026-05-01,67.46,"Barrera, Simmons and Atkins",Taxi ride,Transport
2275,2026-04-02,221.44,Netflix Streaming,Netflix Streaming - Taxi ride,Entertainment
2276,2025-04-12,7.24,"Simpson, Hartman and Williams",Gas refill,Bills
2277,2024-09-20,29.47,Ray-Prince,Taxi ride,Travel
2278,2025-06-19,5.98,Griffith-Powell,Griffith-Powell - Prescription purchase,Entertainment
2279,2023-09-14,50.22,Lyft,Lyft - Electric bill payment,Transport
2280,2025-05-05,28.58,Delta Airlines,Delta Airlines - Electric bill payment,Travel
2281,2026-01-09,12.43,Delta Airlines,Delta Airlines - Online purchase,Travel
2282,2025-04-04,7.75,"Wright, Grant and Ramos","Wright, Grant and Ramos - Monthly subscription",Entertainment
2283,2025-04-14,37.78,Mall Outlet,Mall Outlet - Flight booking,Others
2284,2024-01-17,18.8,Electric Company,Electric Company - Taxi ride,Bills
2285,2023-11-05,20.8,Netflix Streaming,Gas refill,Entertainment
2286,2025-01-22,36.46,Netflix Streaming,Grocery shopping,Entertainment
2287,2023-12-20,79.38,Electric Company,Taxi ride,Bills
2288,2025-11-21,16.24,"Wilson, Rowland and Morgan","Wilson, Rowland and Morgan - Taxi ride",Travel
2289,2023-10-14,13.81,Carlson Group,Online purchase,Shopping
2290,2025-03-28,9.81,Amazon Marketplace,Amazon Marketplace - Grocery shopping,Shopping
2291,2024-03-14,31.03,Camacho Inc,Camacho Inc - Course fee,Travel
2292,2025-11-19,7.62,State University,State University - Taxi ride,Education
2293,2025-11-02,45.5,Joe's Pizza,Joe's Pizza - Hotel stay,Food
2294,2023-11-26,70.56,"Bauer, Bryant and Lamb","Bauer, Bryant and Lamb - Flight booking",Bills
2295,2025-04-20,1.38,Netflix Streaming,Netflix Streaming - Course fee,Entertainment
2296,2026-04-15,13.36,Amazon Marketplace,Amazon Marketplace - Lunch with friends,Shopping
2297,2024-09-08,4.99,Joe's Pizza,Flight booking,Food
2298,2024-08-09,46.81,Electric Company,Electric Company - Prescription purchase,Bills
2299,2023-12-17,37.15,Netflix Streaming,Netflix Streaming - Course fee,Entertainment
2300,2023-12-14,103.29,Joe's Pizza,Joe's Pizza - Monthly subscription,Food
2301,2025-07-16,7.6,State University,State University - Monthly subscription,Education
2302,2025-12-22,18.46,Local High School,Gas refill,Education
2303,2025-02-26,28.96,"Hartman, Sexton and Webb",Gas refill,Bills
2304,2024-12-14,18.31,Gas Station,Gas Station - Electric bill payment,Bills
2305,2026-06-25,3.39,Gas Station,Electric bill payment,Bills
2306,2025-09-28,8.91,Local High School,Grocery shopping,Education
2307,2025-11-08,46.3,Berry-Lynch,Hotel stay,Travel
2308,2025-08-07,10.35,CVS Pharmacy,Gas refill,Health
2309,2025-10-22,37.84,Amazon Marketplace,Monthly subscription,Shopping
2310,2026-07-21,68.31,Osborne-Robinson,Osborne-Robinson - Course fee,Others
2311,2023-10-22,38.85,City Hospital,Course fee,Food
2312,2023-12-25,89.71,Hilton Hotels,Hilton Hotels - Prescription purchase,Travel
2313,2025-03-22,5.22,Smith PLC,Smith PLC - Monthly subscription,Entertainment
2314,2023-09-17,71.91,Netflix Streaming,Netflix Streaming - Online purchase,Entertainment
2315,2024-10-26,14.44,Waterworks,Waterworks - Taxi ride,Bills
2316,2024-10-26,23.33,Spotify,Spotify - Taxi ride,Entertainment
2317,2023-11-27,3.39,Local Taxi,Online purchase,Travel
2318,2023-12-11,13.06,Local Taxi,Local Taxi - Prescription purchase,Travel
2319,2024-12-03,25.31,Price Group,Grocery shopping,Others
2320,2024-12-24,27.56,"Sherman, White and Graves","Sherman, White and Graves - Monthly subscription",Travel
2321,2026-05-17,41.95,Local Taxi,Local Taxi - Grocery shopping,Food
2322,2025-03-25,33.31,"Bishop, Long and Sloan","Bishop, Long and Sloan - Flight booking",Bills
2323,2024-04-09,9.48,State University,State University - Hotel stay,Travel
2324,2025-01-17,15.2,Amazon Marketplace,Amazon Marketplace - Taxi ride,Shopping
2325,2023-11-22,79.19,Walmart Supercenter,Lunch with friends,Shopping
2326,2026-06-05,47.12,"Sanchez, Steele and Davis",Lunch with friends,Entertainment
2327,2023-10-23,97.5,Lyft,Lyft - Gas refill,Transport
2328,2023-11-12,32.92,Peterson-Orr,Taxi ride,Food
2329,2026-06-08,8.06,Electric Company,Course fee,Bills
2330,2025-11-27,35.1,Netflix Streaming,Netflix Streaming - Taxi ride,Entertainment
2331,2023-10-26,71.38,Rojas-Camacho,Rojas-Camacho - Flight booking,Utilities
2332,2025-10-01,9.65,Netflix Streaming,Netflix Streaming - Prescription purchase,Entertainment
2333,2025-09-14,96.94,Amazon Marketplace,Amazon Marketplace - Online purchase,Shopping
2334,2025-03-16,123.36,Uber Eats,Course fee,Transport
2335,2024-03-27,32.47,Spotify,Course fee,Entertainment
2336,2025-01-12,48.93,"Porter, Dominguez and Pearson",Hotel stay,Travel
2337,2023-12-14,17.4,State University,State University - Flight booking,Education
2338,2024-03-25,7.79,CVS Pharmacy,CVS Pharmacy - Taxi ride,Health
2339,2023-11-22,15.98,"Thompson, Hernandez and Guerrero","Thompson, Hernandez and Guerrero - Lunch with friends",Others
2340,2024-04-17,19.72,"Mitchell, Lewis and Austin",Flight booking,Food
2341,2023-10-27,5.42,Spotify,Spotify - Online purchase,Entertainment
2342,2024-12-17,14.34,Netflix Streaming,Netflix Streaming - Lunch with friends,Entertainment
2343,2025-12-26,2.81,Mall Outlet,Hotel stay,Travel
2344,2023-11-05,33.63,Netflix Streaming,Hotel stay,Travel
2345,2025-07-07,15.37,City Hospital,City Hospital - Flight booking,Health
2346,2024-03-27,58.77,Electric Company,Electric Company - Hotel stay,Travel
2347,2025-02-26,42.57,CVS Pharmacy,CVS Pharmacy - Online purchase,Health
2348,2025-02-26,54.64,Lyft,Lyft - Monthly subscription,Transport
2349,2024-04-04,71.78,Powell Group,Powell Group - Lunch with friends,Education
2350,2023-11-20,43.45,Lyft,Lyft - Online purchase,Transport
2351,2024-02-28,28.66,Spotify,Spotify - Gas refill,Entertainment
2352,2024-04-28,50.45,Corner Grocery,Taxi ride,Travel
2353,2026-01-06,50.29,Amazon Marketplace,Amazon Marketplace - Grocery shopping,Shopping
2354,2023-12-25,1.37,"Nguyen, Castro and Young",Electric bill payment,Bills
2355,2024-04-02,8.22,Larson-Garcia,Larson-Garcia - Flight booking,Bills
2356,2024-09-10,13.38,Delta Airlines,Delta Airlines - Monthly subscription,Travel
2357,2024-10-10,1.82,Murray Inc,Flight booking,Travel
2358,2026-02-20,62.4,Lane Group,Lunch with friends,Travel
2359,2026-04-24,13.65,Netflix Streaming,Prescription purchase,Entertainment
2360,2025-06-10,4.82,Joe's Pizza,Joe's Pizza - Taxi ride,Food
2361,2025-05-13,3.16,Martin-Harrington,Lunch with friends,Shopping
2362,2025-04-05,5.28,Spotify,Spotify - Lunch with friends,Entertainment
2363,2025-07-05,49.29,CVS Pharmacy,CVS Pharmacy - Hotel stay,Travel
2364,2024-09-19,41.36,Gas Station,Gas Station - Lunch with friends,Bills
2365,2024-09-10,85.84,"Gomez, Gibson and Gilbert",Flight booking,Others
2366,2024-01-14,81.42,Jackson-Steele,Jackson-Steele - Prescription purchase,Others
2367,2024-10-17,2.16,Lyft,Lyft - Online purchase,Transport
2368,2025-04-20,69.71,Uber Eats,Lunch with friends,Transport
2369,2023-12-17,8.17,Roberts Ltd,Roberts Ltd - Electric bill payment,Bills
2370,2025-09-13,8.42,Delta Airlines,Delta Airlines - Online purchase,Travel
2371,2025-04-29,54.56,Starbucks Coffee,Starbucks Coffee - Course fee,Utilities
2372,2024-01-18,18.57,Waterworks,Waterworks - Online purchase,Bills
2373,2025-09-16,79.52,Starbucks Coffee,Prescription purchase,Food
2374,2024-01-09,79.93,Local Taxi,Local Taxi - Taxi ride,Transport
2375,2026-05-20,2.84,Sullivan PLC,Prescription purchase,Shopping
2376,2023-11-12,4.39,City Hospital,City Hospital - Taxi ride,Transport
2377,2025-09-09,35.31,Robbins-Coleman,Robbins-Coleman - Prescription purchase,Others
2378,2024-04-02,2.44,Walmart Supercenter,Walmart Supercenter - Electric bill payment,Shopping
2379,2025-02-07,72.54,Jacobs-Glass,Jacobs-Glass - Course fee,Utilities
2380,2024-10-05,114.47,Local High School,Prescription purchase,Education
2381,2024-05-05,44.25,Green-Christensen,Gas refill,Bills
2382,2026-03-12,6.21,Taylor LLC,Electric bill payment,Bills
2383,2024-10-10,4.52,"Duffy, Forbes and Erickson","Duffy, Forbes and Erickson - Monthly subscription",Transport
2384,2024-05-08,61.24,Delta Airlines,Delta Airlines - Flight booking,Travel
2385,2026-08-20,2.66,CVS Pharmacy,CVS Pharmacy - Hotel stay,Travel
2386,2025-07-30,5.4,Owen Inc,Owen Inc - Electric bill payment,Bills
2387,2023-11-29,20.85,Electric Company,Lunch with friends,Bills
2388,2025-04-30,2.13,Williams-Warren,Williams-Warren - Electric bill payment,Bills
2389,2024-02-03,7.67,State University,State University - Hotel stay,Travel
2390,2025-02-20,151.02,"Allison, Newman and Taylor","Allison, Newman and Taylor - Monthly subscription",Entertainment
2391,2026-07-15,9.71,Joe's Pizza,Joe's Pizza - Monthly subscription,Food
2392,2025-12-31,5.22,Manning-Newton,Manning-Newton - Monthly subscription,Food
2393,2024-08-14,6.78,Amazon Marketplace,Hotel stay,Travel
2394,2025-06-18,3.0,Spotify,Spotify - Monthly subscription,Entertainment
2395,2025-07-24,18.04,Gardner-Romero,Course fee,Education
2396,2025-03-14,49.34,Corner Grocery,Corner Grocery - Taxi ride,Food
2397,2024-06-06,7.14,Amazon Marketplace,Gas refill,Shopping
2398,2023-10-06,24.33,Amazon Marketplace,Amazon Marketplace - Grocery shopping,Shopping
2399,2024-03-06,28.67,Corner Grocery,Corner Grocery - Monthly subscription,Shopping
2400,2026-05-13,8.29,State University,State University - Course fee,Education
2401,2025-05-29,19.08,Electric Company,Prescription purchase,Bills
2402,2023-09-11,65.39,Delta Airlines,Delta Airlines - Taxi ride,Travel
2403,2025-09-09,4.02,Local Taxi,Local Taxi - Gas refill,Bills
2404,2024-06-03,18.94,City Hospital,Taxi ride,Utilities
2405,2025-01-02,9.48,Electric Company,Electric Company - Online purchase,Bills
2406,2025-10-27,45.36,Mall Outlet,Electric bill payment,Bills
2407,2024-11-28,50.37,Turner Group,Turner Group - Flight booking,Health
2408,2023-10-05,4.01,"Glenn, Hines and Harris","Glenn, Hines and Harris - Gas refill",Bills
2409,2026-01-28,10.2,Haney Inc,Haney Inc - Online purchase,Others
2410,2025-03-16,19.16,State University,State University - Lunch with friends,Education
2411,2025-10-30,9.31,Ferguson-Daniel,Ferguson-Daniel - Course fee,Food
2412,2023-10-17,49.53,Lyft,Lyft - Course fee,Transport
2413,2025-01-19,59.77,Starbucks Coffee,Starbucks Coffee - Online purchase,Transport
2414,2024-03-25,14.94,Local High School,Local High School - Grocery shopping,Education
2415,2025-11-15,9.97,Walmart Supercenter,Walmart Supercenter - Flight booking,Shopping
2416,2025-06-26,28.43,Gay-Pineda,Gay-Pineda - Course fee,Food
2417,2024-10-15,8.05,Corner Grocery,Corner Grocery - Gas refill,Bills
2418,2023-09-12,5.19,"Alexander, Thompson and Lucas","Alexander, Thompson and Lucas - Prescription purchase",Bills
2419,2024-08-06,7.29,Brown-Glenn,Brown-Glenn - Flight booking,Shopping
2420,2026-03-08,79.75,Lyft,Lyft - Monthly subscription,Transport
2421,2025-10-22,94.46,CVS Pharmacy,Grocery shopping,Health
2422,2024-09-08,12.32,Jackson Inc,Hotel stay,Travel
2423,2025-02-11,6.28,CVS Pharmacy,CVS Pharmacy - Hotel stay,Travel
2424,2025-09-20,7.67,"Bryan, Matthews and Pierce",Course fee,Shopping
2425,2024-06-17,30.6,Mall Outlet,Mall Outlet - Grocery shopping,Shopping
2426,2023-11-28,6.09,Waterworks,Waterworks - Prescription purchase,Bills
2427,2024-10-07,18.04,Ellis Ltd,Ellis Ltd - Prescription purchase,Entertainment
2428,2023-12-04,73.19,Electric Company,Electric Company - Prescription purchase,Bills
2429,2025-09-01,1.09,Delta Airlines,Electric bill payment,Travel
2430,2026-02-10,25.12,Starbucks Coffee,Starbucks Coffee - Lunch with friends,Food
2431,2025-11-08,14.85,"Lindsey, Foster and Shaw","Lindsey, Foster and Shaw - Prescription purchase",Transport
2432,2023-10-16,179.9,Mall Outlet,Mall Outlet - Gas refill,Bills
2433,2025-01-17,25.11,Moore PLC,Lunch with friends,Food
2434,2025-07-22,31.04,"Richards, Myers and Henderson",Lunch with friends,Bills
2435,2024-12-14,13.81,Mall Outlet,Gas refill,Bills
2436,2026-08-26,2.93,Waterworks,Waterworks - Prescription purchase,Bills
2437,2023-12-01,42.71,Duran Ltd,Duran Ltd - Electric bill payment,Bills
2438,2026-05-15,12.44,"Dunn, Wallace and Anderson","Dunn, Wallace and Anderson - Online purchase",Others
2439,2026-06-05,57.6,CVS Pharmacy,CVS Pharmacy - Electric bill payment,Health
2440,2026-04-03,42.57,Local Taxi,Monthly subscription,Food
2441,2024-07-30,22.2,Hess-Osborne,Hess-Osborne - Course fee,Travel
2442,2024-06-19,41.27,Hilton Hotels,Electric bill payment,Travel
2443,2026-01-27,23.47,Martinez-Bell,Martinez-Bell - Electric bill payment,Bills
2444,2024-06-03,8.84,"Castro, Bullock and Christensen","Castro, Bullock and Christensen - Lunch with friends",Others
2445,2025-02-02,8.1,Amazon Marketplace,Taxi ride,Shopping
2446,2024-04-19,54.06,Mall Outlet,Mall Outlet - Flight booking,Shopping
2447,2024-10-01,27.78,Local Taxi,Local Taxi - Hotel stay,Travel
2448,2025-01-03,31.12,"Clark, Stevens and Lucas","Clark, Stevens and Lucas - Course fee",Shopping
2449,2025-03-30,10.63,Nelson-Lee,Nelson-Lee - Taxi ride,Food
2450,2025-02-28,24.72,"Martinez, Adams and Williams",Online purchase,Food
2451,2023-11-22,16.2,Snyder-Gamble,Hotel stay,Travel
2452,2026-02-20,15.89,Starbucks Coffee,Starbucks Coffee - Gas refill,Bills
2453,2024-04-10,68.46,Local Taxi,Grocery shopping,Utilities
2454,2024-01-20,35.03,"Peters, Hicks and Conrad",Flight booking,Shopping
2455,2025-03-04,43.2,Scott-Hartman,Scott-Hartman - Lunch with friends,Bills
2456,2024-06-04,21.58,Starbucks Coffee,Online purchase,Entertainment
2457,2025-02-16,15.5,Lyft,Lyft - Course fee,Transport
2458,2025-01-28,14.9,Local High School,Course fee,Education
2459,2024-01-30,12.49,Delta Airlines,Prescription purchase,Travel
2460,2024-10-02,21.96,Netflix Streaming,Netflix Streaming - Lunch with friends,Entertainment
2461,2024-11-28,82.09,Hilton Hotels,Hilton Hotels - Lunch with friends,Travel
2462,2024-07-29,2.94,Mall Outlet,Flight booking,Shopping
2463,2025-08-09,40.3,City Hospital,City Hospital - Hotel stay,Travel
2464,2024-08-27,24.85,Amazon Marketplace,Amazon Marketplace - Grocery shopping,Shopping
2465,2023-10-19,48.73,Mall Outlet,Mall Outlet - Online purchase,Education
2466,2025-07-24,50.34,Lyft,Gas refill,Transport
2467,2025-07-21,19.39,"Jennings, Carpenter and Ramirez",Flight booking,Education
2468,2025-04-26,26.27,CVS Pharmacy,CVS Pharmacy - Flight booking,Health
2469,2025-05-26,3.21,"Haynes, Bright and Meadows","Haynes, Bright and Meadows - Monthly subscription",Health
2470,2024-11-15,9.78,"Singleton, Johnson and Green",Flight booking,Utilities
2471,2024-05-24,18.94,Local High School,Grocery shopping,Education
2472,2026-04-25,40.58,Fisher Inc,Fisher Inc - Flight booking,Shopping
2473,2025-04-20,16.49,Amazon Marketplace,Amazon Marketplace - Flight booking,Shopping
2474,2024-10-10,3.0,Gas Station,Gas Station - Prescription purchase,Bills
2475,2026-03-02,25.14,"Thompson, Lewis and West",Gas refill,Bills
2476,2025-04-15,23.35,"Harris, Bell and Campos",Hotel stay,Travel
2477,2025-10-20,53.11,Smith Ltd,Flight booking,Travel
2478,2025-11-30,6.74,"Bartlett, Bush and Hester","Bartlett, Bush and Hester - Online purchase",Food
2479,2025-05-04,69.46,Corner Grocery,Online purchase,Shopping
2480,2025-11-04,18.95,Gas Station,Electric bill payment,Bills
2481,2026-01-20,2.81,Uber Eats,Uber Eats - Electric bill payment,Transport
2482,2025-05-05,70.58,Harris-Webb,Flight booking,Utilities
2483,2023-10-11,23.91,Local Taxi,Local Taxi - Gas refill,Bills
2484,2025-08-20,2.81,"Hill, Ryan and Mitchell","Hill, Ryan and Mitchell - Electric bill payment",Bills
2485,2026-02-14,27.27,Gray-Schmidt,Gray-Schmidt - Prescription purchase,Entertainment
2486,2026-06-26,20.2,"Powers, Johnson and Estrada",Prescription purchase,Food
2487,2023-09-11,18.59,Graves-Smith,Lunch with friends,Education
2488,2025-09-16,16.44,"Richards, Munoz and Cantrell","Richards, Munoz and Cantrell - Hotel stay",Travel
2489,2025-11-02,60.13,"Douglas, Velazquez and Sanchez","Douglas, Velazquez and Sanchez - Lunch with friends",Travel
2490,2023-09-03,20.25,Corner Grocery,Corner Grocery - Monthly subscription,Travel
2491,2024-11-09,5.66,Mills-Stevens,Mills-Stevens - Prescription purchase,Food
2492,2025-10-01,19.6,CVS Pharmacy,Hotel stay,Travel
2493,2026-05-25,14.94,Perry PLC,Taxi ride,Others
2494,2024-08-20,7.72,"Wood, Jackson and Flores","Wood, Jackson and Flores - Online purchase",Utilities
2495,2023-09-28,49.07,City Hospital,City Hospital - Grocery shopping,Utilities
2496,2024-04-01,33.1,Electric Company,Grocery shopping,Bills
2497,2024-12-27,38.28,"Johnson, Martinez and Howard","Johnson, Martinez and Howard - Gas refill",Bills
2498,2025-03-29,9.83,Nash Ltd,Nash Ltd - Hotel stay,Travel
2499,2024-05-20,15.45,Lyft,Grocery shopping,Transport
2500,2026-05-25,12.18,"Wong, Stewart and Rodriguez","Wong, Stewart and Rodriguez - Course fee",Food
2501,2026-07-22,17.38,Amazon Marketplace,Amazon Marketplace - Flight booking,Shopping
2502,2025-12-25,60.13,Cole-Jones,Cole-Jones - Prescription purchase,Others
2503,2025-05-12,3.31,Lyft,Gas refill,Transport
2504,2025-11-22,25.48,CVS Pharmacy,CVS Pharmacy - Gas refill,Health
2505,2025-06-13,74.39,Garner-Gonzalez,Garner-Gonzalez - Taxi ride,Utilities
2506,2024-07-28,1.46,Electric Company,Hotel stay,Travel
2507,2023-09-28,77.92,State University,State University - Taxi ride,Education
2508,2026-08-16,39.6,Gas Station,Hotel stay,Travel
2509,2024-04-04,43.72,Gas Station,Gas Station - Monthly subscription,Bills
2510,2026-01-07,72.48,Local Taxi,Local Taxi - Hotel stay,Travel
2511,2025-01-07,28.48,Delta Airlines,Delta Airlines - Electric bill payment,Travel
2512,2024-03-13,11.0,Delta Airlines,Delta Airlines - Grocery shopping,Travel
2513,2026-04-05,79.17,Mall Outlet,Grocery shopping,Food
2514,2026-03-28,23.97,Hilton Hotels,Hilton Hotels - Prescription purchase,Travel
2515,2025-03-07,15.47,Joe's Pizza,Joe's Pizza - Prescription purchase,Food
2516,2024-09-19,87.42,Copeland-Jackson,Copeland-Jackson - Hotel stay,Travel
2517,2023-09-07,32.66,Starbucks Coffee,Monthly subscription,Utilities
2518,2025-11-02,4.43,Amazon Marketplace,Grocery shopping,Shopping
2519,2024-08-03,5.95,Spotify,Spotify - Course fee,Entertainment
2520,2023-12-05,61.05,Uber Eats,Uber Eats - Taxi ride,Transport
2521,2025-03-24,136.33,Hilton Hotels,Hilton Hotels - Prescription purchase,Travel
2522,2025-05-12,19.65,Starbucks Coffee,Lunch with friends,Shopping
2523,2025-05-17,8.72,Walmart Supercenter,Prescription purchase,Shopping
2524,2024-01-01,2.3,Corner Grocery,Corner Grocery - Grocery shopping,Shopping
2525,2026-05-01,48.53,Delta Airlines,Monthly subscription,Travel
2526,2024-04-21,1.4,Johnston-Harris,Johnston-Harris - Online purchase,Entertainment
2527,2024-09-08,17.75,State University,State University - Prescription purchase,Education
2528,2026-05-27,8.28,Holmes-Smith,Holmes-Smith - Electric bill payment,Bills
2529,2026-06-03,4.8,Robinson Group,Robinson Group - Grocery shopping,Transport
2530,2024-01-31,1.78,Henderson PLC,Henderson PLC - Gas refill,Bills
2531,2023-09-22,53.42,Edwards-Mckenzie,Lunch with friends,Food
2532,2023-10-03,27.86,Chen Group,Gas refill,Bills
2533,2024-11-25,60.05,CVS Pharmacy,CVS Pharmacy - Taxi ride,Health
2534,2026-03-25,30.88,"Cruz, Jacobs and Smith","Cruz, Jacobs and Smith - Flight booking",Food
2535,2023-11-18,5.29,Starbucks Coffee,Starbucks Coffee - Online purchase,Utilities
2536,2024-12-14,118.52,"Woods, Novak and Chavez","Woods, Novak and Chavez - Flight booking",Food
2537,2025-03-08,4.82,Lyft,Lyft - Lunch with friends,Transport
2538,2023-10-22,73.81,Netflix Streaming,Netflix Streaming - Taxi ride,Entertainment
2539,2024-04-30,10.03,Guerrero LLC,Guerrero LLC - Monthly subscription,Travel
2540,2023-11-22,81.59,Hilton Hotels,Lunch with friends,Travel
2541,2026-07-06,20.41,Walmart Supercenter,Course fee,Shopping
2542,2024-04-08,2.96,CVS Pharmacy,Lunch with friends,Health
2543,2023-08-31,30.01,Corner Grocery,Corner Grocery - Monthly subscription,Entertainment
2544,2024-03-16,9.97,Waterworks,Waterworks - Grocery shopping,Bills
2545,2025-04-28,28.7,"Kelly, Anderson and Cross","Kelly, Anderson and Cross - Lunch with friends",Bills
2546,2024-05-25,44.61,Reyes and Sons,Reyes and Sons - Flight booking,Transport
2547,2024-08-01,24.67,Collier-Reyes,Gas refill,Bills
2548,2023-12-15,6.45,"Gonzales, Price and Lin","Gonzales, Price and Lin - Online purchase",Transport
2549,2026-08-20,64.36,Patterson-Young,Patterson-Young - Gas refill,Bills
2550,2024-09-03,18.78,Harmon-Cunningham,Harmon-Cunningham - Online purchase,Others
2551,2026-05-17,62.21,Uber Eats,Online purchase,Transport
2552,2024-07-19,20.02,Local High School,Local High School - Monthly subscription,Education
2553,2026-01-24,4.31,Local High School,Local High School - Gas refill,Education
2554,2024-11-18,3.14,City Hospital,Gas refill,Bills
2555,2026-04-01,6.42,Local Taxi,Grocery shopping,Entertainment
2556,2024-12-08,56.59,Local Taxi,Local Taxi - Grocery shopping,Education
2557,2026-08-26,24.86,Waterworks,Waterworks - Electric bill payment,Bills
2558,2025-05-20,17.63,City Hospital,Course fee,Travel
2559,2024-03-26,140.28,Amazon Marketplace,Amazon Marketplace - Prescription purchase,Shopping
2560,2025-02-08,103.2,Local Taxi,Local Taxi - Online purchase,Others
2561,2026-01-14,13.46,Waterworks,Waterworks - Flight booking,Bills
2562,2024-08-17,15.52,Joe's Pizza,Prescription purchase,Food
2563,2024-11-01,3.1,Local High School,Local High School - Electric bill payment,Education
2564,2026-08-11,43.36,Brewer Group,Brewer Group - Hotel stay,Travel
2565,2026-08-22,9.29,Hilton Hotels,Gas refill,Travel
2566,2025-10-23,17.49,Mall Outlet,Mall Outlet - Hotel stay,Travel
2567,2026-03-06,31.08,Steele-Miller,Flight booking,Others
2568,2025-01-19,64.69,"Rush, Olsen and Barnes",Grocery shopping,Health
2569,2025-10-19,6.43,Mall Outlet,Lunch with friends,Shopping
2570,2026-07-24,75.95,Netflix Streaming,Monthly subscription,Entertainment
2571,2024-09-02,34.23,Local Taxi,Local Taxi - Electric bill payment,Bills
2572,2024-05-13,56.09,Walmart Supercenter,Walmart Supercenter - Hotel stay,Travel
2573,2025-06-19,15.27,Cooper-Clark,Cooper-Clark - Course fee,Utilities
2574,2024-07-15,24.2,Moore and Sons,Moore and Sons - Taxi ride,Others
2575,2023-10-06,47.39,Local Taxi,Electric bill payment,Bills
2576,2025-04-17,12.36,Delta Airlines,Gas refill,Travel
2577,2025-04-06,13.78,Sullivan-Bradley,Prescription purchase,Shopping
2578,2026-08-10,2.11,Lyft,Lyft - Lunch with friends,Transport
2579,2024-03-29,52.37,"Guerra, Moody and Perry","Guerra, Moody and Perry - Monthly subscription",Food
2580,2025-09-11,14.07,Hilton Hotels,Hilton Hotels - Prescription purchase,Travel
2581,2025-09-21,40.51,Fox LLC,Fox LLC - Monthly subscription,Shopping
2582,2024-03-15,35.08,Miller-Howe,Electric bill payment,Bills
2583,2024-04-28,46.52,Local Taxi,Grocery shopping,Transport
2584,2025-09-20,5.14,Joe's Pizza,Joe's Pizza - Lunch with friends,Food
2585,2024-06-17,75.68,"Gibson, Adams and Patton","Gibson, Adams and Patton - Grocery shopping",Food
2586,2023-10-23,59.85,"Fowler, Richardson and Davis","Fowler, Richardson and Davis - Flight booking",Utilities
2587,2024-08-23,15.97,Stewart and Sons,Stewart and Sons - Flight booking,Travel
2588,2025-06-22,19.51,"Hayes, Haley and Velasquez","Hayes, Haley and Velasquez - Gas refill",Bills
2589,2024-08-16,32.7,Corner Grocery,Hotel stay,Travel
2590,2025-10-31,19.99,Walmart Supercenter,Course fee,Shopping
2591,2025-01-15,1.46,Uber Eats,Uber Eats - Hotel stay,Transport
2592,2024-06-28,15.34,Joe's Pizza,Joe's Pizza - Gas refill,Food
2593,2026-06-12,40.72,Corner Grocery,Corner Grocery - Prescription purchase,Transport
2594,2026-01-21,34.76,Hilton Hotels,Hilton Hotels - Gas refill,Travel
2595,2025-04-27,5.2,Cervantes PLC,Flight booking,Food
2596,2026-05-26,22.58,Moody and Sons,Gas refill,Bills
2597,2023-09-15,3.21,Edwards Group,Course fee,Food
2598,2026-03-31,116.39,Joe's Pizza,Hotel stay,Food
2599,2025-11-13,50.53,Waterworks,Waterworks - Grocery shopping,Bills
2600,2025-09-24,13.48,Spotify,Spotify - Monthly subscription,Entertainment
2601,2025-10-09,1.82,Joe's Pizza,Gas refill,Food
2602,2025-08-19,59.89,Ryan-Moore,Ryan-Moore - Lunch with friends,Shopping
2603,2025-02-22,37.92,Amazon Marketplace,Amazon Marketplace - Gas refill,Shopping
2604,2024-03-30,9.31,Corner Grocery,Corner Grocery - Course fee,Transport
2605,2026-08-09,17.07,Nguyen-Mills,Nguyen-Mills - Monthly subscription,Utilities
2606,2025-07-12,10.42,Young-Schroeder,Young-Schroeder - Grocery shopping,Shopping
2607,2025-04-18,3.65,Mall Outlet,Mall Outlet - Grocery shopping,Education
2608,2025-11-22,86.54,Uber Eats,Uber Eats - Electric bill payment,Transport
2609,2024-08-28,20.08,Local Taxi,Local Taxi - Electric bill payment,Bills
2610,2023-09-16,17.77,State University,Taxi ride,Education
2611,2024-03-13,3.57,Hilton Hotels,Hilton Hotels - Flight booking,Travel
2612,2025-09-07,7.69,State University,State University - Flight booking,Education
2613,2025-03-11,21.32,Netflix Streaming,Netflix Streaming - Course fee,Entertainment
2614,2026-01-19,67.55,Waterworks,Waterworks - Course fee,Bills
2615,2025-12-10,35.06,State University,State University - Prescription purchase,Education
2616,2025-08-06,18.13,Starbucks Coffee,Starbucks Coffee - Grocery shopping,Entertainment
2617,2024-11-26,29.66,Waterworks,Waterworks - Online purchase,Bills
2618,2025-05-09,19.62,Davis-Brooks,Davis-Brooks - Monthly subscription,Travel
2619,2025-06-19,30.42,Corner Grocery,Corner Grocery - Grocery shopping,Utilities
2620,2026-04-22,32.83,CVS Pharmacy,CVS Pharmacy - Gas refill,Health
2621,2025-11-26,4.57,Lyft,Lunch with friends,Transport
2622,2024-01-05,39.68,Hilton Hotels,Flight booking,Travel
2623,2024-02-19,3.31,CVS Pharmacy,CVS Pharmacy - Electric bill payment,Health
2624,2025-10-24,19.45,Hicks Group,Gas refill,Bills
2625,2025-11-06,15.23,Lyft,Lyft - Hotel stay,Transport
2626,2024-03-30,10.32,Delta Airlines,Delta Airlines - Lunch with friends,Travel
2627,2025-08-31,5.17,Local Taxi,Local Taxi - Gas refill,Bills
2628,2025-07-14,66.01,Spotify,Spotify - Monthly subscription,Entertainment
2629,2023-11-09,79.88,Electric Company,Electric Company - Electric bill payment,Bills
2630,2024-04-26,4.62,Waterworks,Waterworks - Course fee,Bills
2631,2024-03-27,65.3,Gas Station,Gas Station - Online purchase,Bills
2632,2023-11-23,21.43,"Blair, Craig and Coleman",Taxi ride,Transport
2633,2023-10-09,48.56,Lyft,Lyft - Electric bill payment,Transport
2634,2026-08-02,49.36,Gas Station,Prescription purchase,Bills
2635,2024-04-13,3.48,Kelley-Barnes,Kelley-Barnes - Gas refill,Bills
2636,2024-05-11,15.89,Walmart Supercenter,Hotel stay,Travel
2637,2025-01-13,47.3,Amazon Marketplace,Amazon Marketplace - Grocery shopping,Shopping
2638,2024-11-02,4.18,Corner Grocery,Lunch with friends,Food
2639,2025-03-09,29.42,Bryant-Porter,Taxi ride,Food
2640,2026-07-22,21.57,Castillo-Holder,Gas refill,Bills
2641,2026-03-06,12.98,Delta Airlines,Delta Airlines - Monthly subscription,Travel
2642,2025-08-07,7.21,CVS Pharmacy,Taxi ride,Health
2643,2024-08-19,50.44,"Johnson, Ward and Miranda","Johnson, Ward and Miranda - Hotel stay",Travel
2644,2024-09-16,2.34,City Hospital,Grocery shopping,Others
2645,2026-04-09,1.95,Joe's Pizza,Flight booking,Food
2646,2025-05-14,30.35,Johnson and Sons,Johnson and Sons - Taxi ride,Shopping
2647,2026-04-13,47.87,Corner Grocery,Corner Grocery - Lunch with friends,Bills
2648,2025-05-13,5.91,Netflix Streaming,Netflix Streaming - Prescription purchase,Entertainment
2649,2026-01-21,5.91,Hilton Hotels,Hilton Hotels - Grocery shopping,Travel
2650,2024-01-22,104.15,Starbucks Coffee,Starbucks Coffee - Course fee,Bills
2651,2025-04-06,25.53,"Robertson, Smith and Miller","Robertson, Smith and Miller - Gas refill",Bills
2652,2024-05-08,4.36,Hilton Hotels,Hotel stay,Travel
2653,2025-03-28,54.64,"Moore, Compton and Cook","Moore, Compton and Cook - Gas refill",Bills
2654,2026-02-19,9.9,Rivera-Fisher,Rivera-Fisher - Gas refill,Bills
2655,2025-10-06,9.84,Howard-Howard,Howard-Howard - Online purchase,Shopping
2656,2023-12-04,25.46,"Simon, Sanchez and Werner",Online purchase,Others
2657,2025-07-07,44.44,Starbucks Coffee,Starbucks Coffee - Course fee,Travel
2658,2024-05-27,1.11,Schmidt LLC,Schmidt LLC - Flight booking,Utilities
2659,2023-10-06,26.06,Electric Company,Electric Company - Flight booking,Bills
2660,2024-07-09,22.23,CVS Pharmacy,Prescription purchase,Health
2661,2026-01-05,57.78,Mall Outlet,Mall Outlet - Flight booking,Travel
2662,2025-04-14,21.07,Amazon Marketplace,Amazon Marketplace - Monthly subscription,Shopping
2663,2025-04-26,10.33,Netflix Streaming,Electric bill payment,Entertainment
2664,2024-04-18,34.35,Montes-Lawrence,Gas refill,Bills
2665,2026-06-03,9.49,Lyft,Prescription purchase,Transport
2666,2025-08-21,19.39,Jensen-Krueger,Jensen-Krueger - Taxi ride,Others
2667,2026-02-08,19.23,CVS Pharmacy,CVS Pharmacy - Monthly subscription,Health
2668,2026-03-12,85.22,Joe's Pizza,Joe's Pizza - Taxi ride,Food
2669,2024-10-05,48.5,Corner Grocery,Monthly subscription,Shopping
2670,2025-06-14,17.05,Mall Outlet,Mall Outlet - Electric bill payment,Bills
2671,2026-01-06,22.24,Joe's Pizza,Joe's Pizza - Electric bill payment,Food
2672,2025-04-17,141.23,Starbucks Coffee,Gas refill,Bills
2673,2026-04-11,49.74,Gas Station,Taxi ride,Bills
2674,2023-12-02,21.14,Smith-Gibbs,Smith-Gibbs - Prescription purchase,Shopping
2675,2025-10-17,8.43,Hilton Hotels,Hotel stay,Travel
2676,2024-01-29,19.95,Electric Company,Monthly subscription,Bills
2677,2025-03-12,7.06,Galvan Group,Galvan Group - Course fee,Food
2678,2025-06-10,14.82,"Harris, Reeves and Case",Flight booking,Others
2679,2026-07-04,9.96,Starbucks Coffee,Flight booking,Food
2680,2023-12-24,13.38,Starbucks Coffee,Starbucks Coffee - Prescription purchase,Shopping
2681,2024-06-25,7.5,Melendez-Meyer,Melendez-Meyer - Prescription purchase,Education
2682,2025-06-24,31.05,Netflix Streaming,Gas refill,Entertainment
2683,2026-05-12,19.49,Starbucks Coffee,Starbucks Coffee - Gas refill,Bills
2684,2023-12-04,76.16,Edwards-Love,Edwards-Love - Flight booking,Entertainment
2685,2025-07-21,13.31,CVS Pharmacy,Gas refill,Health
2686,2025-06-03,21.09,Walmart Supercenter,Walmart Supercenter - Gas refill,Shopping
2687,2024-03-27,5.06,"Moore, Thompson and Holden",Lunch with friends,Food
2688,2025-07-12,48.02,Hoover LLC,Hoover LLC - Electric bill payment,Bills
2689,2024-06-18,42.02,Amazon Marketplace,Amazon Marketplace - Gas refill,Shopping
2690,2024-07-03,13.33,"Parker, Rodriguez and Francis",Gas refill,Bills
2691,2025-04-21,23.61,Graham-Santiago,Flight booking,Travel
2692,2024-05-03,15.83,Hilton Hotels,Hilton Hotels - Course fee,Travel
2693,2024-02-23,39.74,Walmart Supercenter,Flight booking,Shopping
2694,2025-01-06,47.37,Spotify,Spotify - Grocery shopping,Entertainment
2695,2025-09-01,20.62,Delta Airlines,Lunch with friends,Travel
2696,2026-03-21,12.38,Mall Outlet,Mall Outlet - Prescription purchase,Shopping
2697,2024-03-31,23.46,Uber Eats,Hotel stay,Transport
2698,2023-09-26,3.66,Knapp LLC,Electric bill payment,Bills
2699,2024-05-13,19.41,Spotify,Spotify - Grocery shopping,Entertainment
2700,2025-06-21,14.65,Haney Inc,Taxi ride,Food
2701,2025-09-11,6.12,Leon-Morales,Electric bill payment,Bills
2702,2024-02-28,42.62,Williams and Sons,Williams and Sons - Gas refill,Bills
2703,2026-08-13,20.38,Local Taxi,Local Taxi - Flight booking,Health
2704,2024-05-30,1.89,Delta Airlines,Taxi ride,Travel
2705,2025-12-10,16.92,Walmart Supercenter,Electric bill payment,Shopping
2706,2024-01-30,68.9,Walmart Supercenter,Lunch with friends,Shopping
2707,2026-08-21,28.51,Corner Grocery,Corner Grocery - Gas refill,Bills
2708,2024-01-17,24.69,"Brown, Salazar and Villegas","Brown, Salazar and Villegas - Taxi ride",Bills
2709,2024-12-19,14.26,Barker Group,Hotel stay,Travel
2710,2026-02-27,2.46,Spotify,Spotify - Grocery shopping,Entertainment
2711,2025-02-19,13.7,Walmart Supercenter,Grocery shopping,Shopping
2712,2026-01-28,26.02,CVS Pharmacy,CVS Pharmacy - Monthly subscription,Health
2713,2024-08-25,66.9,Local Taxi,Local Taxi - Prescription purchase,Shopping
2714,2026-06-24,8.26,Netflix Streaming,Netflix Streaming - Flight booking,Entertainment
2715,2024-08-29,3.65,Starbucks Coffee,Starbucks Coffee - Course fee,Health
2716,2025-07-28,109.18,Electric Company,Electric Company - Online purchase,Bills
2717,2025-01-16,28.49,Joe's Pizza,Joe's Pizza - Monthly subscription,Food
2718,2024-11-21,14.66,Electric Company,Electric bill payment,Bills
2719,2025-10-15,16.17,Starbucks Coffee,Starbucks Coffee - Flight booking,Others
2720,2025-11-25,14.41,Spotify,Online purchase,Entertainment
2721,2025-12-15,20.23,Walmart Supercenter,Course fee,Shopping
2722,2023-10-27,43.88,Amazon Marketplace,Grocery shopping,Shopping
2723,2026-07-19,16.9,Palmer Ltd,Palmer Ltd - Gas refill,Bills
2724,2026-04-15,38.02,City Hospital,Online purchase,Shopping
2725,2024-10-27,1.81,State University,Taxi ride,Education
2726,2026-04-04,6.64,"Maldonado, Fletcher and Jones",Electric bill payment,Bills
2727,2023-12-01,38.95,"Huffman, Quinn and Johnson",Monthly subscription,Shopping
2728,2026-01-20,9.45,Hoffman Group,Hoffman Group - Lunch with friends,Education
2729,2024-12-28,18.96,Amazon Marketplace,Amazon Marketplace - Monthly subscription,Shopping
2730,2024-12-12,16.56,"Day, Morrow and Savage",Gas refill,Bills
2731,2024-06-20,6.1,Joe's Pizza,Joe's Pizza - Monthly subscription,Food
2732,2025-11-01,26.04,State University,State University - Electric bill payment,Education
2733,2025-06-19,8.94,Gas Station,Hotel stay,Travel
2734,2023-12-14,18.12,Walmart Supercenter,Walmart Supercenter - Prescription purchase,Shopping
2735,2024-10-06,7.17,Joe's Pizza,Joe's Pizza - Hotel stay,Food
2736,2024-06-20,60.73,"Contreras, Nichols and Kelly","Contreras, Nichols and Kelly - Gas refill",Bills
2737,2026-03-23,34.01,Local High School,Hotel stay,Travel
2738,2024-12-04,18.04,Starbucks Coffee,Hotel stay,Travel
2739,2023-10-24,1.71,Gould-Phillips,Lunch with friends,Shopping
2740,2024-02-03,22.6,Joe's Pizza,Prescription purchase,Food
2741,2024-08-21,6.3,Lyft,Lyft - Gas refill,Transport
2742,2024-08-02,12.25,Walmart Supercenter,Taxi ride,Shopping
2743,2026-06-26,7.08,State University,State University - Gas refill,Education
2744,2025-11-10,4.78,Gas Station,Grocery shopping,Bills
2745,2025-09-04,23.41,Electric Company,Electric Company - Flight booking,Bills
2746,2026-01-04,24.79,Amazon Marketplace,Online purchase,Shopping
2747,2025-03-31,3.31,Waterworks,Online purchase,Bills
2748,2024-12-27,6.76,City Hospital,City Hospital - Taxi ride,Bills
2749,2024-06-01,8.42,"Wilson, Myers and Estes",Gas refill,Bills
2750,2026-02-15,15.33,Joe's Pizza,Electric bill payment,Food
2751,2025-06-19,5.95,"Moore, Jimenez and Martin","Moore, Jimenez and Martin - Online purchase",Education
2752,2023-12-22,98.46,Collier-Wright,Hotel stay,Travel
2753,2024-09-17,19.07,State University,Electric bill payment,Education
2754,2026-01-19,9.61,"Middleton, Barry and Gill","Middleton, Barry and Gill - Prescription purchase",Others
2755,2025-03-01,3.74,Sampson-Schmitt,Taxi ride,Utilities
2756,2024-03-16,20.11,Electric Company,Electric Company - Flight booking,Bills
2757,2025-01-06,86.46,Barrera LLC,Flight booking,Entertainment
2758,2024-09-04,5.87,City Hospital,City Hospital - Prescription purchase,Travel
2759,2024-02-17,18.96,Delta Airlines,Delta Airlines - Online purchase,Travel
2760,2024-10-24,9.6,Corner Grocery,Gas refill,Bills
2761,2024-01-19,11.21,Gas Station,Gas Station - Flight booking,Bills
2762,2025-02-14,28.52,Ware-Terry,Ware-Terry - Taxi ride,Others
2763,2024-12-02,21.28,"Short, Roberts and Reynolds",Course fee,Others
2764,2025-09-25,58.27,Hilton Hotels,Monthly subscription,Travel
2765,2023-10-15,5.87,Waterworks,Waterworks - Flight booking,Bills
2766,2026-04-02,4.56,Uber Eats,Uber Eats - Flight booking,Transport
2767,2025-10-12,4.01,"Potts, Lyons and Martinez","Potts, Lyons and Martinez - Flight booking",Food
2768,2025-10-21,4.34,Waterworks,Waterworks - Online purchase,Bills
2769,2026-05-29,26.12,Acosta and Sons,Flight booking,Travel
2770,2026-08-02,16.28,State University,Lunch with friends,Education
2771,2026-02-24,30.06,"West, Allen and Hurley","West, Allen and Hurley - Online purchase",Utilities
2772,2026-04-04,16.17,"Cole, Proctor and Mendoza",Prescription purchase,Transport
2773,2024-08-22,10.58,Waterworks,Electric bill payment,Bills
2774,2025-02-15,9.54,Corner Grocery,Corner Grocery - Flight booking,Shopping
2775,2024-04-28,36.76,Petersen-Mccullough,Petersen-Mccullough - Electric bill payment,Bills
2776,2024-08-12,6.03,Jones PLC,Monthly subscription,Shopping
2777,2026-04-15,10.78,State University,State University - Grocery shopping,Education
2778,2024-01-10,20.6,Joe's Pizza,Joe's Pizza - Prescription purchase,Food
2779,2026-06-02,55.1,Walmart Supercenter,Walmart Supercenter - Online purchase,Shopping
2780,2024-06-02,18.83,Waterworks,Waterworks - Flight booking,Bills
2781,2026-08-06,22.36,Lyft,Lyft - Gas refill,Transport
2782,2025-01-16,10.22,"Adams, Ferrell and Lee",Monthly subscription,Shopping
2783,2024-03-19,37.18,Mall Outlet,Mall Outlet - Prescription purchase,Food
2784,2026-08-09,57.35,State University,Monthly subscription,Education
2785,2024-10-28,66.21,Corner Grocery,Corner Grocery - Gas refill,Bills
2786,2023-12-19,23.78,CVS Pharmacy,Electric bill payment,Health
2787,2026-06-26,20.96,CVS Pharmacy,CVS Pharmacy - Taxi ride,Health
2788,2026-07-02,12.44,Spotify,Spotify - Flight booking,Entertainment
2789,2026-02-07,2.49,"Johnson, Schmidt and Harris","Johnson, Schmidt and Harris - Online purchase",Utilities
2790,2023-10-12,17.34,State University,State University - Online purchase,Education
2791,2025-01-01,17.02,Curtis Ltd,Electric bill payment,Bills
2792,2024-02-14,59.49,Netflix Streaming,Grocery shopping,Entertainment
2793,2026-06-11,2.74,Netflix Streaming,Taxi ride,Entertainment
2794,2025-08-29,31.71,Local High School,Local High School - Prescription purchase,Education
2795,2026-06-04,23.36,Hilton Hotels,Flight booking,Travel
2796,2025-07-20,28.39,Walmart Supercenter,Walmart Supercenter - Prescription purchase,Shopping
2797,2025-03-27,83.43,"Smith, Allen and Harris","Smith, Allen and Harris - Flight booking",Food
2798,2024-08-15,31.16,Corner Grocery,Corner Grocery - Lunch with friends,Shopping
2799,2025-12-31,19.52,"Williams, Green and Austin","Williams, Green and Austin - Online purchase",Others
2800,2026-02-01,33.38,Electric Company,Electric Company - Hotel stay,Travel
2801,2024-06-24,19.2,Lopez Inc,Lopez Inc - Lunch with friends,Shopping
2802,2026-01-20,36.27,Electric Company,Grocery shopping,Bills
2803,2026-03-22,8.88,Local Taxi,Local Taxi - Taxi ride,Travel
2804,2026-03-07,24.1,"Jacobs, Avila and White","Jacobs, Avila and White - Lunch with friends",Food
2805,2026-07-16,56.33,Netflix Streaming,Taxi ride,Entertainment
2806,2025-10-08,35.26,Walmart Supercenter,Lunch with friends,Shopping
2807,2024-11-02,21.4,White LLC,White LLC - Monthly subscription,Travel
2808,2024-09-22,22.51,"Mccall, Price and Rodriguez","Mccall, Price and Rodriguez - Taxi ride",Health
2809,2026-03-30,22.26,City Hospital,City Hospital - Hotel stay,Travel
2810,2026-08-23,21.13,Corner Grocery,Corner Grocery - Course fee,Others
2811,2025-05-01,67.94,Netflix Streaming,Netflix Streaming - Online purchase,Entertainment
2812,2025-08-08,11.68,Starbucks Coffee,Starbucks Coffee - Monthly subscription,Transport
2813,2025-09-15,45.39,Holloway-Erickson,Holloway-Erickson - Monthly subscription,Utilities
2814,2024-02-18,91.47,Amazon Marketplace,Amazon Marketplace - Prescription purchase,Shopping
2815,2024-03-30,31.75,Mall Outlet,Electric bill payment,Bills
2816,2024-10-14,60.58,Martin Group,Martin Group - Hotel stay,Travel
2817,2025-02-06,2.2,Uber Eats,Grocery shopping,Transport
2818,2026-07-25,95.12,Netflix Streaming,Taxi ride,Entertainment
2819,2024-09-26,30.19,Local High School,Local High School - Online purchase,Education
2820,2026-03-14,34.56,Delta Airlines,Monthly subscription,Travel
2821,2026-01-20,45.94,Beck LLC,Beck LLC - Gas refill,Bills
2822,2026-07-18,43.91,"Lindsey, Soto and Mclaughlin",Monthly subscription,Others
2823,2025-02-27,194.57,Reyes-Brown,Reyes-Brown - Online purchase,Food
2824,2026-08-12,5.09,"Jordan, Jacobs and Wise",Electric bill payment,Bills
2825,2024-01-21,34.15,Lyft,Grocery shopping,Transport
2826,2023-08-31,7.88,Starbucks Coffee,Monthly subscription,Shopping
2827,2024-04-03,22.45,Local High School,Monthly subscription,Education
2828,2023-12-04,45.82,Spotify,Spotify - Monthly subscription,Entertainment
2829,2025-07-10,8.93,Waterworks,Waterworks - Electric bill payment,Bills
2830,2023-11-12,75.54,Delta Airlines,Delta Airlines - Course fee,Travel
2831,2026-05-27,4.78,Figueroa-Armstrong,Figueroa-Armstrong - Monthly subscription,Travel
2832,2025-09-23,5.52,Local Taxi,Local Taxi - Prescription purchase,Food
2833,2025-01-29,2.74,City Hospital,City Hospital - Prescription purchase,Bills
2834,2024-08-15,43.11,"Jackson, Ward and Thompson","Jackson, Ward and Thompson - Lunch with friends",Entertainment
2835,2024-04-23,14.77,Uber Eats,Course fee,Transport
2836,2024-11-21,6.18,Mayo PLC,Mayo PLC - Online purchase,Others
2837,2025-05-13,64.58,Local High School,Local High School - Electric bill payment,Education
2838,2024-09-29,45.05,City Hospital,City Hospital - Course fee,Shopping
2839,2025-09-24,35.99,Corner Grocery,Corner Grocery - Gas refill,Bills
2840,2025-04-17,57.96,Strickland and Sons,Electric bill payment,Bills
2841,2025-07-19,18.88,Shah-Andrews,Shah-Andrews - Gas refill,Bills
2842,2024-07-02,11.46,Munoz Inc,Munoz Inc - Lunch with friends,Transport
2843,2026-01-23,12.65,Lin Inc,Lin Inc - Taxi ride,Food
2844,2024-07-14,34.36,Uber Eats,Uber Eats - Prescription purchase,Transport
2845,2025-10-18,46.05,Martin Group,Grocery shopping,Bills
2846,2026-08-16,31.71,Hilton Hotels,Hotel stay,Travel
2847,2024-04-24,5.51,Corner Grocery,Corner Grocery - Flight booking,Bills
2848,2024-03-28,9.48,Netflix Streaming,Flight booking,Entertainment
2849,2026-03-24,16.22,Amazon Marketplace,Grocery shopping,Shopping
2850,2025-07-13,5.83,Starbucks Coffee,Hotel stay,Travel
2851,2023-10-15,56.33,Spotify,Spotify - Online purchase,Entertainment
2852,2023-10-25,10.55,Uber Eats,Uber Eats - Hotel stay,Transport
2853,2025-03-20,23.44,Local High School,Local High School - Prescription purchase,Education
2854,2025-12-31,32.1,Netflix Streaming,Course fee,Entertainment
2855,2023-10-18,41.28,Hines-Howell,Hines-Howell - Lunch with friends,Shopping
2856,2023-11-06,39.48,Delta Airlines,Delta Airlines - Grocery shopping,Travel
2857,2024-08-08,59.32,CVS Pharmacy,Gas refill,Health
2858,2023-10-24,3.95,Walmart Supercenter,Walmart Supercenter - Hotel stay,Travel
2859,2024-08-28,4.42,Uber Eats,Monthly subscription,Transport
2860,2026-01-08,3.31,Mall Outlet,Grocery shopping,Bills
2861,2023-09-03,57.61,Tanner-Wright,Tanner-Wright - Prescription purchase,Food
2862,2026-07-29,31.87,Mall Outlet,Course fee,Utilities
2863,2024-04-22,76.0,Weaver-Hall,Weaver-Hall - Hotel stay,Travel
2864,2026-05-28,9.96,"Walters, Garcia and Jenkins",Online purchase,Utilities
2865,2025-10-31,75.76,"Robinson, Gutierrez and Robinson",Lunch with friends,Others
2866,2025-05-31,12.8,Mcdonald Ltd,Lunch with friends,Entertainment
2867,2025-04-12,39.46,Starbucks Coffee,Starbucks Coffee - Monthly subscription,Food
2868,2024-08-05,12.21,Corner Grocery,Taxi ride,Health
2869,2025-12-10,11.47,State University,State University - Hotel stay,Travel
2870,2024-06-17,30.75,Barnett-Stevens,Barnett-Stevens - Online purchase,Food
2871,2024-06-17,15.39,Lyft,Lyft - Lunch with friends,Transport
2872,2025-10-05,2.32,Joe's Pizza,Taxi ride,Food
2873,2024-11-02,81.18,Joe's Pizza,Joe's Pizza - Flight booking,Food
2874,2024-06-27,65.35,Nguyen Inc,Nguyen Inc - Monthly subscription,Shopping
2875,2023-11-15,60.49,Spotify,Spotify - Monthly subscription,Entertainment
2876,2025-04-20,19.53,Taylor-Villarreal,Taylor-Villarreal - Taxi ride,Education
2877,2026-05-24,19.6,Joe's Pizza,Online purchase,Food
2878,2026-07-28,7.77,Wilkinson Group,Wilkinson Group - Monthly subscription,Transport
2879,2024-05-29,37.88,"Hudson, Simmons and Williams","Hudson, Simmons and Williams - Course fee",Food
2880,2026-02-23,13.08,Walmart Supercenter,Lunch with friends,Shopping
2881,2026-04-28,10.64,Gas Station,Gas refill,Bills
2882,2026-06-11,21.81,Amazon Marketplace,Amazon Marketplace - Flight booking,Shopping
2883,2026-03-23,20.47,Mall Outlet,Lunch with friends,Others
2884,2025-06-30,3.99,Joe's Pizza,Joe's Pizza - Prescription purchase,Food
2885,2025-03-02,19.52,Lewis Group,Lewis Group - Gas refill,Bills
2886,2026-07-31,50.94,Delta Airlines,Delta Airlines - Taxi ride,Travel
2887,2026-08-29,9.12,Warner LLC,Warner LLC - Grocery shopping,Food
2888,2026-01-30,7.46,Klein-Montoya,Klein-Montoya - Grocery shopping,Others
2889,2024-10-13,91.03,"Floyd, Ramirez and Baxter",Electric bill payment,Bills
2890,2025-07-27,2.93,"Cross, Phillips and Espinoza","Cross, Phillips and Espinoza - Gas refill",Bills
2891,2026-06-26,29.46,City Hospital,City Hospital - Prescription purchase,Entertainment
2892,2024-10-18,33.4,Mall Outlet,Mall Outlet - Hotel stay,Travel
2893,2026-06-16,47.47,Lindsey Inc,Grocery shopping,Travel
2894,2025-07-22,39.34,Joe's Pizza,Joe's Pizza - Taxi ride,Food
2895,2024-06-04,20.15,Spotify,Spotify - Flight booking,Entertainment
2896,2025-08-06,28.13,Gas Station,Gas Station - Electric bill payment,Bills
2897,2023-11-14,2.13,Netflix Streaming,Grocery shopping,Entertainment
2898,2026-03-09,5.88,Walker-Mullen,Walker-Mullen - Electric bill payment,Bills
2899,2024-10-10,60.73,Waterworks,Online purchase,Bills
2900,2025-06-17,14.45,Armstrong-Peters,Armstrong-Peters - Hotel stay,Travel
2901,2026-04-14,16.15,Local Taxi,Local Taxi - Prescription purchase,Transport
2902,2023-10-23,65.08,"Cooper, Petersen and Castaneda",Prescription purchase,Shopping
2903,2025-06-24,9.72,Uber Eats,Uber Eats - Hotel stay,Transport
2904,2023-10-30,57.56,"Hanson, Smith and Miller","Hanson, Smith and Miller - Course fee",Health
2905,2024-05-29,21.77,Corner Grocery,Lunch with friends,Entertainment
2906,2024-01-17,1.33,Gas Station,Gas Station - Hotel stay,Travel
2907,2025-10-27,30.14,Netflix Streaming,Netflix Streaming - Course fee,Entertainment
2908,2024-08-09,58.01,Electric Company,Electric Company - Electric bill payment,Bills
2909,2026-03-19,14.35,Starbucks Coffee,Starbucks Coffee - Course fee,Entertainment
2910,2025-02-15,22.21,Starbucks Coffee,Starbucks Coffee - Taxi ride,Food
2911,2026-07-23,148.72,Walmart Supercenter,Walmart Supercenter - Electric bill payment,Shopping
2912,2026-06-25,2.93,Local High School,Lunch with friends,Education
2913,2023-11-10,70.7,"Huff, Shaw and Moore","Huff, Shaw and Moore - Prescription purchase",Bills
2914,2025-04-22,22.49,Local Taxi,Local Taxi - Online purchase,Shopping
2915,2024-03-23,100.02,State University,Prescription purchase,Education
2916,2024-10-05,11.4,Lyft,Electric bill payment,Transport
2917,2024-01-07,72.06,Thomas LLC,Online purchase,Transport
2918,2024-12-07,8.91,Walmart Supercenter,Lunch with friends,Shopping
2919,2025-06-12,69.12,Foster-Warren,Electric bill payment,Bills
2920,2023-11-26,4.4,Waterworks,Prescription purchase,Bills
2921,2025-08-26,29.93,Burgess-Reyes,Burgess-Reyes - Taxi ride,Others
2922,2024-12-18,3.0,Bailey-Watson,Course fee,Shopping
2923,2024-08-31,15.24,Corner Grocery,Hotel stay,Travel
2924,2024-10-04,31.41,Corner Grocery,Hotel stay,Travel
2925,2024-12-29,96.83,Amazon Marketplace,Amazon Marketplace - Prescription purchase,Shopping
2926,2026-05-26,14.08,Netflix Streaming,Flight booking,Entertainment
2927,2025-05-31,4.94,Corner Grocery,Corner Grocery - Course fee,Travel
2928,2023-10-15,4.61,Joe's Pizza,Joe's Pizza - Grocery shopping,Food
2929,2026-04-14,10.01,Phillips LLC,Phillips LLC - Electric bill payment,Bills
2930,2024-10-06,7.6,Delta Airlines,Delta Airlines - Electric bill payment,Travel
2931,2024-04-17,8.82,Starbucks Coffee,Starbucks Coffee - Lunch with friends,Food
2932,2026-03-15,2.48,"Allen, Fisher and Price",Electric bill payment,Bills
2933,2026-06-13,23.1,"Johnson, Bryan and Blackwell",Course fee,Entertainment
2934,2024-06-29,56.16,State University,State University - Electric bill payment,Education
2935,2024-09-11,30.9,Spotify,Gas refill,Entertainment
2936,2024-12-14,8.11,Wilson PLC,Monthly subscription,Entertainment
2937,2023-12-19,28.81,Simon-Mason,Prescription purchase,Travel
2938,2026-04-29,4.7,Lyft,Lyft - Flight booking,Transport
2939,2025-06-05,37.85,Amazon Marketplace,Prescription purchase,Shopping
2940,2025-01-06,18.12,Local Taxi,Flight booking,Entertainment
2941,2025-10-17,154.42,State University,Lunch with friends,Education
2942,2024-07-05,69.49,Hilton Hotels,Hilton Hotels - Electric bill payment,Travel
2943,2025-03-23,11.82,Waterworks,Waterworks - Grocery shopping,Bills
2944,2025-11-25,5.39,"Gordon, Lopez and Jacobs",Lunch with friends,Entertainment
2945,2024-08-09,291.14,"White, Berry and Reynolds",Course fee,Others
2946,2024-07-10,7.79,Curtis and Sons,Gas refill,Bills
2947,2023-11-20,28.09,Walker PLC,Walker PLC - Flight booking,Food
2948,2024-09-06,10.53,Sullivan-Jackson,Sullivan-Jackson - Prescription purchase,Food
2949,2025-06-23,44.71,Local Taxi,Local Taxi - Grocery shopping,Others
2950,2026-04-09,1.41,Electric Company,Taxi ride,Bills
2951,2024-03-02,14.33,Gas Station,Gas Station - Lunch with friends,Bills
2952,2025-04-22,44.29,Gas Station,Gas Station - Course fee,Bills
2953,2024-11-21,100.93,Harper Inc,Monthly subscription,Others
2954,2023-10-24,1.83,Walmart Supercenter,Walmart Supercenter - Taxi ride,Shopping
2955,2025-04-15,6.62,Electric Company,Electric Company - Hotel stay,Travel
2956,2024-04-25,8.04,"Clark, Walker and Good",Monthly subscription,Travel
2957,2026-08-16,17.79,State University,Hotel stay,Travel
2958,2025-12-28,13.62,Spotify,Hotel stay,Travel
2959,2024-05-09,2.68,Joe's Pizza,Joe's Pizza - Hotel stay,Food
2960,2026-02-19,66.47,State University,State University - Online purchase,Education
2961,2024-03-21,9.22,City Hospital,Taxi ride,Entertainment
2962,2025-06-19,21.05,Mall Outlet,Mall Outlet - Electric bill payment,Bills
2963,2024-02-19,42.88,Delta Airlines,Flight booking,Travel
2964,2026-05-14,60.75,Amazon Marketplace,Flight booking,Shopping
2965,2025-12-29,25.83,Amazon Marketplace,Amazon Marketplace - Electric bill payment,Shopping
2966,2024-01-03,23.1,Corner Grocery,Electric bill payment,Bills
2967,2026-02-06,56.83,Hilton Hotels,Hotel stay,Travel
2968,2026-05-13,12.73,Brown-Nelson,Flight booking,Travel
2969,2025-07-19,21.49,Hilton Hotels,Electric bill payment,Travel
2970,2025-03-10,3.7,Gas Station,Gas Station - Course fee,Bills
2971,2026-05-09,8.08,CVS Pharmacy,Electric bill payment,Health
2972,2025-08-16,3.22,Gas Station,Gas Station - Electric bill payment,Bills
2973,2026-03-23,43.97,Joe's Pizza,Joe's Pizza - Electric bill payment,Food
2974,2023-10-10,4.04,"Gaines, Foster and Jarvis",Taxi ride,Others
2975,2024-01-10,8.23,State University,State University - Prescription purchase,Education
2976,2024-01-02,37.88,State University,Taxi ride,Education
2977,2025-07-22,53.29,Electric Company,Online purchase,Bills
2978,2025-10-28,55.35,CVS Pharmacy,CVS Pharmacy - Taxi ride,Health
2979,2025-10-21,25.1,Spotify,Prescription purchase,Entertainment
2980,2023-11-19,4.79,Amazon Marketplace,Amazon Marketplace - Course fee,Shopping
2981,2025-12-10,120.34,Patterson LLC,Course fee,Utilities
2982,2024-08-15,70.44,Local High School,Local High School - Grocery shopping,Education
2983,2026-05-06,7.69,State University,State University - Electric bill payment,Education
2984,2025-03-15,96.25,Uber Eats,Flight booking,Transport
2985,2024-03-15,1.7,Mall Outlet,Mall Outlet - Grocery shopping,Health
2986,2024-02-01,48.55,Starbucks Coffee,Course fee,Travel
2987,2026-05-28,5.43,Mall Outlet,Mall Outlet - Hotel stay,Travel
2988,2023-09-11,43.52,Delta Airlines,Delta Airlines - Gas refill,Travel
2989,2024-03-25,16.61,Starbucks Coffee,Electric bill payment,Bills
2990,2024-01-22,10.42,Amazon Marketplace,Amazon Marketplace - Grocery shopping,Shopping
2991,2025-12-05,11.59,Morton-Hall,Morton-Hall - Monthly subscription,Entertainment
2992,2025-05-15,3.21,"Walls, Jones and Vaughan",Prescription purchase,Shopping
2993,2023-12-23,5.58,"Gregory, Jones and Patterson",Grocery shopping,Utilities
2994,2025-05-26,60.44,Walmart Supercenter,Walmart Supercenter - Monthly subscription,Shopping
2995,2025-10-08,30.65,Joe's Pizza,Joe's Pizza - Monthly subscription,Food
2996,2026-05-11,19.73,Lewis and Sons,Lewis and Sons - Gas refill,Bills
2997,2025-07-29,9.02,Hilton Hotels,Course fee,Travel
2998,2026-07-13,27.5,Amazon Marketplace,Taxi ride,Shopping
2999,2024-02-04,1.23,Amazon Marketplace,Electric bill payment,Shopping
3000,2026-04-01,2.54,Local High School,Taxi ride,Education
3001,2025-08-28,14.05,"Blair, Gonzalez and Beck","Blair, Gonzalez and Beck - Grocery shopping",Shopping
3002,2025-08-02,22.52,Gas Station,Prescription purchase,Bills
3003,2026-02-03,57.97,Delta Airlines,Delta Airlines - Monthly subscription,Travel
3004,2023-12-13,11.39,Shaw-Adams,Flight booking,Utilities
3005,2026-07-07,54.97,Spotify,Spotify - Prescription purchase,Entertainment
3006,2026-01-12,25.82,Local High School,Local High School - Gas refill,Education
3007,2024-03-23,48.83,Uber Eats,Taxi ride,Transport
3008,2025-08-30,46.77,Starbucks Coffee,Grocery shopping,Utilities
3009,2026-02-28,23.01,Gas Station,Gas Station - Hotel stay,Travel
3010,2026-08-04,59.42,Netflix Streaming,Netflix Streaming - Gas refill,Entertainment
3011,2023-11-06,8.47,Ruiz Inc,Ruiz Inc - Flight booking,Travel
3012,2023-10-23,18.72,"Griffin, Barry and Martinez","Griffin, Barry and Martinez - Electric bill payment",Bills
3013,2025-02-10,11.89,Spotify,Spotify - Taxi ride,Entertainment
3014,2025-11-19,11.07,Alvarez LLC,Alvarez LLC - Hotel stay,Travel
3015,2023-10-23,3.2,Corner Grocery,Corner Grocery - Prescription purchase,Utilities
3016,2023-11-11,10.15,Joe's Pizza,Joe's Pizza - Electric bill payment,Food
3017,2025-07-19,7.86,Amazon Marketplace,Amazon Marketplace - Electric bill payment,Shopping
3018,2025-07-03,21.7,Gas Station,Lunch with friends,Bills
3019,2025-12-16,97.99,Local Taxi,Local Taxi - Taxi ride,Utilities
3020,2023-10-05,68.1,Spotify,Spotify - Hotel stay,Travel
3021,2023-11-04,14.54,Amazon Marketplace,Amazon Marketplace - Hotel stay,Travel
3022,2024-11-06,5.62,City Hospital,Taxi ride,Entertainment
3023,2025-02-04,49.59,City Hospital,City Hospital - Taxi ride,Others
3024,2025-03-02,12.43,Gomez-Taylor,Lunch with friends,Entertainment
3025,2024-09-26,10.71,Electric Company,Electric Company - Monthly subscription,Bills
3026,2026-03-18,6.66,CVS Pharmacy,CVS Pharmacy - Online purchase,Health
3027,2024-04-01,20.41,Sims Ltd,Grocery shopping,Travel
3028,2026-07-03,13.93,"Bell, Hayes and Murphy","Bell, Hayes and Murphy - Online purchase",Shopping
3029,2025-09-06,59.01,CVS Pharmacy,CVS Pharmacy - Lunch with friends,Health
3030,2024-10-22,76.71,Joe's Pizza,Joe's Pizza - Electric bill payment,Food
3031,2025-05-20,6.2,Spotify,Hotel stay,Travel
3032,2025-07-23,99.17,Lyft,Hotel stay,Transport
3033,2024-09-21,2.71,Waterworks,Monthly subscription,Bills
3034,2025-05-13,3.92,Uber Eats,Uber Eats - Monthly subscription,Transport
3035,2023-11-12,20.24,Spotify,Spotify - Grocery shopping,Entertainment
3036,2026-06-04,10.39,"Nelson, Hill and Martin",Grocery shopping,Shopping
3037,2025-04-15,41.4,Starbucks Coffee,Course fee,Education
3038,2024-07-24,58.29,Gas Station,Gas refill,Bills
3039,2023-11-22,28.89,Delta Airlines,Delta Airlines - Grocery shopping,Travel
3040,2026-01-16,20.36,Walmart Supercenter,Walmart Supercenter - Electric bill payment,Shopping
3041,2025-09-14,38.61,CVS Pharmacy,CVS Pharmacy - Online purchase,Health
3042,2026-06-26,57.86,Starbucks Coffee,Gas refill,Bills
3043,2024-10-08,1.75,Hilton Hotels,Gas refill,Travel
3044,2026-02-23,26.38,Amazon Marketplace,Flight booking,Shopping
3045,2026-05-15,27.32,Waterworks,Waterworks - Electric bill payment,Bills
3046,2025-07-08,22.02,Joe's Pizza,Taxi ride,Food
3047,2025-05-30,27.47,Local High School,Online purchase,Education
3048,2025-03-28,1.27,Lyft,Lyft - Hotel stay,Transport
3049,2023-12-10,13.07,Murray Group,Murray Group - Online purchase,Food
3050,2024-02-15,9.19,Delta Airlines,Delta Airlines - Monthly subscription,Travel
3051,2024-10-22,9.69,Lyft,Lyft - Course fee,Transport
3052,2025-05-26,17.16,Mccullough Ltd,Mccullough Ltd - Prescription purchase,Transport
3053,2024-01-28,38.88,Starbucks Coffee,Starbucks Coffee - Online purchase,Entertainment
3054,2026-03-10,23.81,Uber Eats,Uber Eats - Online purchase,Transport
3055,2023-12-22,15.88,Hilton Hotels,Course fee,Travel
3056,2024-01-19,9.51,Richards-Murphy,Electric bill payment,Bills
3057,2026-08-10,21.95,Electric Company,Electric Company - Electric bill payment,Bills
3058,2025-02-15,38.54,CVS Pharmacy,CVS Pharmacy - Lunch with friends,Health
3059,2025-11-29,18.89,Amazon Marketplace,Amazon Marketplace - Online purchase,Shopping
3060,2026-04-08,36.41,Netflix Streaming,Taxi ride,Entertainment
3061,2023-12-05,90.36,Spotify,Spotify - Flight booking,Entertainment
3062,2024-05-09,7.54,Waterworks,Waterworks - Course fee,Bills
3063,2026-07-13,2.74,"Rosario, Livingston and Johnson",Grocery shopping,Travel
3064,2025-12-02,57.89,Corner Grocery,Corner Grocery - Hotel stay,Travel
3065,2025-09-23,9.54,King Group,Electric bill payment,Bills
3066,2025-09-21,1.43,Walter-Kim,Grocery shopping,Shopping
3067,2024-11-06,54.71,State University,Hotel stay,Travel
3068,2024-11-03,24.35,Gonzalez and Sons,Gonzalez and Sons - Monthly subscription,Transport
3069,2026-03-29,24.3,Corner Grocery,Corner Grocery - Hotel stay,Travel
3070,2023-09-16,6.14,State University,State University - Electric bill payment,Education
3071,2025-04-26,23.21,"Tran, Johnson and Cooper",Online purchase,Food
3072,2026-02-14,8.29,City Hospital,City Hospital - Online purchase,Utilities
3073,2025-07-18,39.31,Lyft,Lyft - Taxi ride,Transport
3074,2024-11-04,5.24,CVS Pharmacy,Grocery shopping,Health
3075,2025-02-02,19.52,Amazon Marketplace,Amazon Marketplace - Prescription purchase,Shopping
3076,2023-11-21,19.49,Local High School,Electric bill payment,Education
3077,2026-04-12,39.95,Spotify,Spotify - Electric bill payment,Entertainment
3078,2026-03-17,15.53,Davis PLC,Grocery shopping,Others
3079,2024-11-15,73.82,Corner Grocery,Course fee,Others
3080,2025-04-15,12.19,Electric Company,Course fee,Bills
3081,2025-08-20,11.36,"David, Barr and Johnson",Electric bill payment,Bills
3082,2025-04-12,33.17,Electric Company,Electric bill payment,Bills
3083,2025-06-13,13.77,Delta Airlines,Delta Airlines - Hotel stay,Travel
3084,2025-04-23,22.0,"Atkins, Hooper and Phillips","Atkins, Hooper and Phillips - Monthly subscription",Utilities
3085,2025-03-21,14.41,Hilton Hotels,Hilton Hotels - Online purchase,Travel
3086,2024-11-13,1.49,Spotify,Hotel stay,Travel
3087,2023-12-25,129.89,Evans-Murillo,Flight booking,Bills
3088,2025-03-10,34.68,Uber Eats,Taxi ride,Transport
3089,2024-02-12,1.82,Netflix Streaming,Netflix Streaming - Course fee,Entertainment
3090,2026-04-30,8.24,"Woodard, Coleman and Jacobson","Woodard, Coleman and Jacobson - Hotel stay",Travel
3091,2023-12-16,12.69,Hilton Hotels,Hilton Hotels - Flight booking,Travel
3092,2023-12-18,29.68,Rogers-Greene,Course fee,Transport
3093,2025-01-30,27.76,Gas Station,Gas Station - Taxi ride,Bills
3094,2026-08-21,10.24,Walker-Reed,Walker-Reed - Taxi ride,Transport
3095,2026-01-23,20.26,Green-York,Green-York - Course fee,Entertainment
3096,2024-09-15,50.73,CVS Pharmacy,Prescription purchase,Health
3097,2024-01-03,8.52,Gas Station,Gas Station - Prescription purchase,Bills
3098,2024-08-12,13.72,Joe's Pizza,Monthly subscription,Food
3099,2025-11-21,17.78,City Hospital,Prescription purchase,Food
3100,2024-03-03,10.19,Walmart Supercenter,Walmart Supercenter - Hotel stay,Travel
3101,2026-01-21,18.99,Lyft,Lyft - Prescription purchase,Transport
3102,2025-01-07,6.99,Spotify,Gas refill,Entertainment
3103,2025-08-12,16.62,Amazon Marketplace,Amazon Marketplace - Lunch with friends,Shopping
3104,2024-05-04,63.1,Peterson and Sons,Peterson and Sons - Online purchase,Food
3105,2026-03-10,84.86,Joe's Pizza,Joe's Pizza - Hotel stay,Food
3106,2025-06-19,70.44,Starbucks Coffee,Grocery shopping,Shopping
3107,2024-06-29,17.01,CVS Pharmacy,Lunch with friends,Health
3108,2023-10-27,14.75,Hilton Hotels,Hilton Hotels - Course fee,Travel
3109,2025-06-09,10.43,Local High School,Local High School - Prescription purchase,Education
3110,2025-12-16,4.85,Starbucks Coffee,Starbucks Coffee - Electric bill payment,Bills
3111,2026-08-21,16.85,Mall Outlet,Electric bill payment,Bills
3112,2025-07-22,26.59,"Powell, Roberts and Blake","Powell, Roberts and Blake - Flight booking",Travel
3113,2024-08-02,98.08,Uber Eats,Electric bill payment,Transport
3114,2026-07-10,25.47,Uber Eats,Flight booking,Transport
3115,2025-03-03,4.02,City Hospital,City Hospital - Flight booking,Transport
3116,2025-01-03,33.62,Paul-Mckenzie,Prescription purchase,Entertainment
3117,2025-04-07,37.77,Gas Station,Gas Station - Hotel stay,Travel
3118,2026-02-13,2.05,Local High School,Prescription purchase,Education
3119,2025-01-25,4.7,Smith-Gibbs,Gas refill,Bills
3120,2026-04-05,8.64,Local Taxi,Lunch with friends,Food
3121,2023-12-31,12.99,Netflix Streaming,Netflix Streaming - Prescription purchase,Entertainment
3122,2023-09-21,37.46,Uber Eats,Uber Eats - Course fee,Transport
3123,2024-10-16,35.06,Electric Company,Electric Company - Taxi ride,Bills
3124,2024-10-10,24.82,Hilton Hotels,Hilton Hotels - Taxi ride,Travel
3125,2025-03-29,42.87,Branch PLC,Hotel stay,Travel
3126,2025-02-09,15.74,Waterworks,Waterworks - Online purchase,Bills
3127,2023-09-20,2.01,Local High School,Prescription purchase,Education
3128,2024-04-14,36.06,Starbucks Coffee,Starbucks Coffee - Monthly subscription,Others
3129,2025-02-14,2.61,Mall Outlet,Mall Outlet - Flight booking,Others
3130,2024-11-12,31.94,Mall Outlet,Mall Outlet - Prescription purchase,Transport
3131,2024-07-11,29.68,Gas Station,Gas Station - Lunch with friends,Bills
3132,2025-04-08,10.93,Hilton Hotels,Hilton Hotels - Grocery shopping,Travel
3133,2026-01-02,61.9,Waterworks,Hotel stay,Travel
3134,2025-04-14,34.82,State University,Course fee,Education
3135,2026-07-09,10.07,Turner and Sons,Turner and Sons - Hotel stay,Travel
3136,2024-05-23,38.53,Local Taxi,Local Taxi - Course fee,Shopping
3137,2025-05-15,5.64,State University,State University - Prescription purchase,Education
3138,2024-11-30,5.53,Walmart Supercenter,Flight booking,Shopping
3139,2025-03-06,36.7,Corner Grocery,Corner Grocery - Gas refill,Bills
3140,2024-09-12,3.79,"Pope, Stephenson and Beasley",Prescription purchase,Shopping
3141,2025-07-24,24.07,CVS Pharmacy,Gas refill,Health
3142,2023-10-31,29.42,State University,State University - Lunch with friends,Education
3143,2025-04-07,34.57,Jacobs Inc,Jacobs Inc - Lunch with friends,Others
3144,2024-11-30,61.02,Lopez Inc,Lopez Inc - Online purchase,Others
3145,2026-06-01,98.91,Amazon Marketplace,Amazon Marketplace - Lunch with friends,Shopping
3146,2024-05-01,41.7,Walmart Supercenter,Walmart Supercenter - Online purchase,Shopping
3147,2025-04-22,47.78,Trevino-Pope,Grocery shopping,Shopping
3148,2024-01-16,58.26,Starbucks Coffee,Hotel stay,Travel
3149,2025-11-14,17.33,Amazon Marketplace,Amazon Marketplace - Course fee,Shopping
3150,2024-10-24,34.78,Barber and Sons,Barber and Sons - Electric bill payment,Bills
3151,2024-10-04,3.33,Hilton Hotels,Monthly subscription,Travel
3152,2026-01-06,55.24,"Reynolds, Estrada and Blankenship","Reynolds, Estrada and Blankenship - Flight booking",Entertainment
3153,2025-04-17,7.74,Gonzalez-Robinson,Gonzalez-Robinson - Gas refill,Bills
3154,2024-08-03,94.25,CVS Pharmacy,Electric bill payment,Health
3155,2026-05-24,2.32,"Mueller, Hanson and Olson","Mueller, Hanson and Olson - Prescription purchase",Shopping
3156,2023-10-02,56.35,Kelley LLC,Kelley LLC - Lunch with friends,Travel
3157,2026-02-07,66.42,Waterworks,Taxi ride,Bills
3158,2025-02-10,4.16,Joe's Pizza,Joe's Pizza - Electric bill payment,Food
3159,2026-05-01,58.77,Corner Grocery,Corner Grocery - Grocery shopping,Transport
3160,2026-04-23,65.65,Lyft,Lyft - Online purchase,Transport
3161,2024-02-18,31.95,"Archer, Miller and Sosa",Flight booking,Utilities
3162,2024-07-26,9.42,Lyft,Lyft - Hotel stay,Transport
3163,2026-08-04,16.84,Gas Station,Online purchase,Bills
3164,2023-11-26,5.35,Mall Outlet,Mall Outlet - Prescription purchase,Food
3165,2025-03-21,83.48,Hilton Hotels,Hilton Hotels - Online purchase,Travel
3166,2026-04-14,13.04,Local Taxi,Local Taxi - Monthly subscription,Travel
3167,2024-08-17,4.97,Gas Station,Electric bill payment,Bills
3168,2025-01-01,29.07,Local Taxi,Local Taxi - Course fee,Entertainment
3169,2024-03-28,16.21,Waterworks,Electric bill payment,Bills
3170,2024-03-21,26.0,Local Taxi,Local Taxi - Lunch with friends,Shopping
3171,2024-08-28,64.72,Netflix Streaming,Netflix Streaming - Monthly subscription,Entertainment
3172,2024-08-26,63.92,Starbucks Coffee,Starbucks Coffee - Online purchase,Food
3173,2024-12-09,64.13,Waterworks,Hotel stay,Travel
3174,2024-11-01,61.99,Amazon Marketplace,Amazon Marketplace - Electric bill payment,Shopping
3175,2023-09-03,50.83,Bailey-Hunter,Bailey-Hunter - Taxi ride,Others
3176,2024-07-25,10.47,Lyft,Monthly subscription,Transport
3177,2023-10-19,35.63,Gas Station,Electric bill payment,Bills
3178,2024-07-21,24.73,"Hall, Stark and Miles","Hall, Stark and Miles - Gas refill",Bills
3179,2025-03-15,85.19,CVS Pharmacy,CVS Pharmacy - Hotel stay,Travel
3180,2023-12-26,3.82,Adams-Lopez,Flight booking,Travel
3181,2025-11-08,65.25,Griffin-Holden,Griffin-Holden - Prescription purchase,Bills
3182,2026-01-26,144.91,Local Taxi,Local Taxi - Electric bill payment,Bills
3183,2024-07-10,32.23,Local High School,Local High School - Monthly subscription,Education
3184,2024-04-08,6.65,Spotify,Gas refill,Entertainment
3185,2026-07-09,23.74,King-Fischer,King-Fischer - Gas refill,Bills
3186,2023-10-14,27.75,"Hines, Saunders and Mckenzie","Hines, Saunders and Mckenzie - Online purchase",Transport
3187,2026-03-28,18.42,Joe's Pizza,Joe's Pizza - Course fee,Food
3188,2025-10-24,5.91,"Daniels, Garcia and Kelley","Daniels, Garcia and Kelley - Lunch with friends",Entertainment
3189,2025-08-26,36.34,Starbucks Coffee,Starbucks Coffee - Flight booking,Shopping
3190,2025-01-13,46.59,Hoffman-David,Hotel stay,Travel
3191,2026-08-10,83.31,Lyft,Lyft - Course fee,Transport
3192,2024-07-04,31.31,Hilton Hotels,Hilton Hotels - Grocery shopping,Travel
3193,2024-02-07,11.79,Cline-Walton,Course fee,Food
3194,2025-02-24,70.66,Grant PLC,Grant PLC - Course fee,Utilities
3195,2025-06-14,7.02,City Hospital,City Hospital - Gas refill,Bills
3196,2025-08-22,40.55,Smith-Collier,Smith-Collier - Prescription purchase,Travel
3197,2023-12-03,15.45,"Swanson, Glover and Diaz","Swanson, Glover and Diaz - Prescription purchase",Shopping
3198,2025-04-09,3.72,State University,Hotel stay,Travel
3199,2024-04-15,4.59,City Hospital,City Hospital - Prescription purchase,Bills
3200,2025-06-16,10.74,Hilton Hotels,Hilton Hotels - Electric bill payment,Travel
3201,2026-04-10,73.5,Local Taxi,Lunch with friends,Shopping
3202,2026-07-16,15.5,Spotify,Online purchase,Entertainment
3203,2023-09-27,53.5,Smith and Sons,Smith and Sons - Grocery shopping,Others
3204,2025-03-04,12.91,Gas Station,Gas Station - Lunch with friends,Bills
3205,2024-01-24,17.22,Jackson PLC,Jackson PLC - Monthly subscription,Shopping
3206,2025-03-09,24.7,Morgan-Potter,Morgan-Potter - Grocery shopping,Shopping
3207,2023-10-23,16.73,Martin-Mcfarland,Prescription purchase,Travel
3208,2025-07-30,82.42,Small LLC,Small LLC - Flight booking,Bills
3209,2025-02-04,20.87,Delta Airlines,Taxi ride,Travel
3210,2026-08-12,52.4,Delta Airlines,Monthly subscription,Travel
3211,2024-08-06,29.14,Avila Ltd,Avila Ltd - Online purchase,Travel
3212,2025-08-19,18.25,"Rowe, Rivera and Williams","Rowe, Rivera and Williams - Course fee",Shopping
3213,2024-02-09,16.53,Roberts PLC,Course fee,Food
3214,2026-03-17,3.64,Hall-Rogers,Prescription purchase,Transport
3215,2024-12-10,57.6,Waterworks,Grocery shopping,Bills
3216,2023-11-07,18.63,Bender LLC,Hotel stay,Travel
3217,2025-12-21,31.11,"Kemp, Francis and Mcdonald","Kemp, Francis and Mcdonald - Online purchase",Shopping
3218,2024-07-31,74.0,"Richardson, Williams and Carter","Richardson, Williams and Carter - Prescription purchase",Travel
3219,2023-10-12,33.68,Fields-Sawyer,Flight booking,Food
3220,2026-05-30,118.11,Williams-Hickman,Online purchase,Education
3221,2025-01-09,40.28,CVS Pharmacy,CVS Pharmacy - Flight booking,Health
3222,2024-07-23,5.13,Robinson-Hubbard,Robinson-Hubbard - Lunch with friends,Health
3223,2024-07-01,7.54,Electric Company,Electric Company - Taxi ride,Bills
3224,2026-03-05,14.34,State University,State University - Flight booking,Education
3225,2023-12-22,10.33,Hilton Hotels,Electric bill payment,Travel
3226,2025-11-11,18.21,Joe's Pizza,Joe's Pizza - Gas refill,Food
3227,2026-07-05,36.21,"Bush, Allen and Stevens","Bush, Allen and Stevens - Flight booking",Transport
3228,2025-06-13,25.69,Carter-Liu,Grocery shopping,Bills
3229,2026-02-24,22.11,Hilton Hotels,Course fee,Travel
3230,2026-03-31,2.46,CVS Pharmacy,Online purchase,Health
3231,2024-05-07,12.29,Netflix Streaming,Course fee,Entertainment
3232,2023-09-18,25.05,Netflix Streaming,Grocery shopping,Entertainment
3233,2025-12-21,8.99,Leon LLC,Leon LLC - Flight booking,Bills
3234,2023-10-31,59.48,Local Taxi,Hotel stay,Travel
3235,2024-04-30,25.71,Jackson LLC,Jackson LLC - Grocery shopping,Bills
3236,2026-01-02,47.18,Gas Station,Gas refill,Bills
3237,2026-05-16,86.27,Malone-Martin,Malone-Martin - Lunch with friends,Food
3238,2026-06-03,191.9,Gas Station,Gas Station - Gas refill,Bills
3239,2026-04-09,2.47,Wade-James,Flight booking,Education
3240,2026-02-24,9.64,Corner Grocery,Corner Grocery - Electric bill payment,Bills
3241,2024-06-20,21.92,"Phillips, Jordan and Brown","Phillips, Jordan and Brown - Online purchase",Travel
3242,2026-07-03,27.23,Waterworks,Waterworks - Electric bill payment,Bills
3243,2025-12-09,53.15,Lyft,Online purchase,Transport
3244,2024-04-24,34.21,Joe's Pizza,Hotel stay,Food
3245,2025-11-20,14.34,Netflix Streaming,Monthly subscription,Entertainment
3246,2025-03-14,6.53,Ibarra-Petty,Ibarra-Petty - Taxi ride,Utilities
3247,2026-03-05,5.93,City Hospital,Flight booking,Shopping
3248,2025-03-28,22.38,Corner Grocery,Prescription purchase,Travel
3249,2024-05-20,48.39,Bowman Group,Bowman Group - Lunch with friends,Travel
3250,2026-07-23,39.27,Gas Station,Gas Station - Taxi ride,Bills
3251,2026-06-22,83.37,Waterworks,Waterworks - Hotel stay,Travel
3252,2025-08-19,4.04,"Burns, Bowen and Hunter","Burns, Bowen and Hunter - Hotel stay",Travel
3253,2024-07-22,41.85,"Khan, Taylor and Coleman","Khan, Taylor and Coleman - Flight booking",Shopping
3254,2024-06-19,16.79,"Davis, Oneal and Martinez","Davis, Oneal and Martinez - Prescription purchase",Others
3255,2026-01-24,7.15,Williamson LLC,Monthly subscription,Others
3256,2026-06-01,38.51,State University,Taxi ride,Education
3257,2023-11-26,50.59,Gas Station,Gas Station - Hotel stay,Travel
3258,2024-03-09,36.61,Local High School,Local High School - Flight booking,Education
3259,2023-10-27,80.95,Jones-Beasley,Jones-Beasley - Course fee,Bills
3260,2023-09-30,15.34,Novak Group,Novak Group - Hotel stay,Travel
3261,2026-07-12,1.39,"Wagner, Morrison and Schultz","Wagner, Morrison and Schultz - Monthly subscription",Transport
3262,2025-04-03,9.67,Mall Outlet,Monthly subscription,Health
3263,2023-11-06,60.46,Bradley-Cruz,Electric bill payment,Bills
3264,2026-02-25,6.88,Netflix Streaming,Netflix Streaming - Monthly subscription,Entertainment
3265,2026-03-24,56.49,Waterworks,Taxi ride,Bills
3266,2025-09-21,50.57,Gas Station,Monthly subscription,Bills
3267,2025-11-10,20.92,Hughes PLC,Monthly subscription,Transport
3268,2024-08-30,13.83,"Martinez, Ballard and Martin","Martinez, Ballard and Martin - Online purchase",Shopping
3269,2024-05-26,8.31,"Cruz, Schwartz and Anderson","Cruz, Schwartz and Anderson - Online purchase",Travel
3270,2025-07-02,16.84,Waterworks,Waterworks - Online purchase,Bills
3271,2024-05-02,117.73,Mall Outlet,Grocery shopping,Utilities
3272,2026-06-27,5.92,Johnson Inc,Johnson Inc - Online purchase,Health
3273,2024-04-12,29.01,Delta Airlines,Flight booking,Travel
3274,2023-10-02,49.58,Local High School,Local High School - Grocery shopping,Education
3275,2024-10-09,28.47,Amazon Marketplace,Electric bill payment,Shopping
3276,2026-02-10,5.52,Sloan-Gonzales,Sloan-Gonzales - Prescription purchase,Transport
3277,2024-06-22,76.46,City Hospital,Online purchase,Bills
3278,2024-05-16,57.68,Martin PLC,Monthly subscription,Transport
3279,2025-05-08,45.55,Netflix Streaming,Netflix Streaming - Electric bill payment,Entertainment
3280,2024-12-13,88.17,Gas Station,Gas Station - Prescription purchase,Bills
3281,2025-12-10,34.63,"Kelly, Frey and Nunez",Course fee,Travel
3282,2023-12-10,41.86,Hilton Hotels,Hilton Hotels - Hotel stay,Travel
3283,2025-11-17,79.58,Mall Outlet,Mall Outlet - Flight booking,Food
3284,2025-02-16,4.76,City Hospital,Course fee,Travel
3285,2026-01-26,1.92,Local High School,Local High School - Electric bill payment,Education
3286,2024-06-07,94.87,Delta Airlines,Delta Airlines - Gas refill,Travel
3287,2023-12-28,33.62,Hilton Hotels,Course fee,Travel
3288,2025-01-12,17.03,Hilton Hotels,Taxi ride,Travel
3289,2025-05-18,12.23,State University,State University - Prescription purchase,Education
3290,2025-01-21,56.53,Electric Company,Flight booking,Bills
3291,2023-10-23,6.08,State University,State University - Prescription purchase,Education
3292,2025-01-23,1.78,Local High School,Local High School - Electric bill payment,Education
3293,2024-09-01,5.33,Local Taxi,Grocery shopping,Others
3294,2026-04-16,8.39,Garner-Harris,Lunch with friends,Shopping
3295,2024-11-02,75.54,Lopez PLC,Course fee,Transport
3296,2024-05-01,8.01,"Medina, Kennedy and Knox","Medina, Kennedy and Knox - Prescription purchase",Shopping
3297,2024-04-18,18.84,Hilton Hotels,Hilton Hotels - Flight booking,Travel
3298,2024-09-15,33.01,Porter-Richardson,Grocery shopping,Health
3299,2025-06-02,76.33,Mcdaniel LLC,Mcdaniel LLC - Grocery shopping,Shopping
3300,2025-05-04,11.41,City Hospital,Monthly subscription,Shopping
3301,2024-07-19,27.21,CVS Pharmacy,Course fee,Health
3302,2024-01-04,12.79,City Hospital,Prescription purchase,Utilities
3303,2025-09-11,8.82,Uber Eats,Monthly subscription,Transport
3304,2025-03-18,61.37,City Hospital,Monthly subscription,Transport
3305,2023-12-21,72.24,"Parker, Nichols and Myers",Flight booking,Utilities
3306,2024-05-30,53.67,City Hospital,City Hospital - Prescription purchase,Food
3307,2025-03-04,19.43,Palmer-Franklin,Palmer-Franklin - Online purchase,Food
3308,2024-09-10,3.06,State University,State University - Grocery shopping,Education
3309,2024-08-19,10.57,Uber Eats,Uber Eats - Gas refill,Transport
3310,2024-11-01,3.43,Electric Company,Electric Company - Electric bill payment,Bills
3311,2024-09-21,54.84,Brown-Castillo,Brown-Castillo - Lunch with friends,Food
3312,2024-08-28,19.22,Buckley-Hebert,Buckley-Hebert - Course fee,Entertainment
3313,2024-07-01,36.01,Walmart Supercenter,Electric bill payment,Shopping
3314,2026-01-11,38.69,"Petty, Poole and Watkins","Petty, Poole and Watkins - Lunch with friends",Education
3315,2025-10-28,70.9,Amazon Marketplace,Electric bill payment,Shopping
3316,2024-12-22,57.86,Nguyen Ltd,Nguyen Ltd - Taxi ride,Food
3317,2024-12-23,6.09,State University,State University - Grocery shopping,Education
3318,2024-09-09,16.6,"Shaw, Thompson and Gutierrez","Shaw, Thompson and Gutierrez - Prescription purchase",Utilities
3319,2024-05-03,53.67,Amazon Marketplace,Amazon Marketplace - Grocery shopping,Shopping
3320,2024-06-10,20.24,Spotify,Spotify - Gas refill,Entertainment
3321,2024-01-28,190.51,"Lang, West and Harris","Lang, West and Harris - Gas refill",Bills
3322,2026-07-13,54.37,"Durham, Williamson and Boone",Flight booking,Others
3323,2024-03-16,23.18,Amazon Marketplace,Lunch with friends,Shopping
3324,2025-11-28,40.29,Waterworks,Waterworks - Flight booking,Bills
3325,2025-07-17,3.41,"Taylor, Cervantes and Glover","Taylor, Cervantes and Glover - Electric bill payment",Bills
3326,2025-05-20,22.66,Daugherty-Hayden,Monthly subscription,Shopping
3327,2023-11-29,2.74,Waterworks,Waterworks - Flight booking,Bills
3328,2023-10-18,21.47,Smith-Sanchez,Smith-Sanchez - Electric bill payment,Bills
3329,2026-05-07,3.18,Uber Eats,Uber Eats - Grocery shopping,Transport
3330,2023-12-18,35.28,Electric Company,Electric Company - Taxi ride,Bills
3331,2025-11-24,37.64,Starbucks Coffee,Starbucks Coffee - Prescription purchase,Utilities
3332,2023-12-02,3.8,"Williams, Holland and Miller",Taxi ride,Food
3333,2024-07-20,3.09,State University,State University - Gas refill,Education
3334,2024-09-18,3.55,"Vance, Brown and Nguyen",Course fee,Food
3335,2026-03-11,13.32,Mcdonald Inc,Prescription purchase,Entertainment
3336,2026-03-17,14.22,CVS Pharmacy,CVS Pharmacy - Hotel stay,Travel
3337,2025-03-10,8.0,Spotify,Spotify - Flight booking,Entertainment
3338,2025-06-28,11.77,Johnson-Ross,Monthly subscription,Transport
3339,2025-11-02,46.6,Joe's Pizza,Lunch with friends,Food
3340,2026-07-21,38.6,Joe's Pizza,Lunch with friends,Food
3341,2025-11-21,86.11,Starbucks Coffee,Starbucks Coffee - Hotel stay,Travel
3342,2026-05-01,21.45,Vargas-Ortiz,Monthly subscription,Bills
3343,2026-01-07,35.19,Williams LLC,Monthly subscription,Bills
3344,2024-03-02,20.42,Mall Outlet,Mall Outlet - Grocery shopping,Food
3345,2024-10-26,78.58,Delta Airlines,Delta Airlines - Course fee,Travel
3346,2023-12-09,1.19,Mitchell-Perez,Electric bill payment,Bills
3347,2026-07-31,32.0,Waterworks,Waterworks - Electric bill payment,Bills
3348,2025-05-27,54.08,Joe's Pizza,Course fee,Food
3349,2025-05-22,86.32,Duran Inc,Course fee,Food
3350,2025-09-29,7.21,Starbucks Coffee,Starbucks Coffee - Course fee,Entertainment
3351,2023-10-03,34.34,Delta Airlines,Hotel stay,Travel
3352,2024-04-27,35.42,Hilton Hotels,Lunch with friends,Travel
3353,2026-04-20,6.56,Miller Group,Miller Group - Hotel stay,Travel
3354,2025-04-10,115.02,City Hospital,City Hospital - Course fee,Health
3355,2024-05-25,5.32,Delta Airlines,Delta Airlines - Taxi ride,Travel
3356,2026-04-23,10.78,Amazon Marketplace,Hotel stay,Travel
3357,2024-11-21,55.34,Michael Inc,Taxi ride,Bills
3358,2023-12-23,50.99,Hilton Hotels,Hilton Hotels - Online purchase,Travel
3359,2026-02-19,28.72,Nelson-Wiggins,Nelson-Wiggins - Online purchase,Health
3360,2026-01-05,84.68,Netflix Streaming,Lunch with friends,Entertainment
3361,2026-07-24,8.37,Local Taxi,Local Taxi - Electric bill payment,Bills
3362,2026-08-09,4.93,Walmart Supercenter,Walmart Supercenter - Grocery shopping,Shopping
3363,2025-10-17,19.88,Local High School,Local High School - Gas refill,Education
3364,2024-05-19,20.0,Corner Grocery,Lunch with friends,Food
3365,2025-10-14,10.15,"Peterson, Carpenter and Miller","Peterson, Carpenter and Miller - Online purchase",Bills
3366,2024-09-02,53.07,Lyft,Lyft - Taxi ride,Transport
3367,2026-02-25,21.93,Hilton Hotels,Hilton Hotels - Hotel stay,Travel
3368,2025-01-25,14.47,Kelly-Maxwell,Prescription purchase,Food
3369,2026-03-19,1.33,Joe's Pizza,Joe's Pizza - Prescription purchase,Food
3370,2024-04-11,2.31,Local High School,Local High School - Course fee,Education
3371,2025-03-28,3.51,Gas Station,Gas Station - Grocery shopping,Bills
3372,2025-08-12,1.67,Cardenas-Lester,Cardenas-Lester - Course fee,Entertainment
3373,2024-10-06,4.3,Corner Grocery,Corner Grocery - Flight booking,Others
3374,2025-01-11,12.65,Amazon Marketplace,Amazon Marketplace - Hotel stay,Travel
3375,2024-04-24,114.22,State University,State University - Electric bill payment,Education
3376,2024-08-15,35.12,Netflix Streaming,Netflix Streaming - Course fee,Entertainment
3377,2023-12-09,1.5,Spotify,Taxi ride,Entertainment
3378,2025-07-15,9.2,CVS Pharmacy,Taxi ride,Health
3379,2025-09-08,35.43,Local High School,Prescription purchase,Education
3380,2024-11-08,10.99,Netflix Streaming,Netflix Streaming - Flight booking,Entertainment
3381,2025-03-04,107.83,Corner Grocery,Corner Grocery - Course fee,Others
3382,2026-02-24,43.51,Murphy LLC,Murphy LLC - Taxi ride,Bills
3383,2024-12-27,9.21,Gas Station,Gas Station - Grocery shopping,Bills
3384,2024-07-10,7.95,Joe's Pizza,Joe's Pizza - Gas refill,Food
3385,2024-12-05,28.88,Delta Airlines,Delta Airlines - Course fee,Travel
3386,2024-12-29,63.67,Corner Grocery,Corner Grocery - Grocery shopping,Education
3387,2026-07-18,23.89,Waterworks,Waterworks - Grocery shopping,Bills
3388,2026-07-12,5.08,Waterworks,Waterworks - Grocery shopping,Bills
3389,2024-09-22,7.6,Spotify,Spotify - Grocery shopping,Entertainment
3390,2026-04-23,7.86,Mall Outlet,Gas refill,Bills
3391,2025-12-03,36.83,State University,State University - Electric bill payment,Education
3392,2025-12-10,4.4,Uber Eats,Uber Eats - Lunch with friends,Transport
3393,2026-03-31,9.72,CVS Pharmacy,Monthly subscription,Health
3394,2024-08-11,9.85,Brady-Zhang,Brady-Zhang - Online purchase,Others
3395,2025-06-27,6.57,Delta Airlines,Delta Airlines - Course fee,Travel
3396,2023-11-24,22.36,Shannon LLC,Shannon LLC - Prescription purchase,Travel
3397,2026-04-03,29.37,Moore Inc,Gas refill,Bills
3398,2025-02-21,23.56,State University,State University - Flight booking,Education
3399,2025-10-25,25.6,Delta Airlines,Delta Airlines - Hotel stay,Travel
3400,2024-04-28,25.94,Chandler Inc,Electric bill payment,Bills
3401,2025-09-08,19.81,Lyft,Lyft - Grocery shopping,Transport
3402,2023-09-07,14.55,Netflix Streaming,Netflix Streaming - Gas refill,Entertainment
3403,2023-10-11,114.67,"Conley, Tucker and Garcia",Gas refill,Bills
3404,2025-11-09,48.2,Joe's Pizza,Joe's Pizza - Monthly subscription,Food
3405,2024-10-17,13.54,"Martinez, Boyd and Frank",Hotel stay,Travel
3406,2026-02-03,22.88,"Trevino, Brown and Cruz","Trevino, Brown and Cruz - Flight booking",Food
3407,2026-03-21,2.38,Hilton Hotels,Course fee,Travel
3408,2024-08-14,11.03,Local Taxi,Local Taxi - Flight booking,Entertainment
3409,2024-01-08,16.53,Starbucks Coffee,Starbucks Coffee - Monthly subscription,Others
3410,2026-06-27,3.49,CVS Pharmacy,CVS Pharmacy - Electric bill payment,Health
3411,2024-04-19,29.69,City Hospital,Course fee,Food
3412,2024-10-23,12.49,Delta Airlines,Hotel stay,Travel
3413,2025-01-09,25.55,Joe's Pizza,Course fee,Food
3414,2026-08-03,51.53,Waterworks,Course fee,Bills
3415,2026-06-24,29.93,Amazon Marketplace,Amazon Marketplace - Hotel stay,Travel
3416,2025-02-11,29.38,"Anderson, Hill and Ross","Anderson, Hill and Ross - Lunch with friends",Travel
3417,2024-03-24,4.67,Starbucks Coffee,Starbucks Coffee - Course fee,Transport
3418,2025-05-27,24.47,"Johnson, Matthews and Rose","Johnson, Matthews and Rose - Hotel stay",Travel
3419,2024-03-21,10.63,State University,State University - Monthly subscription,Education
3420,2025-05-05,31.79,Local Taxi,Taxi ride,Others
3421,2025-03-18,20.74,Hilton Hotels,Hilton Hotels - Flight booking,Travel
3422,2025-06-23,73.05,Garcia LLC,Online purchase,Others
3423,2024-10-27,54.19,State University,Prescription purchase,Education
3424,2025-12-25,56.32,Arellano-Obrien,Arellano-Obrien - Online purchase,Utilities
3425,2026-08-06,10.35,City Hospital,Online purchase,Transport
3426,2024-11-08,191.07,Spotify,Spotify - Monthly subscription,Entertainment
3427,2025-01-16,54.6,Electric Company,Electric Company - Grocery shopping,Bills
3428,2026-04-28,10.29,Corner Grocery,Flight booking,Entertainment
3429,2024-01-16,36.45,"Simpson, Olson and Graves",Flight booking,Education
3430,2023-12-02,33.87,Local High School,Electric bill payment,Education
3431,2024-11-05,31.6,Mall Outlet,Course fee,Others
3432,2023-11-24,23.56,Walmart Supercenter,Electric bill payment,Shopping
3433,2025-01-19,60.19,Tate Inc,Tate Inc - Taxi ride,Bills
3434,2025-09-04,81.29,Corner Grocery,Corner Grocery - Flight booking,Shopping
3435,2025-10-22,59.55,Netflix Streaming,Electric bill payment,Entertainment
3436,2025-11-05,12.82,Ramirez-Ray,Ramirez-Ray - Grocery shopping,Travel
3437,2024-05-23,1.18,Starbucks Coffee,Lunch with friends,Transport
3438,2024-01-11,29.76,"Powers, Scott and Walters","Powers, Scott and Walters - Online purchase",Entertainment
3439,2025-01-27,40.84,Local Taxi,Prescription purchase,Shopping
3440,2026-05-24,21.5,Mann Inc,Online purchase,Shopping
3441,2024-07-11,76.02,Joe's Pizza,Joe's Pizza - Gas refill,Food
3442,2026-06-16,30.3,Delta Airlines,Prescription purchase,Travel
3443,2026-05-14,19.64,Electric Company,Electric Company - Course fee,Bills
3444,2024-10-05,18.37,CVS Pharmacy,Gas refill,Health
3445,2024-08-11,22.17,Mullen-Ortiz,Mullen-Ortiz - Electric bill payment,Bills
3446,2026-04-27,60.09,CVS Pharmacy,CVS Pharmacy - Online purchase,Health
3447,2024-01-06,15.66,Duncan PLC,Duncan PLC - Grocery shopping,Shopping
3448,2024-04-06,12.67,"Richardson, Rodriguez and West",Electric bill payment,Bills
3449,2025-10-12,25.29,Local Taxi,Local Taxi - Course fee,Health
3450,2024-04-14,9.76,Starbucks Coffee,Starbucks Coffee - Monthly subscription,Shopping
3451,2024-10-26,14.55,Lyft,Lyft - Prescription purchase,Transport
3452,2025-01-14,10.91,"Jones, Roy and Flowers",Course fee,Travel
3453,2025-03-22,2.93,Delta Airlines,Delta Airlines - Grocery shopping,Travel
3454,2025-02-15,7.35,Ramos-Dyer,Grocery shopping,Others
3455,2024-10-25,39.69,Gas Station,Gas refill,Bills
3456,2026-04-27,35.26,City Hospital,City Hospital - Course fee,Food
3457,2025-11-20,16.51,Starbucks Coffee,Starbucks Coffee - Gas refill,Bills
3458,2023-10-15,28.78,Gas Station,Course fee,Bills
3459,2026-07-25,5.93,"Bailey, Chandler and Miller",Gas refill,Bills
3460,2024-03-16,15.76,CVS Pharmacy,Online purchase,Health
3461,2023-09-25,15.97,State University,State University - Grocery shopping,Education
3462,2025-08-04,46.46,"Wilkinson, Miller and Smith","Wilkinson, Miller and Smith - Online purchase",Education
3463,2024-12-05,4.4,Sims PLC,Prescription purchase,Others
3464,2026-02-09,13.11,Smith-Williams,Flight booking,Bills
3465,2024-12-12,4.24,Electric Company,Course fee,Bills
3466,2025-07-22,45.16,Rogers PLC,Rogers PLC - Lunch with friends,Bills
3467,2024-12-13,6.32,City Hospital,City Hospital - Online purchase,Utilities
3468,2025-04-21,42.17,Hilton Hotels,Prescription purchase,Travel
3469,2025-04-30,4.38,Starbucks Coffee,Electric bill payment,Bills
3470,2025-12-24,12.87,Gas Station,Gas Station - Lunch with friends,Bills
3471,2024-03-10,41.11,City Hospital,Flight booking,Others
3472,2023-10-15,93.52,Starbucks Coffee,Starbucks Coffee - Online purchase,Utilities
3473,2024-10-19,10.04,Mall Outlet,Mall Outlet - Electric bill payment,Bills
3474,2026-04-27,14.27,Starbucks Coffee,Lunch with friends,Utilities
3475,2025-12-17,33.1,Joe's Pizza,Joe's Pizza - Grocery shopping,Food
3476,2025-05-13,4.29,Walmart Supercenter,Walmart Supercenter - Gas refill,Shopping
3477,2025-10-22,60.34,City Hospital,Flight booking,Entertainment
3478,2025-07-16,14.72,Starbucks Coffee,Starbucks Coffee - Gas refill,Bills
3479,2024-10-23,3.86,Waterworks,Waterworks - Prescription purchase,Bills
3480,2023-09-22,56.48,Barker-Humphrey,Monthly subscription,Others
3481,2024-08-21,4.25,City Hospital,Gas refill,Bills
3482,2024-12-14,7.98,Amazon Marketplace,Amazon Marketplace - Electric bill payment,Shopping
3483,2024-03-02,2.02,Munoz-Landry,Munoz-Landry - Prescription purchase,Entertainment
3484,2024-02-10,83.92,Lyft,Prescription purchase,Transport
3485,2026-02-05,57.0,City Hospital,Electric bill payment,Bills
3486,2025-07-03,38.34,"Novak, Hughes and Woods",Taxi ride,Shopping
3487,2023-12-09,44.61,CVS Pharmacy,Monthly subscription,Health
3488,2025-08-26,74.29,Shelton-Hernandez,Course fee,Utilities
3489,2024-08-19,56.76,Spotify,Monthly subscription,Entertainment
3490,2024-03-06,15.36,Delta Airlines,Delta Airlines - Grocery shopping,Travel
3491,2025-11-29,26.86,Lyft,Lyft - Electric bill payment,Transport
3492,2025-10-02,105.6,Local Taxi,Local Taxi - Course fee,Health
3493,2026-02-06,22.59,Collins PLC,Collins PLC - Gas refill,Bills
3494,2023-10-06,35.63,Hilton Hotels,Flight booking,Travel
3495,2024-12-29,31.96,Walmart Supercenter,Walmart Supercenter - Course fee,Shopping
3496,2024-12-27,39.56,Corner Grocery,Corner Grocery - Prescription purchase,Food
3497,2024-09-21,38.69,"Hopkins, Mitchell and Krueger","Hopkins, Mitchell and Krueger - Hotel stay",Travel
3498,2026-06-03,4.92,State University,Hotel stay,Travel
3499,2024-08-17,28.93,City Hospital,City Hospital - Grocery shopping,Shopping
3500,2024-02-07,40.47,Gas Station,Taxi ride,Bills
3501,2026-05-07,23.68,Uber Eats,Hotel stay,Transport
3502,2023-11-03,29.91,Waterworks,Waterworks - Online purchase,Bills
3503,2025-10-06,30.47,Starbucks Coffee,Starbucks Coffee - Flight booking,Entertainment
3504,2023-11-18,2.66,Netflix Streaming,Netflix Streaming - Flight booking,Entertainment
3505,2026-03-04,13.66,Ramirez-Davis,Course fee,Shopping
3506,2023-09-17,7.79,Delta Airlines,Delta Airlines - Hotel stay,Travel
3507,2025-04-21,52.31,Gas Station,Online purchase,Bills
3508,2026-06-03,10.59,Amazon Marketplace,Grocery shopping,Shopping
3509,2024-07-04,23.14,Barron-Owens,Monthly subscription,Food
3510,2024-04-08,33.66,"King, Ross and Richardson","King, Ross and Richardson - Prescription purchase",Entertainment
3511,2023-09-20,15.14,West PLC,West PLC - Online purchase,Bills
3512,2024-02-08,15.83,Electric Company,Electric Company - Gas refill,Bills
3513,2026-07-09,35.73,Clark-Suarez,Clark-Suarez - Gas refill,Bills
3514,2024-09-17,31.14,Mall Outlet,Mall Outlet - Course fee,Food
3515,2025-08-14,38.37,Waterworks,Gas refill,Bills
3516,2023-12-13,23.9,Ramos PLC,Lunch with friends,Entertainment
3517,2025-03-11,9.26,Harrington LLC,Harrington LLC - Hotel stay,Travel
3518,2023-11-06,9.71,Local Taxi,Local Taxi - Taxi ride,Utilities
3519,2025-04-02,2.12,Uber Eats,Uber Eats - Flight booking,Transport
3520,2026-03-13,4.43,Francis-Gonzales,Course fee,Others
3521,2025-10-21,6.5,Uber Eats,Monthly subscription,Transport
3522,2024-07-20,27.51,Joe's Pizza,Gas refill,Food
3523,2026-08-18,4.12,Netflix Streaming,Monthly subscription,Entertainment
3524,2025-10-01,47.31,Avila PLC,Prescription purchase,Shopping
3525,2024-05-28,54.73,Allen-Santana,Online purchase,Food
3526,2026-06-01,3.85,Hilton Hotels,Hilton Hotels - Hotel stay,Travel
3527,2026-07-02,23.73,Joe's Pizza,Joe's Pizza - Grocery shopping,Food
3528,2026-03-02,12.72,"Rodriguez, Reese and Torres",Electric bill payment,Bills
3529,2026-07-02,84.44,May PLC,May PLC - Taxi ride,Utilities
3530,2024-06-18,41.83,Local Taxi,Online purchase,Education
3531,2025-11-30,1.2,Gas Station,Gas Station - Gas refill,Bills
3532,2023-11-21,38.41,Delta Airlines,Taxi ride,Travel
3533,2025-03-25,4.59,Summers-Garcia,Summers-Garcia - Flight booking,Shopping
3534,2024-11-06,17.28,Thompson PLC,Thompson PLC - Electric bill payment,Bills
3535,2024-06-29,5.82,CVS Pharmacy,Course fee,Health
3536,2023-12-10,51.76,Spotify,Monthly subscription,Entertainment
3537,2025-07-02,15.62,Gas Station,Gas Station - Flight booking,Bills
3538,2026-07-28,14.22,Delta Airlines,Delta Airlines - Hotel stay,Travel
3539,2026-05-17,102.29,Martin-Lopez,Lunch with friends,Food
3540,2025-03-26,41.9,Lyft,Lyft - Monthly subscription,Transport
3541,2025-04-24,4.88,Hilton Hotels,Hotel stay,Travel
3542,2025-06-25,12.83,Gas Station,Gas Station - Hotel stay,Travel
3543,2025-02-13,44.03,Amazon Marketplace,Flight booking,Shopping
3544,2025-02-07,5.86,Walmart Supercenter,Walmart Supercenter - Flight booking,Shopping
3545,2026-06-25,9.29,Corner Grocery,Corner Grocery - Electric bill payment,Bills
3546,2026-03-17,20.97,Richardson Group,Grocery shopping,Shopping
3547,2026-01-03,56.43,Local Taxi,Local Taxi - Hotel stay,Travel
3548,2024-11-18,2.79,CVS Pharmacy,CVS Pharmacy - Taxi ride,Health
3549,2025-11-26,5.31,State University,Electric bill payment,Education
3550,2024-06-14,41.83,Mall Outlet,Online purchase,Transport
3551,2024-08-18,21.48,Delta Airlines,Delta Airlines - Monthly subscription,Travel
3552,2024-02-29,26.42,Starbucks Coffee,Starbucks Coffee - Gas refill,Bills
3553,2024-04-29,8.31,Starbucks Coffee,Starbucks Coffee - Online purchase,Health
3554,2026-04-01,35.45,"Campbell, Escobar and Jordan","Campbell, Escobar and Jordan - Prescription purchase",Food
3555,2026-02-06,30.71,Wilson-Kelley,Wilson-Kelley - Electric bill payment,Bills
3556,2023-12-02,3.77,State University,State University - Flight booking,Education
3557,2024-11-03,27.6,"Rodgers, Anderson and Hansen","Rodgers, Anderson and Hansen - Taxi ride",Health
3558,2024-10-27,14.19,Local High School,Hotel stay,Travel
3559,2024-10-27,2.36,CVS Pharmacy,CVS Pharmacy - Online purchase,Health
3560,2026-08-25,35.35,Jensen and Sons,Jensen and Sons - Grocery shopping,Travel
3561,2024-06-27,12.73,Walmart Supercenter,Walmart Supercenter - Course fee,Shopping
3562,2025-05-31,34.59,Waterworks,Gas refill,Bills
3563,2025-06-26,6.99,Uber Eats,Uber Eats - Taxi ride,Transport
3564,2026-01-03,7.28,Waterworks,Waterworks - Electric bill payment,Bills
3565,2024-01-09,1.35,Starbucks Coffee,Flight booking,Health
3566,2024-10-10,16.53,Amazon Marketplace,Amazon Marketplace - Prescription purchase,Shopping
3567,2024-04-05,17.09,Corner Grocery,Corner Grocery - Monthly subscription,Transport
3568,2023-09-26,41.94,City Hospital,City Hospital - Monthly subscription,Others
3569,2025-05-11,25.27,Gas Station,Electric bill payment,Bills
3570,2025-05-31,23.15,Netflix Streaming,Netflix Streaming - Prescription purchase,Entertainment
3571,2024-05-07,15.6,Starbucks Coffee,Online purchase,Others
3572,2024-12-09,25.94,Delta Airlines,Delta Airlines - Prescription purchase,Travel
3573,2023-12-10,12.38,Gas Station,Gas Station - Course fee,Bills
3574,2024-11-05,22.96,Waterworks,Course fee,Bills
3575,2025-09-13,66.19,"Douglas, Landry and Coleman","Douglas, Landry and Coleman - Gas refill",Bills
3576,2026-06-11,11.39,Amazon Marketplace,Amazon Marketplace - Flight booking,Shopping
3577,2024-02-15,32.05,State University,Flight booking,Education
3578,2025-02-12,76.03,Amazon Marketplace,Amazon Marketplace - Gas refill,Shopping
3579,2026-04-29,45.86,Rich Ltd,Lunch with friends,Shopping
3580,2025-09-29,6.21,"Mueller, Gardner and Boyle",Flight booking,Others
3581,2025-07-22,7.53,Martin PLC,Martin PLC - Electric bill payment,Bills
3582,2024-07-14,37.54,Joe's Pizza,Joe's Pizza - Online purchase,Food
3583,2024-09-11,86.9,City Hospital,City Hospital - Hotel stay,Travel
3584,2026-02-20,14.61,Walmart Supercenter,Walmart Supercenter - Prescription purchase,Shopping
3585,2024-07-12,3.42,"Hall, Hayden and Mack",Prescription purchase,Food
3586,2025-06-27,13.73,Electric Company,Electric Company - Prescription purchase,Bills
3587,2025-07-25,12.72,Anderson Inc,Anderson Inc - Course fee,Travel
3588,2024-10-30,14.54,Lewis-Maldonado,Lewis-Maldonado - Electric bill payment,Bills
3589,2026-03-17,55.69,Gas Station,Gas Station - Monthly subscription,Bills
3590,2025-03-25,3.93,Corner Grocery,Lunch with friends,Food
3591,2025-09-19,1.16,Floyd Ltd,Floyd Ltd - Taxi ride,Food
3592,2025-08-29,14.94,Ford-Johnson,Course fee,Education
3593,2024-02-01,14.91,Cochran-Oconnor,Grocery shopping,Food
3594,2023-11-02,35.46,Local High School,Local High School - Grocery shopping,Education
3595,2025-09-02,20.27,"Sellers, Davidson and Acosta","Sellers, Davidson and Acosta - Grocery shopping",Education
3596,2023-12-28,35.37,Amazon Marketplace,Amazon Marketplace - Electric bill payment,Shopping
3597,2024-09-12,25.54,"Nielsen, Flores and Gonzalez",Online purchase,Entertainment
3598,2025-09-23,28.57,Meyer-Love,Meyer-Love - Online purchase,Shopping
3599,2025-01-23,23.89,"Hull, Wilson and Johnson","Hull, Wilson and Johnson - Flight booking",Education
3600,2025-11-03,46.57,Jimenez Inc,Course fee,Shopping
3601,2024-08-30,1.72,"Wright, Owens and Jones","Wright, Owens and Jones - Lunch with friends",Bills
3602,2024-06-04,163.75,Waterworks,Waterworks - Hotel stay,Travel
3603,2025-05-20,17.24,"Jones, Cruz and Randolph","Jones, Cruz and Randolph - Monthly subscription",Entertainment
3604,2026-07-30,10.31,"Brown, Wood and Phillips",Monthly subscription,Travel
3605,2026-06-14,9.19,Lyft,Prescription purchase,Transport
3606,2024-01-02,51.7,Corner Grocery,Corner Grocery - Monthly subscription,Shopping
3607,2025-09-15,24.32,Local Taxi,Local Taxi - Taxi ride,Shopping
3608,2023-10-31,52.83,Corner Grocery,Hotel stay,Travel
3609,2025-05-11,12.0,Contreras-Clark,Course fee,Others
3610,2023-09-18,6.83,CVS Pharmacy,Monthly subscription,Health
3611,2023-12-20,24.59,Delta Airlines,Electric bill payment,Travel
3612,2025-03-30,57.61,City Hospital,Grocery shopping,Others
3613,2024-04-06,36.37,Lyft,Lyft - Grocery shopping,Transport
3614,2025-08-07,4.35,Reid-Shea,Reid-Shea - Monthly subscription,Education
3615,2024-02-05,27.68,"Jackson, Kim and Robinson",Flight booking,Transport
3616,2025-09-05,3.37,Hunter Ltd,Electric bill payment,Bills
3617,2024-03-13,32.3,"Miller, Zimmerman and Lee","Miller, Zimmerman and Lee - Online purchase",Others
3618,2024-03-20,31.56,Local High School,Electric bill payment,Education
3619,2023-11-18,22.93,Joe's Pizza,Joe's Pizza - Flight booking,Food
3620,2026-04-13,18.12,Gas Station,Gas Station - Hotel stay,Travel
3621,2024-12-20,35.52,Walmart Supercenter,Walmart Supercenter - Prescription purchase,Shopping
3622,2024-07-06,10.95,Warren LLC,Prescription purchase,Food
3623,2024-03-18,33.51,Mall Outlet,Mall Outlet - Online purchase,Food
3624,2024-11-26,21.61,State University,State University - Prescription purchase,Education
3625,2024-08-14,11.47,Uber Eats,Uber Eats - Grocery shopping,Transport
3626,2024-04-02,3.3,Lyft,Lyft - Lunch with friends,Transport
3627,2025-01-28,21.73,Thornton-James,Hotel stay,Travel
3628,2025-09-17,18.06,Joe's Pizza,Joe's Pizza - Flight booking,Food
3629,2024-02-16,120.96,Meyer Ltd,Gas refill,Bills
3630,2026-08-22,6.64,Brown-Decker,Brown-Decker - Electric bill payment,Bills
3631,2026-02-19,8.21,Hubbard-Miller,Grocery shopping,Travel
3632,2024-07-10,6.95,Spotify,Gas refill,Entertainment
3633,2026-02-23,40.01,Local High School,Local High School - Flight booking,Education
3634,2026-08-30,46.77,Electric Company,Grocery shopping,Bills
3635,2026-05-12,4.72,Waterworks,Waterworks - Lunch with friends,Bills
3636,2024-06-02,21.99,Rodriguez Ltd,Rodriguez Ltd - Prescription purchase,Shopping
3637,2024-05-30,16.2,City Hospital,City Hospital - Online purchase,Entertainment
3638,2025-05-02,15.39,State University,State University - Monthly subscription,Education
3639,2025-02-14,35.77,Walmart Supercenter,Walmart Supercenter - Grocery shopping,Shopping
3640,2024-12-11,85.65,Netflix Streaming,Netflix Streaming - Monthly subscription,Entertainment
3641,2024-07-21,6.46,CVS Pharmacy,Hotel stay,Travel
3642,2025-07-08,30.27,Electric Company,Hotel stay,Travel
3643,2024-11-30,3.71,City Hospital,City Hospital - Taxi ride,Food
3644,2024-01-21,1.67,"Santiago, Williams and Tucker",Grocery shopping,Transport
3645,2026-08-05,9.08,Gas Station,Gas Station - Electric bill payment,Bills
3646,2025-06-20,14.24,Mckee Group,Monthly subscription,Shopping
3647,2024-06-09,81.6,Flowers-Rivera,Flowers-Rivera - Flight booking,Travel
3648,2026-03-14,33.38,Jones and Sons,Gas refill,Bills
3649,2025-02-15,13.1,Lyft,Prescription purchase,Transport
3650,2026-05-18,17.42,Baker-Lane,Baker-Lane - Hotel stay,Travel
3651,2025-12-23,12.76,Amazon Marketplace,Electric bill payment,Shopping
3652,2025-05-13,55.62,Bennett Group,Bennett Group - Prescription purchase,Health
3653,2025-10-10,11.44,Waterworks,Online purchase,Bills
3654,2024-04-19,80.64,"Carter, Brown and Fischer","Carter, Brown and Fischer - Gas refill",Bills
3655,2023-12-08,57.52,Mckinney Ltd,Flight booking,Travel
3656,2024-11-29,3.2,City Hospital,City Hospital - Prescription purchase,Travel
3657,2024-09-23,155.68,Amazon Marketplace,Amazon Marketplace - Course fee,Shopping
3658,2026-08-09,9.56,Greene-Delacruz,Greene-Delacruz - Monthly subscription,Food
3659,2024-01-04,13.93,Joe's Pizza,Gas refill,Food
3660,2023-10-21,55.06,Hilton Hotels,Hilton Hotels - Flight booking,Travel
3661,2026-03-30,6.9,Lyft,Hotel stay,Transport
3662,2024-04-19,9.62,Lane-Bell,Electric bill payment,Bills
3663,2026-06-29,21.98,"Hogan, Cortez and Riley","Hogan, Cortez and Riley - Gas refill",Bills
3664,2026-06-25,66.05,Gas Station,Hotel stay,Travel
3665,2025-06-17,1.27,Gray and Sons,Gray and Sons - Grocery shopping,Education
3666,2024-07-05,17.31,CVS Pharmacy,Monthly subscription,Health
3667,2024-06-30,30.88,Delta Airlines,Delta Airlines - Lunch with friends,Travel
3668,2024-08-02,24.08,Wallace-Campbell,Wallace-Campbell - Grocery shopping,Others
3669,2025-12-04,27.46,Local High School,Local High School - Flight booking,Education
3670,2026-05-01,17.6,Netflix Streaming,Flight booking,Entertainment
3671,2026-07-14,43.33,Netflix Streaming,Hotel stay,Travel
3672,2024-12-25,30.69,Miller Ltd,Miller Ltd - Course fee,Health
3673,2024-12-01,28.97,Smith-White,Smith-White - Flight booking,Entertainment
3674,2025-02-24,20.68,Delta Airlines,Taxi ride,Travel
3675,2024-03-20,9.96,Starbucks Coffee,Starbucks Coffee - Grocery shopping,Entertainment
3676,2024-08-31,13.91,Amazon Marketplace,Electric bill payment,Shopping
3677,2024-03-23,3.73,Corner Grocery,Hotel stay,Travel
3678,2025-12-06,2.22,State University,Prescription purchase,Education
3679,2025-10-31,33.37,CVS Pharmacy,CVS Pharmacy - Grocery shopping,Health
3680,2025-08-17,33.25,Electric Company,Electric Company - Lunch with friends,Bills
3681,2024-02-22,5.07,Amazon Marketplace,Course fee,Shopping
3682,2024-05-02,16.04,Garcia Inc,Garcia Inc - Taxi ride,Food
3683,2024-09-13,13.85,"Jarvis, Grant and Brewer",Prescription purchase,Utilities
3684,2025-03-27,44.91,City Hospital,City Hospital - Flight booking,Health
3685,2025-01-11,120.78,Waterworks,Taxi ride,Bills
3686,2024-10-20,8.91,State University,State University - Lunch with friends,Education
3687,2025-02-16,6.38,CVS Pharmacy,Course fee,Health
3688,2026-05-07,53.09,Williams PLC,Williams PLC - Flight booking,Shopping
3689,2024-01-29,40.97,Joe's Pizza,Grocery shopping,Food
3690,2026-05-08,37.5,Starbucks Coffee,Starbucks Coffee - Lunch with friends,Shopping
3691,2023-09-29,30.72,Uber Eats,Uber Eats - Lunch with friends,Transport
3692,2025-09-17,21.2,Lyft,Lyft - Monthly subscription,Transport
3693,2024-01-01,3.11,Electric Company,Flight booking,Bills
3694,2024-10-22,107.23,Gray LLC,Online purchase,Bills
3695,2024-04-02,21.42,Mall Outlet,Mall Outlet - Electric bill payment,Bills
3696,2026-06-26,37.33,Spotify,Grocery shopping,Entertainment
3697,2025-05-26,33.96,Starbucks Coffee,Starbucks Coffee - Monthly subscription,Utilities
3698,2023-11-21,26.91,Anthony LLC,Anthony LLC - Grocery shopping,Shopping
3699,2024-06-09,18.76,Delta Airlines,Delta Airlines - Flight booking,Travel
3700,2024-12-13,98.39,Lyft,Lyft - Grocery shopping,Transport
3701,2024-01-31,17.87,City Hospital,Flight booking,Shopping
3702,2025-11-20,22.99,Hilton Hotels,Gas refill,Travel
3703,2024-10-13,166.71,Luna LLC,Luna LLC - Course fee,Travel
3704,2024-04-24,21.87,Joe's Pizza,Joe's Pizza - Online purchase,Food
3705,2026-02-21,16.42,Riley-Morales,Riley-Morales - Electric bill payment,Bills
3706,2023-09-05,15.36,Waterworks,Waterworks - Online purchase,Bills
3707,2024-09-20,27.31,"Berry, Murray and Green","Berry, Murray and Green - Course fee",Entertainment
3708,2023-12-24,27.91,City Hospital,Flight booking,Travel
3709,2024-04-15,54.14,Spotify,Spotify - Hotel stay,Travel
3710,2025-05-23,8.27,Willis-Dixon,Flight booking,Shopping
3711,2026-03-08,7.6,Walmart Supercenter,Course fee,Shopping
3712,2024-07-20,13.47,Mall Outlet,Gas refill,Bills
3713,2024-09-16,15.01,Walmart Supercenter,Monthly subscription,Shopping
3714,2026-06-08,50.26,Netflix Streaming,Hotel stay,Travel
3715,2025-03-05,6.84,Lyft,Taxi ride,Transport
3716,2025-05-23,23.03,Waterworks,Waterworks - Monthly subscription,Bills
3717,2026-03-29,18.36,Electric Company,Electric bill payment,Bills
3718,2026-06-13,43.5,Lewis LLC,Grocery shopping,Health
3719,2024-05-26,1.41,Electric Company,Grocery shopping,Bills
3720,2026-05-25,20.52,"Brown, Meyer and Wallace",Grocery shopping,Utilities
3721,2024-01-04,39.12,Corner Grocery,Corner Grocery - Lunch with friends,Food
3722,2024-02-23,12.41,Fox Inc,Fox Inc - Flight booking,Shopping
3723,2026-05-02,16.04,Electric Company,Electric Company - Hotel stay,Travel
3724,2024-06-30,9.11,Lewis-Bolton,Online purchase,Food
3725,2024-11-28,3.62,CVS Pharmacy,CVS Pharmacy - Course fee,Health
3726,2023-09-30,2.9,Netflix Streaming,Netflix Streaming - Electric bill payment,Entertainment
3727,2024-03-25,46.82,Medina and Sons,Medina and Sons - Grocery shopping,Shopping
3728,2024-03-23,14.85,Uber Eats,Uber Eats - Flight booking,Transport
3729,2025-05-12,2.37,Waterworks,Prescription purchase,Bills
3730,2025-05-31,2.03,Amazon Marketplace,Taxi ride,Shopping
3731,2024-11-03,21.1,CVS Pharmacy,Prescription purchase,Health
3732,2025-09-15,15.01,State University,State University - Electric bill payment,Education
3733,2025-06-02,79.08,City Hospital,Grocery shopping,Transport
3734,2024-02-15,16.32,Mall Outlet,Grocery shopping,Entertainment
3735,2024-02-11,28.08,Cox-Roman,Grocery shopping,Shopping
3736,2025-09-08,42.16,"Benson, Murphy and Taylor",Online purchase,Entertainment
3737,2025-03-22,34.4,Kennedy-Taylor,Course fee,Food
3738,2024-09-24,27.21,Gas Station,Flight booking,Bills
3739,2025-04-23,55.42,Amazon Marketplace,Electric bill payment,Shopping
3740,2023-12-09,64.65,Electric Company,Electric Company - Taxi ride,Bills
3741,2023-11-26,13.2,"Murray, Taylor and Miller","Murray, Taylor and Miller - Taxi ride",Travel
3742,2025-08-16,40.39,James-Holmes,James-Holmes - Flight booking,Food
3743,2026-07-24,57.04,Electric Company,Electric Company - Monthly subscription,Bills
3744,2024-12-08,91.84,Gas Station,Gas Station - Course fee,Bills
3745,2024-10-05,39.69,Mitchell Inc,Mitchell Inc - Taxi ride,Entertainment
3746,2023-11-22,9.61,Rios-Powers,Online purchase,Others
3747,2023-10-10,23.99,Hilton Hotels,Lunch with friends,Travel
3748,2026-03-01,8.51,Lyft,Lyft - Taxi ride,Transport
3749,2023-11-21,14.97,Walmart Supercenter,Walmart Supercenter - Online purchase,Shopping
3750,2023-12-23,59.34,"Gross, Brown and Mendoza",Flight booking,Transport
3751,2025-01-03,29.25,Local High School,Online purchase,Education
3752,2024-08-18,13.88,Corner Grocery,Hotel stay,Travel
3753,2025-12-27,14.99,Sexton Group,Sexton Group - Online purchase,Utilities
3754,2024-01-12,32.98,"Romero, Cooper and Sullivan","Romero, Cooper and Sullivan - Grocery shopping",Education
3755,2024-12-01,8.71,"Simpson, Mitchell and Olsen","Simpson, Mitchell and Olsen - Grocery shopping",Shopping
3756,2024-04-24,30.29,Robinson PLC,Robinson PLC - Gas refill,Bills
3757,2023-12-11,85.04,Spotify,Spotify - Gas refill,Entertainment
3758,2024-04-10,188.24,Garrison Inc,Taxi ride,Others
3759,2024-07-15,18.48,Mall Outlet,Mall Outlet - Electric bill payment,Bills
3760,2025-06-19,40.19,Webster and Sons,Webster and Sons - Online purchase,Transport
3761,2025-09-17,11.55,Delta Airlines,Delta Airlines - Taxi ride,Travel
3762,2024-04-30,52.12,Martinez Ltd,Grocery shopping,Shopping
3763,2024-01-23,49.65,Gas Station,Course fee,Bills
3764,2026-07-27,67.16,CVS Pharmacy,Gas refill,Health
3765,2023-11-27,8.88,City Hospital,Course fee,Bills
3766,2023-11-20,7.75,Electric Company,Flight booking,Bills
3767,2024-12-26,4.91,Sawyer-Walker,Electric bill payment,Bills
3768,2025-03-17,15.9,Gas Station,Electric bill payment,Bills
3769,2024-03-23,4.22,Starbucks Coffee,Starbucks Coffee - Hotel stay,Travel
3770,2025-01-24,7.46,"Davis, Navarro and Newman","Davis, Navarro and Newman - Online purchase",Bills
3771,2023-12-01,5.97,Gas Station,Taxi ride,Bills
3772,2025-07-09,3.18,Smith LLC,Flight booking,Shopping
3773,2024-04-08,38.39,Roman Group,Grocery shopping,Food
3774,2025-01-15,34.37,Lyft,Lyft - Online purchase,Transport
3775,2024-03-18,6.25,"Ayers, Mitchell and Mata",Electric bill payment,Bills
3776,2023-10-26,37.32,City Hospital,City Hospital - Online purchase,Transport
3777,2023-09-12,34.72,"Austin, Hayes and Wilson","Austin, Hayes and Wilson - Monthly subscription",Education
3778,2025-03-24,3.46,City Hospital,City Hospital - Flight booking,Utilities
3779,2024-08-15,4.87,Callahan-Pollard,Callahan-Pollard - Hotel stay,Travel
3780,2024-09-24,29.92,State University,Lunch with friends,Education
3781,2026-07-07,14.04,Netflix Streaming,Electric bill payment,Entertainment
3782,2026-08-19,30.99,Local Taxi,Lunch with friends,Utilities
3783,2023-12-16,9.69,Green Ltd,Green Ltd - Flight booking,Others
3784,2023-09-04,45.86,Gas Station,Flight booking,Bills
3785,2024-03-14,2.18,"Garcia, Clark and Guerrero","Garcia, Clark and Guerrero - Prescription purchase",Transport
3786,2024-09-26,81.51,Gas Station,Gas Station - Hotel stay,Travel
3787,2024-09-14,1.8,Ferrell-Small,Ferrell-Small - Grocery shopping,Shopping
3788,2024-06-27,33.64,Lyft,Lyft - Flight booking,Transport
3789,2024-03-20,45.77,Local Taxi,Hotel stay,Travel
3790,2024-02-22,13.1,Taylor PLC,Taylor PLC - Gas refill,Bills
3791,2025-01-20,2.29,Uber Eats,Uber Eats - Prescription purchase,Transport
3792,2026-05-05,42.85,Gas Station,Gas Station - Monthly subscription,Bills
3793,2023-11-04,6.74,Beltran-Smith,Beltran-Smith - Lunch with friends,Utilities
3794,2025-09-07,2.82,Local High School,Local High School - Grocery shopping,Education
3795,2026-05-13,12.06,Joe's Pizza,Joe's Pizza - Monthly subscription,Food
3796,2025-01-09,7.37,Local Taxi,Local Taxi - Prescription purchase,Shopping
3797,2025-04-02,1.36,Hayes-Hicks,Hayes-Hicks - Lunch with friends,Others
3798,2025-03-01,40.31,Patel Inc,Patel Inc - Lunch with friends,Entertainment
3799,2025-08-30,41.67,Hilton Hotels,Hilton Hotels - Electric bill payment,Travel
3800,2024-12-22,17.73,Hilton Hotels,Electric bill payment,Travel
3801,2026-02-15,15.79,Local Taxi,Monthly subscription,Shopping
3802,2023-09-27,18.51,Erickson Inc,Erickson Inc - Flight booking,Health
3803,2026-08-19,17.01,Herrera and Sons,Flight booking,Shopping
3804,2025-02-25,63.64,City Hospital,City Hospital - Hotel stay,Travel
3805,2024-04-05,33.01,"Morrison, Carlson and Thomas","Morrison, Carlson and Thomas - Taxi ride",Others
3806,2024-09-17,32.8,City Hospital,City Hospital - Hotel stay,Travel
3807,2026-03-02,80.21,Walmart Supercenter,Walmart Supercenter - Flight booking,Shopping
3808,2024-02-21,113.71,Spotify,Grocery shopping,Entertainment
3809,2024-06-08,31.4,City Hospital,City Hospital - Lunch with friends,Travel
3810,2026-04-10,69.86,Local High School,Hotel stay,Travel
3811,2023-12-19,54.98,Browning-Simmons,Hotel stay,Travel
3812,2023-11-28,6.95,Brown-Curry,Brown-Curry - Course fee,Food
3813,2025-09-23,35.35,Hilton Hotels,Hotel stay,Travel
3814,2025-04-23,22.25,Local High School,Local High School - Flight booking,Education
3815,2026-08-06,13.09,Electric Company,Electric Company - Hotel stay,Travel
3816,2025-06-12,5.23,Mall Outlet,Gas refill,Bills
3817,2026-05-22,36.42,"Coleman, Edwards and Walker",Online purchase,Shopping
3818,2025-07-24,30.54,Nelson LLC,Nelson LLC - Hotel stay,Travel
3819,2024-11-21,10.83,Mall Outlet,Mall Outlet - Gas refill,Bills
3820,2023-12-16,22.05,Chen Group,Chen Group - Course fee,Others
3821,2025-08-20,68.23,Walmart Supercenter,Walmart Supercenter - Hotel stay,Travel
3822,2023-12-13,38.45,Electric Company,Electric Company - Flight booking,Bills
3823,2025-04-19,78.15,Starbucks Coffee,Electric bill payment,Bills
3824,2025-05-17,28.22,Electric Company,Electric Company - Lunch with friends,Bills
3825,2023-12-21,25.51,Ballard-Douglas,Ballard-Douglas - Taxi ride,Education
3826,2025-12-13,30.85,Starbucks Coffee,Starbucks Coffee - Online purchase,Health
3827,2025-04-06,15.08,Hilton Hotels,Hilton Hotels - Course fee,Travel
3828,2025-01-24,53.82,Electric Company,Online purchase,Bills
3829,2025-05-28,21.55,Sharp-Anderson,Sharp-Anderson - Monthly subscription,Shopping
3830,2024-07-19,9.31,Local Taxi,Local Taxi - Hotel stay,Travel
3831,2025-09-21,6.93,State University,State University - Prescription purchase,Education
3832,2025-10-29,11.11,Morgan-Butler,Morgan-Butler - Gas refill,Bills
3833,2023-10-13,58.6,Taylor-Horton,Taylor-Horton - Taxi ride,Food
3834,2025-03-14,38.76,Waterworks,Waterworks - Lunch with friends,Bills
3835,2024-08-25,4.0,Corner Grocery,Corner Grocery - Monthly subscription,Utilities
3836,2026-01-06,2.1,State University,State University - Lunch with friends,Education
3837,2023-11-07,5.39,State University,State University - Gas refill,Education
3838,2023-09-04,44.89,"Johnson, Ruiz and White",Hotel stay,Travel
3839,2024-08-19,26.71,"Shelton, Miller and Nelson",Course fee,Health
3840,2024-05-31,87.64,Waterworks,Waterworks - Electric bill payment,Bills
3841,2025-10-07,25.97,Murphy and Sons,Murphy and Sons - Electric bill payment,Bills
3842,2024-05-10,91.24,Hilton Hotels,Hilton Hotels - Electric bill payment,Travel
3843,2023-11-02,17.59,"Saunders, Bryant and Jones",Monthly subscription,Travel
3844,2025-11-24,2.86,Stanley and Sons,Stanley and Sons - Gas refill,Bills
3845,2023-12-09,9.48,Clay Inc,Clay Inc - Course fee,Shopping
3846,2025-04-11,40.7,"Salazar, Bradley and Gallagher","Salazar, Bradley and Gallagher - Course fee",Travel
3847,2025-09-17,9.93,State University,State University - Flight booking,Education
3848,2024-11-13,35.24,Mall Outlet,Mall Outlet - Course fee,Food
3849,2026-02-02,33.88,Delta Airlines,Delta Airlines - Monthly subscription,Travel
3850,2026-05-12,39.05,Chapman Group,Chapman Group - Gas refill,Bills
3851,2025-04-17,7.78,Uber Eats,Prescription purchase,Transport
3852,2025-01-15,3.41,Local High School,Local High School - Monthly subscription,Education
3853,2024-03-26,8.5,Starbucks Coffee,Gas refill,Bills
3854,2025-10-13,18.2,Gibson-Hawkins,Flight booking,Others
3855,2023-10-23,25.68,Vega-Oconnor,Prescription purchase,Utilities
3856,2024-03-11,5.03,Stewart-Baker,Gas refill,Bills
3857,2024-10-10,47.33,Gross-Lewis,Gross-Lewis - Lunch with friends,Travel
3858,2023-12-20,15.62,Johnson-Williamson,Johnson-Williamson - Monthly subscription,Travel
3859,2025-11-06,14.23,State University,State University - Grocery shopping,Education
3860,2023-12-17,19.19,Smith Group,Smith Group - Course fee,Entertainment
3861,2025-01-07,53.21,Gas Station,Lunch with friends,Bills
3862,2023-10-08,30.79,Uber Eats,Uber Eats - Gas refill,Transport
3863,2025-03-24,7.57,Kerr-Thomas,Kerr-Thomas - Electric bill payment,Bills
3864,2025-06-04,1.99,Starbucks Coffee,Flight booking,Shopping
3865,2024-10-13,22.54,City Hospital,City Hospital - Gas refill,Bills
3866,2025-05-01,16.19,City Hospital,City Hospital - Gas refill,Bills
3867,2026-02-21,32.86,"Porter, Wade and James","Porter, Wade and James - Flight booking",Shopping
3868,2025-04-16,59.81,CVS Pharmacy,Online purchase,Health
3869,2024-08-10,30.13,Electric Company,Gas refill,Bills
3870,2023-10-11,14.55,Local High School,Local High School - Hotel stay,Travel
3871,2024-07-07,101.04,Amazon Marketplace,Taxi ride,Shopping
3872,2026-02-05,10.57,Barrett-Patrick,Barrett-Patrick - Taxi ride,Food
3873,2024-11-20,39.8,Humphrey PLC,Lunch with friends,Bills
3874,2024-10-16,3.55,Mall Outlet,Flight booking,Bills
3875,2025-12-30,76.65,State University,State University - Prescription purchase,Education
3876,2024-02-23,45.51,Gas Station,Lunch with friends,Bills
3877,2023-09-10,22.85,Horn-Hubbard,Horn-Hubbard - Taxi ride,Others
3878,2026-02-25,4.19,Netflix Streaming,Netflix Streaming - Gas refill,Entertainment
3879,2026-02-14,21.4,Waterworks,Waterworks - Grocery shopping,Bills
3880,2025-07-11,6.37,Electric Company,Hotel stay,Travel
3881,2023-09-05,8.88,Waterworks,Flight booking,Bills
3882,2024-09-16,16.09,Nguyen PLC,Lunch with friends,Travel
3883,2024-08-05,43.26,Local High School,Local High School - Online purchase,Education
3884,2024-12-24,2.87,City Hospital,Grocery shopping,Travel
3885,2024-03-30,23.56,Uber Eats,Hotel stay,Transport
3886,2024-10-07,3.29,City Hospital,City Hospital - Lunch with friends,Travel
3887,2024-07-04,1.92,Local Taxi,Local Taxi - Electric bill payment,Bills
3888,2025-01-08,33.52,Starbucks Coffee,Starbucks Coffee - Online purchase,Education
3889,2025-12-28,9.52,"Whitehead, Vargas and Yates",Monthly subscription,Bills
3890,2024-07-08,98.64,Starbucks Coffee,Flight booking,Food
3891,2025-09-19,22.7,Netflix Streaming,Monthly subscription,Entertainment
3892,2025-11-30,5.54,Mall Outlet,Mall Outlet - Electric bill payment,Bills
3893,2024-05-27,17.66,Barker and Sons,Barker and Sons - Course fee,Health
3894,2025-10-01,11.12,CVS Pharmacy,Monthly subscription,Health
3895,2025-08-24,2.42,Nolan-Freeman,Nolan-Freeman - Monthly subscription,Others
3896,2025-03-26,8.3,Local High School,Local High School - Hotel stay,Travel
3897,2024-04-23,11.7,Simmons-Martinez,Online purchase,Utilities
3898,2024-07-26,21.13,Garcia-Walker,Garcia-Walker - Course fee,Utilities
3899,2024-02-21,38.19,Amazon Marketplace,Hotel stay,Travel
3900,2025-04-22,11.76,Starbucks Coffee,Starbucks Coffee - Prescription purchase,Food
3901,2025-11-24,40.68,Khan-Espinoza,Khan-Espinoza - Electric bill payment,Bills
3902,2024-07-28,65.81,City Hospital,Gas refill,Bills
3903,2026-07-27,32.2,CVS Pharmacy,CVS Pharmacy - Gas refill,Health
3904,2025-09-07,168.5,Dougherty-Rice,Dougherty-Rice - Monthly subscription,Travel
3905,2024-01-07,16.37,Local Taxi,Local Taxi - Grocery shopping,Transport
3906,2026-07-23,111.96,"Hardin, Wiggins and Turner",Grocery shopping,Shopping
3907,2024-01-15,17.24,Corner Grocery,Corner Grocery - Electric bill payment,Bills
3908,2026-07-13,67.02,Lyft,Lyft - Taxi ride,Transport
3909,2025-10-07,8.21,Corner Grocery,Corner Grocery - Online purchase,Travel
3910,2024-10-05,3.23,State University,Taxi ride,Education
3911,2024-01-15,31.13,Harrison-Stephens,Prescription purchase,Bills
3912,2024-06-27,188.21,Pennington PLC,Pennington PLC - Online purchase,Education
3913,2026-03-23,19.35,Graham Inc,Graham Inc - Gas refill,Bills
3914,2023-10-08,57.91,Waterworks,Waterworks - Hotel stay,Travel
3915,2024-06-01,10.27,Starbucks Coffee,Monthly subscription,Health
3916,2024-07-02,3.42,Local High School,Local High School - Course fee,Education
3917,2026-08-24,16.99,"Coleman, Stark and Cox","Coleman, Stark and Cox - Electric bill payment",Bills
3918,2024-07-07,19.66,Hilton Hotels,Hotel stay,Travel
3919,2025-05-07,37.25,"Schultz, Bryant and Johnson",Hotel stay,Travel
3920,2026-05-14,4.61,City Hospital,Flight booking,Shopping
3921,2025-10-29,6.47,Larsen and Sons,Online purchase,Entertainment
3922,2024-09-03,8.93,Local High School,Grocery shopping,Education
3923,2026-04-27,40.62,Starbucks Coffee,Lunch with friends,Shopping
3924,2026-08-17,46.95,Zimmerman Group,Zimmerman Group - Course fee,Bills
3925,2025-09-14,38.76,Hays Inc,Course fee,Transport
3926,2024-04-17,2.42,Mall Outlet,Mall Outlet - Flight booking,Shopping
3927,2026-07-17,52.66,"Farley, Nixon and Bishop",Monthly subscription,Food
3928,2024-04-25,69.76,Stevens-Bennett,Gas refill,Bills
3929,2026-06-23,48.16,Joe's Pizza,Gas refill,Food
3930,2024-05-21,21.85,"Harris, Williams and Crawford","Harris, Williams and Crawford - Online purchase",Bills
3931,2024-04-02,4.75,York Group,Grocery shopping,Others
3932,2026-02-03,49.69,CVS Pharmacy,Grocery shopping,Health
3933,2026-05-03,3.32,Walmart Supercenter,Walmart Supercenter - Grocery shopping,Shopping
3934,2024-05-26,27.62,"Coleman, Roy and Gay","Coleman, Roy and Gay - Lunch with friends",Food
3935,2024-01-03,15.65,State University,State University - Gas refill,Education
3936,2023-11-05,4.4,"Rodriguez, Woods and Christensen","Rodriguez, Woods and Christensen - Monthly subscription",Shopping
3937,2025-06-26,20.21,Delta Airlines,Hotel stay,Travel
3938,2023-08-30,17.31,Lyft,Electric bill payment,Transport
3939,2025-03-15,49.86,Waterworks,Waterworks - Lunch with friends,Bills
3940,2025-08-23,37.1,Martin-Flowers,Electric bill payment,Bills
3941,2024-01-06,20.51,Local High School,Hotel stay,Travel
3942,2024-11-30,25.04,Amazon Marketplace,Hotel stay,Travel
3943,2024-12-07,3.71,"King, Wilson and Richards",Electric bill payment,Bills
3944,2024-04-09,31.26,"Foley, Murphy and Townsend","Foley, Murphy and Townsend - Flight booking",Education
3945,2024-06-01,8.35,City Hospital,City Hospital - Online purchase,Travel
3946,2024-07-22,11.28,"Johnson, Molina and Gay",Prescription purchase,Bills
3947,2024-07-04,33.47,City Hospital,City Hospital - Gas refill,Bills
3948,2025-07-07,25.83,State University,Prescription purchase,Education
3949,2023-10-31,1.62,Netflix Streaming,Netflix Streaming - Taxi ride,Entertainment
3950,2023-10-15,14.74,Amazon Marketplace,Amazon Marketplace - Online purchase,Shopping
3951,2025-10-26,3.13,Warren-Hernandez,Warren-Hernandez - Lunch with friends,Education
3952,2024-09-26,58.48,Miller PLC,Online purchase,Food
3953,2025-06-29,31.7,City Hospital,Monthly subscription,Travel
3954,2023-10-20,51.24,Delta Airlines,Course fee,Travel
3955,2023-09-07,32.93,Spotify,Spotify - Flight booking,Entertainment
3956,2026-06-12,4.12,"Walker, Johnson and Johnson","Walker, Johnson and Johnson - Gas refill",Bills
3957,2025-08-21,66.31,"Gray, Brooks and Nelson",Monthly subscription,Others
3958,2024-12-16,26.06,State University,Electric bill payment,Education
3959,2026-04-22,3.34,Walmart Supercenter,Walmart Supercenter - Lunch with friends,Shopping
3960,2025-10-13,14.49,Amazon Marketplace,Amazon Marketplace - Grocery shopping,Shopping
3961,2024-06-28,12.82,"Young, Russell and Sims",Monthly subscription,Food
3962,2024-03-20,61.66,Contreras-Smith,Contreras-Smith - Hotel stay,Travel
3963,2025-07-13,78.3,Waterworks,Waterworks - Course fee,Bills
3964,2023-10-18,9.76,Electric Company,Electric Company - Electric bill payment,Bills
3965,2025-11-27,8.53,Miranda-Anderson,Monthly subscription,Food
3966,2026-05-29,26.26,Mcguire-Baldwin,Mcguire-Baldwin - Electric bill payment,Bills
3967,2024-09-23,3.89,Joe's Pizza,Joe's Pizza - Online purchase,Food
3968,2024-08-11,44.62,Corner Grocery,Corner Grocery - Grocery shopping,Travel
3969,2024-05-08,14.45,Waterworks,Waterworks - Flight booking,Bills
3970,2026-02-18,25.44,Delta Airlines,Taxi ride,Travel
3971,2026-07-27,38.06,Netflix Streaming,Netflix Streaming - Hotel stay,Travel
3972,2025-06-17,18.15,Netflix Streaming,Electric bill payment,Entertainment
3973,2025-09-29,9.09,Mall Outlet,Mall Outlet - Grocery shopping,Entertainment
3974,2026-01-09,91.31,Waterworks,Hotel stay,Travel
3975,2026-02-28,150.01,Watkins Group,Grocery shopping,Bills
3976,2024-09-27,13.92,Mall Outlet,Grocery shopping,Food
3977,2025-05-19,24.1,"Hayes, Patel and Gray","Hayes, Patel and Gray - Course fee",Others
3978,2026-05-11,30.95,Lewis PLC,Lewis PLC - Online purchase,Travel
3979,2025-10-23,16.84,City Hospital,City Hospital - Lunch with friends,Shopping
3980,2023-09-18,42.99,Gomez-Bradley,Gas refill,Bills
3981,2026-02-01,32.89,"Whitaker, Taylor and Wagner","Whitaker, Taylor and Wagner - Flight booking",Utilities
3982,2026-04-25,5.17,Walmart Supercenter,Flight booking,Shopping
3983,2026-08-30,9.07,Starbucks Coffee,Starbucks Coffee - Online purchase,Food
3984,2026-05-12,28.24,Waterworks,Waterworks - Online purchase,Bills
3985,2024-02-10,5.47,Walmart Supercenter,Walmart Supercenter - Course fee,Shopping
3986,2023-09-02,17.91,Uber Eats,Uber Eats - Online purchase,Transport
3987,2025-03-26,3.91,Gas Station,Online purchase,Bills
3988,2023-09-28,29.48,Corner Grocery,Taxi ride,Travel
3989,2024-05-01,52.69,"Blevins, Jones and Mitchell","Blevins, Jones and Mitchell - Taxi ride",Shopping
3990,2025-01-19,37.37,"Tucker, Diaz and Li",Prescription purchase,Travel
3991,2025-08-30,32.92,Gas Station,Gas Station - Grocery shopping,Bills
3992,2026-07-08,56.27,State University,State University - Lunch with friends,Education
3993,2026-02-09,25.86,Walmart Supercenter,Walmart Supercenter - Course fee,Shopping
3994,2025-09-22,37.04,CVS Pharmacy,CVS Pharmacy - Prescription purchase,Health
3995,2025-09-29,25.71,Brown and Sons,Electric bill payment,Bills
3996,2025-04-04,87.38,Joe's Pizza,Gas refill,Food
3997,2024-03-19,2.33,Jennings and Sons,Flight booking,Shopping
3998,2023-09-04,7.08,Hilton Hotels,Gas refill,Travel
3999,2025-08-04,53.35,Starbucks Coffee,Starbucks Coffee - Gas refill,Bills
4000,2026-07-31,12.87,Kelley-Webster,Online purchase,Food
4001,2026-06-17,15.51,City Hospital,City Hospital - Course fee,Food
4002,2026-07-09,32.35,"Roberson, Brooks and Douglas","Roberson, Brooks and Douglas - Electric bill payment",Bills
4003,2026-01-03,40.14,Brown-Wright,Brown-Wright - Monthly subscription,Others
4004,2026-05-11,7.56,CVS Pharmacy,Online purchase,Health
4005,2026-01-29,50.71,Corner Grocery,Corner Grocery - Hotel stay,Travel
4006,2025-07-06,7.84,Starbucks Coffee,Taxi ride,Shopping
4007,2025-04-27,17.53,Ward-Daniels,Ward-Daniels - Hotel stay,Travel
4008,2025-06-12,21.69,Walmart Supercenter,Walmart Supercenter - Taxi ride,Shopping
4009,2026-08-10,38.57,Local Taxi,Local Taxi - Grocery shopping,Travel
4010,2024-05-16,6.88,Walmart Supercenter,Online purchase,Shopping
4011,2024-11-12,21.81,Hilton Hotels,Hilton Hotels - Prescription purchase,Travel
4012,2025-07-07,30.2,Waterworks,Waterworks - Lunch with friends,Bills
4013,2025-04-27,30.07,City Hospital,City Hospital - Lunch with friends,Bills
4014,2024-11-21,7.12,Martin-Hampton,Grocery shopping,Food
4015,2024-09-24,13.49,Lyft,Lunch with friends,Transport
4016,2025-10-14,23.81,Mall Outlet,Course fee,Food
4017,2024-08-03,3.98,Romero-Hester,Romero-Hester - Electric bill payment,Bills
4018,2025-04-01,11.54,"Logan, Stanley and Gonzalez","Logan, Stanley and Gonzalez - Taxi ride",Shopping
4019,2025-12-04,44.11,"Morris, Barnett and Reed",Electric bill payment,Bills
4020,2025-11-12,27.44,City Hospital,City Hospital - Monthly subscription,Food
4021,2025-05-05,12.57,"Thomas, Cummings and Anderson","Thomas, Cummings and Anderson - Grocery shopping",Shopping
4022,2025-10-02,19.39,Hilton Hotels,Hilton Hotels - Flight booking,Travel
4023,2026-07-01,67.07,Corner Grocery,Corner Grocery - Prescription purchase,Food
4024,2024-03-20,35.62,Local Taxi,Electric bill payment,Bills
4025,2023-11-05,37.55,"James, Velez and Ramirez","James, Velez and Ramirez - Gas refill",Bills
4026,2023-09-04,39.58,Uber Eats,Course fee,Transport
4027,2025-06-11,45.71,Corner Grocery,Corner Grocery - Gas refill,Bills
4028,2024-02-18,39.25,Obrien LLC,Electric bill payment,Bills
4029,2026-03-21,56.44,Netflix Streaming,Netflix Streaming - Taxi ride,Entertainment
4030,2024-01-02,6.67,Thomas-Cardenas,Thomas-Cardenas - Course fee,Shopping
4031,2023-09-06,24.13,Vincent Ltd,Vincent Ltd - Course fee,Bills
4032,2024-01-16,9.82,State University,Electric bill payment,Education
4033,2024-01-10,203.28,Cole-Eaton,Online purchase,Food
4034,2023-10-19,9.61,Phillips Group,Phillips Group - Prescription purchase,Education
4035,2025-05-15,16.49,Sullivan-Hardy,Lunch with friends,Education
4036,2025-07-13,6.71,Rodriguez LLC,Rodriguez LLC - Hotel stay,Travel
4037,2024-04-19,16.81,Gas Station,Gas Station - Grocery shopping,Bills
4038,2025-12-24,16.55,Electric Company,Electric Company - Prescription purchase,Bills
4039,2025-08-02,4.09,Waterworks,Waterworks - Monthly subscription,Bills
4040,2025-02-12,2.77,Lyft,Lyft - Grocery shopping,Transport
4041,2023-12-12,10.78,CVS Pharmacy,Online purchase,Health
4042,2025-07-07,29.2,Lyft,Flight booking,Transport
4043,2025-04-23,49.34,Gas Station,Prescription purchase,Bills
4044,2026-01-03,17.42,Netflix Streaming,Gas refill,Entertainment
4045,2025-09-13,28.7,"Beck, Wood and Donovan","Beck, Wood and Donovan - Lunch with friends",Food
4046,2024-06-03,93.27,Uber Eats,Uber Eats - Electric bill payment,Transport
4047,2024-08-03,3.47,Netflix Streaming,Netflix Streaming - Lunch with friends,Entertainment
4048,2026-07-12,12.24,"Holt, Peterson and Sims",Prescription purchase,Food
4049,2025-01-31,11.49,Martin-Sims,Grocery shopping,Others
4050,2025-10-16,4.89,Joe's Pizza,Joe's Pizza - Lunch with friends,Food
4051,2024-08-06,73.22,State University,Prescription purchase,Education
4052,2024-02-23,70.94,Netflix Streaming,Netflix Streaming - Online purchase,Entertainment
4053,2025-05-15,22.73,Mall Outlet,Mall Outlet - Electric bill payment,Bills
4054,2024-08-12,15.86,"Parker, Barker and Harris","Parker, Barker and Harris - Hotel stay",Travel
4055,2024-12-18,11.34,Starbucks Coffee,Gas refill,Bills
4056,2026-05-25,15.35,Morris Group,Morris Group - Grocery shopping,Food
4057,2024-09-21,6.43,Starbucks Coffee,Monthly subscription,Utilities
4058,2026-07-09,11.91,Acevedo-Jordan,Lunch with friends,Food
4059,2024-01-14,6.78,Local Taxi,Local Taxi - Lunch with friends,Travel
4060,2024-08-11,3.03,Local High School,Local High School - Prescription purchase,Education
4061,2024-12-02,12.94,Lyft,Taxi ride,Transport
4062,2026-06-07,6.87,Spotify,Spotify - Flight booking,Entertainment
4063,2024-07-10,89.11,"Griffin, Allen and Wells","Griffin, Allen and Wells - Monthly subscription",Shopping
4064,2023-10-21,42.38,Gonzalez-Carlson,Hotel stay,Travel
4065,2026-08-04,62.82,Local High School,Local High School - Electric bill payment,Education
4066,2023-11-24,95.1,Amazon Marketplace,Amazon Marketplace - Electric bill payment,Shopping
4067,2025-08-04,2.24,Electric Company,Lunch with friends,Bills
4068,2025-10-17,22.1,Waterworks,Waterworks - Grocery shopping,Bills
4069,2025-01-12,41.02,Local High School,Local High School - Electric bill payment,Education
4070,2026-03-08,34.31,"James, Johnson and Day",Electric bill payment,Bills
4071,2025-02-13,3.3,Starbucks Coffee,Taxi ride,Entertainment
4072,2024-02-29,15.24,Local Taxi,Online purchase,Others
4073,2025-11-09,11.81,Netflix Streaming,Netflix Streaming - Grocery shopping,Entertainment
4074,2025-06-09,55.33,CVS Pharmacy,CVS Pharmacy - Monthly subscription,Health
4075,2026-04-21,88.78,Franco-Adams,Online purchase,Shopping
4076,2026-08-10,74.79,Mall Outlet,Mall Outlet - Prescription purchase,Travel
4077,2025-04-12,21.76,Corner Grocery,Corner Grocery - Online purchase,Entertainment
4078,2026-07-07,7.39,Walmart Supercenter,Hotel stay,Travel
4079,2025-03-03,25.03,Netflix Streaming,Netflix Streaming - Taxi ride,Entertainment
4080,2025-12-07,30.93,Corner Grocery,Corner Grocery - Grocery shopping,Food
4081,2026-01-27,51.56,State University,Hotel stay,Travel
4082,2025-11-28,11.9,State University,State University - Electric bill payment,Education
4083,2024-12-18,3.23,Hicks-Harris,Electric bill payment,Bills
4084,2024-05-26,25.55,Grant-Gibbs,Monthly subscription,Others
4085,2024-08-10,12.21,Phillips PLC,Phillips PLC - Course fee,Food
4086,2024-04-21,10.56,Chang-Douglas,Taxi ride,Bills
4087,2025-04-01,9.43,Netflix Streaming,Netflix Streaming - Grocery shopping,Entertainment
4088,2026-03-15,22.03,Gas Station,Gas Station - Grocery shopping,Bills
4089,2024-05-03,3.41,Rodriguez-Bernard,Rodriguez-Bernard - Flight booking,Entertainment
4090,2024-07-06,37.39,Joe's Pizza,Online purchase,Food
4091,2026-05-13,7.96,Amazon Marketplace,Amazon Marketplace - Gas refill,Shopping
4092,2024-05-02,3.81,Hilton Hotels,Hilton Hotels - Prescription purchase,Travel
4093,2024-11-08,3.97,Hatfield PLC,Online purchase,Utilities
4094,2024-10-20,34.15,Johnson-Hart,Johnson-Hart - Online purchase,Entertainment
4095,2023-09-09,42.76,Local High School,Taxi ride,Education
4096,2026-06-15,2.93,Netflix Streaming,Netflix Streaming - Monthly subscription,Entertainment
4097,2025-04-27,32.7,Local Taxi,Flight booking,Food
4098,2024-04-23,10.72,Spotify,Spotify - Electric bill payment,Entertainment
4099,2024-04-20,97.18,Duran-Jones,Monthly subscription,Shopping
4100,2023-10-23,33.43,Spotify,Gas refill,Entertainment
4101,2024-10-06,39.44,"Robinson, Hubbard and Clark",Taxi ride,Others
4102,2025-08-16,62.16,Castillo-Munoz,Castillo-Munoz - Electric bill payment,Bills
4103,2024-07-02,32.2,CVS Pharmacy,CVS Pharmacy - Monthly subscription,Health
4104,2026-04-13,28.55,Hines Ltd,Hines Ltd - Lunch with friends,Shopping
4105,2025-03-17,2.07,Walton-Young,Walton-Young - Hotel stay,Travel
4106,2026-04-13,14.67,Adams-Woodard,Adams-Woodard - Flight booking,Utilities
4107,2026-02-13,17.73,Gutierrez PLC,Gutierrez PLC - Prescription purchase,Travel
4108,2026-01-21,1.54,Spotify,Spotify - Flight booking,Entertainment
4109,2024-09-26,15.49,Local High School,Taxi ride,Education
4110,2024-01-20,4.9,Delta Airlines,Electric bill payment,Travel
4111,2025-03-02,36.77,"Santos, Reese and White",Course fee,Travel
4112,2024-10-30,5.03,Hilton Hotels,Hilton Hotels - Lunch with friends,Travel
4113,2024-08-16,69.62,Mall Outlet,Mall Outlet - Electric bill payment,Bills
4114,2024-10-07,1.27,Amazon Marketplace,Amazon Marketplace - Electric bill payment,Shopping
4115,2024-03-02,136.73,Jones-Clark,Electric bill payment,Bills
4116,2023-11-03,30.58,Delta Airlines,Delta Airlines - Gas refill,Travel
4117,2025-04-03,36.77,Lyft,Electric bill payment,Transport
4118,2024-10-27,34.42,Scott-Duke,Scott-Duke - Monthly subscription,Entertainment
4119,2025-07-06,45.7,Mall Outlet,Grocery shopping,Entertainment
4120,2024-12-19,8.67,Spotify,Spotify - Taxi ride,Entertainment
4121,2025-07-29,5.87,Electric Company,Electric Company - Online purchase,Bills
4122,2024-12-24,5.04,State University,Course fee,Education
4123,2024-07-30,26.34,Ford PLC,Prescription purchase,Health
4124,2025-10-17,20.02,Collins PLC,Online purchase,Utilities
4125,2024-11-03,33.2,Waterworks,Waterworks - Gas refill,Bills
4126,2024-04-26,6.66,Huber LLC,Huber LLC - Monthly subscription,Transport
4127,2024-12-28,69.0,Davis-Richmond,Davis-Richmond - Gas refill,Bills
4128,2025-04-23,27.09,Mall Outlet,Grocery shopping,Shopping
4129,2024-10-24,13.6,Ramos-Thomas,Electric bill payment,Bills
4130,2024-10-04,8.52,Local High School,Local High School - Flight booking,Education
4131,2025-02-11,22.29,Delta Airlines,Delta Airlines - Grocery shopping,Travel
4132,2025-04-01,37.93,CVS Pharmacy,CVS Pharmacy - Taxi ride,Health
4133,2025-06-05,23.95,Joe's Pizza,Electric bill payment,Food
4134,2026-04-11,25.46,Hilton Hotels,Hilton Hotels - Lunch with friends,Travel
4135,2024-03-22,43.66,Gas Station,Lunch with friends,Bills
4136,2023-10-26,14.38,Starbucks Coffee,Flight booking,Health
4137,2025-10-25,8.11,City Hospital,City Hospital - Course fee,Others
4138,2024-02-27,15.65,"Lloyd, Hall and Gregory",Prescription purchase,Food
4139,2024-09-10,34.27,Parker-Wade,Online purchase,Food
4140,2025-03-06,10.82,Joe's Pizza,Lunch with friends,Food
4141,2024-01-23,30.76,City Hospital,Online purchase,Food
4142,2024-02-26,4.57,Smith Ltd,Lunch with friends,Health
4143,2023-11-23,18.16,Joyce-Alvarez,Joyce-Alvarez - Grocery shopping,Health
4144,2024-04-14,14.35,Hilton Hotels,Monthly subscription,Travel
4145,2025-12-10,17.75,Hilton Hotels,Gas refill,Travel
4146,2025-07-31,71.25,Corner Grocery,Corner Grocery - Online purchase,Education
4147,2025-03-31,46.97,Mall Outlet,Taxi ride,Shopping
4148,2024-10-03,22.5,Corner Grocery,Corner Grocery - Grocery shopping,Shopping
4149,2025-12-30,48.32,"Miller, Lopez and Golden","Miller, Lopez and Golden - Electric bill payment",Bills
4150,2025-07-04,66.07,Young-Terry,Taxi ride,Shopping
4151,2023-09-08,64.04,Starbucks Coffee,Starbucks Coffee - Electric bill payment,Bills
4152,2026-05-24,4.97,Gas Station,Gas Station - Electric bill payment,Bills
4153,2024-06-15,15.02,Spotify,Taxi ride,Entertainment
4154,2023-10-15,29.56,State University,Grocery shopping,Education
4155,2025-11-09,76.18,Amazon Marketplace,Amazon Marketplace - Monthly subscription,Shopping
4156,2026-08-12,7.82,City Hospital,City Hospital - Lunch with friends,Utilities
4157,2025-04-04,16.88,Joe's Pizza,Joe's Pizza - Prescription purchase,Food
4158,2025-08-06,19.34,Wilkinson Inc,Prescription purchase,Health
4159,2024-07-07,83.23,Local Taxi,Local Taxi - Prescription purchase,Health
4160,2024-05-27,30.74,"Sullivan, Allen and Cameron","Sullivan, Allen and Cameron - Gas refill",Bills
4161,2025-06-04,56.79,Hilton Hotels,Gas refill,Travel
4162,2025-09-08,16.61,Mcdowell-Kim,Mcdowell-Kim - Monthly subscription,Travel
4163,2025-07-10,23.57,City Hospital,City Hospital - Hotel stay,Travel
4164,2025-01-13,27.26,Patel and Sons,Monthly subscription,Bills
4165,2026-08-23,1.35,Netflix Streaming,Monthly subscription,Entertainment
4166,2024-02-20,20.54,Delta Airlines,Delta Airlines - Course fee,Travel
4167,2025-07-03,8.07,Small and Sons,Small and Sons - Prescription purchase,Shopping
4168,2026-01-17,1.54,Hilton Hotels,Hilton Hotels - Lunch with friends,Travel
4169,2026-06-21,24.68,Gas Station,Hotel stay,Travel
4170,2025-09-28,3.26,Corner Grocery,Corner Grocery - Online purchase,Travel
4171,2025-01-27,4.42,"Hayes, Rojas and Lucero",Flight booking,Shopping
4172,2024-02-15,47.83,Corner Grocery,Corner Grocery - Monthly subscription,Others
4173,2026-05-05,10.5,Johnson and Sons,Gas refill,Bills
4174,2025-05-18,21.84,Gas Station,Gas Station - Flight booking,Bills
4175,2024-08-14,6.05,Hilton Hotels,Hilton Hotels - Lunch with friends,Travel
4176,2026-02-02,3.47,Amazon Marketplace,Flight booking,Shopping
4177,2026-01-23,26.44,Waterworks,Waterworks - Prescription purchase,Bills
4178,2026-02-22,55.45,Delta Airlines,Delta Airlines - Monthly subscription,Travel
4179,2026-03-12,32.13,Corner Grocery,Corner Grocery - Grocery shopping,Utilities
4180,2024-09-17,20.53,Uber Eats,Course fee,Transport
4181,2025-02-28,59.21,Hughes-Hernandez,Grocery shopping,Transport
4182,2024-06-04,16.07,Brown-Moon,Lunch with friends,Shopping
4183,2025-07-14,42.35,Harris-Wheeler,Harris-Wheeler - Hotel stay,Travel
4184,2024-09-29,2.61,Local Taxi,Local Taxi - Flight booking,Travel
4185,2026-01-20,12.53,Electric Company,Flight booking,Bills
4186,2025-07-03,10.79,Harrison-Trujillo,Harrison-Trujillo - Flight booking,Shopping
4187,2025-03-24,112.44,"Harrison, Martinez and Thompson","Harrison, Martinez and Thompson - Gas refill",Bills
4188,2025-08-25,5.26,Joe's Pizza,Electric bill payment,Food
4189,2024-01-17,11.9,CVS Pharmacy,Flight booking,Health
4190,2024-06-18,32.16,Singh LLC,Singh LLC - Taxi ride,Food
4191,2023-09-26,8.79,Jones-Bradford,Electric bill payment,Bills
4192,2025-03-26,22.22,Spotify,Monthly subscription,Entertainment
4193,2024-07-09,6.31,"Moore, Ramirez and Holloway",Online purchase,Health
4194,2024-08-07,2.85,City Hospital,City Hospital - Grocery shopping,Transport
4195,2026-07-01,54.31,CVS Pharmacy,Grocery shopping,Health
4196,2026-04-25,77.3,Gas Station,Monthly subscription,Bills
4197,2025-04-11,4.05,Gas Station,Gas Station - Course fee,Bills
4198,2023-12-31,40.54,Starbucks Coffee,Starbucks Coffee - Gas refill,Bills
4199,2026-04-17,8.52,Walmart Supercenter,Walmart Supercenter - Prescription purchase,Shopping
4200,2024-10-16,23.58,Hilton Hotels,Hilton Hotels - Grocery shopping,Travel
4201,2025-08-26,60.71,Hilton Hotels,Hilton Hotels - Electric bill payment,Travel
4202,2026-03-18,32.97,CVS Pharmacy,CVS Pharmacy - Gas refill,Health
4203,2024-08-20,47.81,Gas Station,Grocery shopping,Bills
4204,2025-01-28,58.85,Delta Airlines,Flight booking,Travel
4205,2024-02-15,6.1,Lyft,Lyft - Gas refill,Transport
4206,2025-04-21,39.76,"Sanchez, Barber and Lewis","Sanchez, Barber and Lewis - Hotel stay",Travel
4207,2025-12-18,36.88,Reid-Ray,Reid-Ray - Gas refill,Bills
4208,2026-02-21,3.41,"Mitchell, Hanson and Hendricks","Mitchell, Hanson and Hendricks - Grocery shopping",Food
4209,2026-07-04,71.51,Amazon Marketplace,Amazon Marketplace - Flight booking,Shopping
4210,2024-05-26,17.21,Solomon-Estrada,Solomon-Estrada - Taxi ride,Food
4211,2025-06-08,15.58,Joe's Pizza,Joe's Pizza - Lunch with friends,Food
4212,2024-05-09,52.4,Local High School,Local High School - Course fee,Education
4213,2024-07-14,39.12,Amazon Marketplace,Taxi ride,Shopping
4214,2025-01-15,9.01,Yang-French,Flight booking,Food
4215,2025-08-20,7.15,"Jimenez, Carpenter and Riggs",Hotel stay,Travel
4216,2024-02-19,66.75,"Patton, Hawkins and Shaw",Online purchase,Education
4217,2024-02-29,24.23,"Jones, Clayton and Anderson","Jones, Clayton and Anderson - Prescription purchase",Food
4218,2025-10-17,8.71,City Hospital,City Hospital - Gas refill,Bills
4219,2025-10-05,4.2,Electric Company,Electric Company - Hotel stay,Travel
4220,2026-05-25,29.56,Richards-Cooper,Richards-Cooper - Hotel stay,Travel
4221,2024-10-14,28.73,Hilton Hotels,Hilton Hotels - Lunch with friends,Travel
4222,2024-08-01,10.04,Mall Outlet,Mall Outlet - Flight booking,Transport
4223,2024-12-20,4.48,State University,State University - Course fee,Education
4224,2025-07-22,145.46,Mall Outlet,Taxi ride,Utilities
4225,2025-11-26,19.89,Corner Grocery,Corner Grocery - Grocery shopping,Shopping
4226,2025-05-15,18.49,Netflix Streaming,Netflix Streaming - Online purchase,Entertainment
4227,2026-04-15,27.39,Walmart Supercenter,Hotel stay,Travel
4228,2025-02-27,27.74,Mall Outlet,Mall Outlet - Flight booking,Food
4229,2025-11-16,7.2,State University,State University - Hotel stay,Travel
4230,2024-03-13,32.47,"Harris, Garcia and Turner","Harris, Garcia and Turner - Hotel stay",Travel
4231,2025-03-24,13.22,Uber Eats,Hotel stay,Transport
4232,2026-02-11,15.33,Waterworks,Waterworks - Hotel stay,Travel
4233,2025-05-04,50.21,Fox-Phillips,Electric bill payment,Bills
4234,2025-03-18,7.22,Electric Company,Electric Company - Course fee,Bills
4235,2025-06-18,16.99,Lyft,Online purchase,Transport
4236,2025-11-02,7.58,Gas Station,Prescription purchase,Bills
4237,2024-12-23,98.37,Spotify,Spotify - Monthly subscription,Entertainment
4238,2025-08-07,2.46,Netflix Streaming,Monthly subscription,Entertainment
4239,2026-07-03,17.45,Todd-Powell,Todd-Powell - Online purchase,Entertainment
4240,2026-04-04,13.54,George-Patton,George-Patton - Prescription purchase,Utilities
4241,2023-11-19,27.0,Electric Company,Electric Company - Electric bill payment,Bills
4242,2023-11-05,3.19,CVS Pharmacy,Online purchase,Health
4243,2024-03-20,3.2,"Williams, Martin and Taylor","Williams, Martin and Taylor - Online purchase",Food
4244,2026-02-09,40.31,Mall Outlet,Mall Outlet - Electric bill payment,Bills
4245,2026-06-28,73.62,Mall Outlet,Gas refill,Bills
4246,2026-06-09,32.63,Starbucks Coffee,Online purchase,Travel
4247,2026-02-23,81.02,Lyft,Grocery shopping,Transport
4248,2024-05-08,38.45,Uber Eats,Gas refill,Transport
4249,2025-12-20,13.39,Walmart Supercenter,Electric bill payment,Shopping
4250,2025-07-09,64.5,Ross-Robbins,Ross-Robbins - Monthly subscription,Others
4251,2026-03-21,4.54,CVS Pharmacy,CVS Pharmacy - Flight booking,Health
4252,2023-09-14,32.8,"Cochran, Phillips and Dunlap",Grocery shopping,Entertainment
4253,2023-08-31,82.7,Uber Eats,Online purchase,Transport
4254,2024-06-13,41.49,Huffman Group,Huffman Group - Course fee,Shopping
4255,2024-03-08,79.88,"Hampton, Beard and Davis","Hampton, Beard and Davis - Taxi ride",Utilities
4256,2025-05-27,20.76,Elliott-Griffith,Flight booking,Entertainment
4257,2024-08-15,3.42,Cooper-Scott,Lunch with friends,Others
4258,2023-09-18,48.74,Waterworks,Waterworks - Course fee,Bills
4259,2024-02-11,9.28,Oconnor-Cooper,Hotel stay,Travel
4260,2025-09-10,22.86,"Gordon, Martinez and Flores",Monthly subscription,Utilities
4261,2023-09-18,47.63,Waterworks,Prescription purchase,Bills
4262,2025-05-06,26.45,Mccall and Sons,Gas refill,Bills
4263,2024-11-04,14.52,Gas Station,Gas Station - Hotel stay,Travel
4264,2025-12-03,106.75,Monroe-Mosley,Gas refill,Bills
4265,2024-08-22,22.19,Electric Company,Online purchase,Bills
4266,2023-10-11,14.5,"Brown, Sims and Johnson","Brown, Sims and Johnson - Electric bill payment",Bills
4267,2025-11-25,105.57,Ruiz Group,Ruiz Group - Gas refill,Bills
4268,2025-02-10,23.88,"Ali, Hernandez and Hendrix",Grocery shopping,Utilities
4269,2024-10-11,4.03,CVS Pharmacy,Flight booking,Health
4270,2024-10-03,84.12,City Hospital,City Hospital - Prescription purchase,Transport
4271,2024-03-10,26.93,Starbucks Coffee,Electric bill payment,Bills
4272,2024-05-08,9.02,Joe's Pizza,Joe's Pizza - Taxi ride,Food
4273,2024-04-16,86.09,Patterson Group,Patterson Group - Online purchase,Transport
4274,2023-09-03,7.46,Netflix Streaming,Hotel stay,Travel
4275,2024-09-12,91.89,Chapman-Henderson,Flight booking,Shopping
4276,2023-12-30,34.43,Gas Station,Gas Station - Course fee,Bills
4277,2023-11-07,5.12,Joe's Pizza,Grocery shopping,Food
4278,2025-07-18,55.35,"Russell, Alvarez and Carr",Online purchase,Entertainment
4279,2024-02-03,42.17,CVS Pharmacy,CVS Pharmacy - Grocery shopping,Health
4280,2024-07-07,33.25,Local High School,Local High School - Course fee,Education
4281,2026-05-31,6.46,State University,Electric bill payment,Education
4282,2026-04-08,60.81,Gas Station,Gas Station - Hotel stay,Travel
4283,2024-11-14,10.53,Hilton Hotels,Prescription purchase,Travel
4284,2026-07-18,101.91,State University,State University - Monthly subscription,Education
4285,2024-08-07,8.15,Corner Grocery,Corner Grocery - Lunch with friends,Shopping
4286,2024-03-17,3.83,Local Taxi,Monthly subscription,Education
4287,2025-01-26,25.86,Mall Outlet,Mall Outlet - Lunch with friends,Shopping
4288,2025-06-09,1.51,State University,State University - Prescription purchase,Education
4289,2026-04-12,115.05,Local High School,Prescription purchase,Education
4290,2024-06-25,2.37,Beck-Turner,Beck-Turner - Online purchase,Utilities
4291,2026-07-13,3.63,Electric Company,Hotel stay,Travel
4292,2024-08-06,64.9,"Brown, Prince and Hammond","Brown, Prince and Hammond - Hotel stay",Travel
4293,2024-02-18,2.55,Local Taxi,Local Taxi - Prescription purchase,Utilities
4294,2024-07-31,105.27,Electric Company,Hotel stay,Travel
4295,2024-10-26,8.77,Mall Outlet,Mall Outlet - Online purchase,Others
4296,2024-02-24,19.12,CVS Pharmacy,CVS Pharmacy - Monthly subscription,Health
4297,2025-04-02,14.84,"Farmer, Fleming and Roberts",Gas refill,Bills
4298,2025-06-28,25.24,Lyft,Lyft - Course fee,Transport
4299,2025-02-25,16.0,Green Group,Green Group - Monthly subscription,Bills
4300,2023-11-13,12.0,Corner Grocery,Course fee,Travel
4301,2024-01-19,38.45,Spotify,Taxi ride,Entertainment
4302,2026-01-18,33.21,Tucker-West,Tucker-West - Course fee,Bills
4303,2026-05-23,28.69,Uber Eats,Uber Eats - Monthly subscription,Transport
4304,2025-11-02,81.51,"Klein, Chen and Harper","Klein, Chen and Harper - Flight booking",Food
4305,2024-01-22,38.7,Joe's Pizza,Joe's Pizza - Prescription purchase,Food
4306,2025-06-05,219.2,Corner Grocery,Course fee,Health
4307,2025-05-07,6.1,Local High School,Local High School - Prescription purchase,Education
4308,2025-08-29,22.58,Netflix Streaming,Netflix Streaming - Taxi ride,Entertainment
4309,2025-07-01,27.73,Anderson Inc,Gas refill,Bills
4310,2025-01-25,11.37,"Castillo, Green and Martinez","Castillo, Green and Martinez - Electric bill payment",Bills
4311,2026-05-24,19.59,CVS Pharmacy,Gas refill,Health
4312,2025-01-17,26.22,Hilton Hotels,Flight booking,Travel
4313,2026-04-28,1.15,Amazon Marketplace,Amazon Marketplace - Prescription purchase,Shopping
4314,2024-10-03,57.88,Local High School,Gas refill,Education
4315,2025-11-26,29.04,"Page, Hoffman and Chaney","Page, Hoffman and Chaney - Grocery shopping",Others
4316,2025-12-12,2.01,Browning-Cruz,Grocery shopping,Health
4317,2024-10-28,16.46,Walmart Supercenter,Walmart Supercenter - Grocery shopping,Shopping
4318,2026-03-26,15.24,Uber Eats,Uber Eats - Taxi ride,Transport
4319,2026-01-10,15.08,"Boyer, Davis and Ward",Taxi ride,Shopping
4320,2024-03-11,56.26,City Hospital,City Hospital - Grocery shopping,Entertainment
4321,2025-11-30,23.33,Hilton Hotels,Hilton Hotels - Prescription purchase,Travel
4322,2024-11-03,6.25,Electric Company,Electric Company - Online purchase,Bills
4323,2025-08-19,31.02,Reed-Williams,Reed-Williams - Monthly subscription,Others
4324,2026-03-07,25.99,Gas Station,Monthly subscription,Bills
4325,2025-07-29,3.29,"Knapp, Gutierrez and Alexander","Knapp, Gutierrez and Alexander - Gas refill",Bills
4326,2024-10-20,59.44,Hilton Hotels,Hilton Hotels - Monthly subscription,Travel
4327,2023-11-01,28.65,Mall Outlet,Mall Outlet - Hotel stay,Travel
4328,2024-02-04,21.67,"Williams, Powell and Jackson",Flight booking,Food
4329,2025-09-28,45.04,Delta Airlines,Course fee,Travel
4330,2025-04-20,49.91,Mall Outlet,Hotel stay,Travel
4331,2026-08-12,14.65,"Ortiz, Austin and Cooper","Ortiz, Austin and Cooper - Taxi ride",Others
4332,2024-12-25,29.23,Rodgers Group,Taxi ride,Transport
4333,2025-11-10,67.8,Hilton Hotels,Grocery shopping,Travel
4334,2024-04-15,21.86,City Hospital,City Hospital - Online purchase,Travel
4335,2023-12-28,7.0,"Fischer, Christensen and Knight",Lunch with friends,Food
4336,2025-08-07,13.07,Richardson-Barber,Richardson-Barber - Hotel stay,Travel
4337,2025-03-26,18.29,Hilton Hotels,Hilton Hotels - Hotel stay,Travel
4338,2025-04-22,30.01,Hilton Hotels,Hilton Hotels - Lunch with friends,Travel
4339,2026-08-06,7.44,"Smith, Lopez and Moore","Smith, Lopez and Moore - Online purchase",Entertainment
4340,2026-04-03,8.82,Uber Eats,Uber Eats - Flight booking,Transport
4341,2024-01-25,6.86,State University,State University - Hotel stay,Travel
4342,2025-05-12,96.62,Lyft,Lyft - Lunch with friends,Transport
4343,2026-01-14,21.8,Roberts PLC,Roberts PLC - Online purchase,Food
4344,2024-02-04,16.29,Mall Outlet,Flight booking,Food
4345,2023-11-28,23.06,"Harris, Shepard and Thompson","Harris, Shepard and Thompson - Grocery shopping",Bills
4346,2024-03-30,64.05,"Paul, Delacruz and Evans",Monthly subscription,Shopping
4347,2026-03-17,19.19,Hutchinson LLC,Hutchinson LLC - Taxi ride,Others
4348,2023-09-08,17.07,Gas Station,Gas Station - Course fee,Bills
4349,2024-05-19,21.67,Brown-Sanders,Grocery shopping,Shopping
4350,2025-12-13,17.27,Local Taxi,Local Taxi - Course fee,Shopping
4351,2025-05-31,21.96,Hilton Hotels,Hilton Hotels - Grocery shopping,Travel
4352,2023-12-08,194.51,Greene-Wagner,Greene-Wagner - Lunch with friends,Shopping
4353,2024-12-12,6.41,Netflix Streaming,Grocery shopping,Entertainment
4354,2024-09-02,2.18,Local High School,Course fee,Education
4355,2026-08-11,14.0,Electric Company,Electric Company - Online purchase,Bills
4356,2025-09-28,10.86,Joe's Pizza,Joe's Pizza - Monthly subscription,Food
4357,2024-05-14,39.69,Mall Outlet,Mall Outlet - Gas refill,Bills
4358,2024-05-18,10.78,City Hospital,City Hospital - Hotel stay,Travel
4359,2025-04-30,22.57,Lyft,Lyft - Taxi ride,Transport
4360,2026-06-07,7.09,Spotify,Online purchase,Entertainment
4361,2024-05-22,3.08,"Hansen, Waters and Boyer",Lunch with friends,Bills
4362,2026-08-24,16.59,Shields Ltd,Shields Ltd - Monthly subscription,Food
4363,2026-01-09,33.53,Martinez-Rodriguez,Martinez-Rodriguez - Taxi ride,Travel
4364,2023-12-03,6.87,Uber Eats,Flight booking,Transport
4365,2023-09-17,64.77,Electric Company,Grocery shopping,Bills
4366,2024-08-24,17.63,Perez Group,Course fee,Transport
4367,2025-06-16,8.51,Uber Eats,Grocery shopping,Transport
4368,2024-06-02,58.37,Gas Station,Gas Station - Electric bill payment,Bills
4369,2024-09-16,15.78,Joe's Pizza,Joe's Pizza - Flight booking,Food
4370,2024-10-22,67.89,"Taylor, Fischer and Jones","Taylor, Fischer and Jones - Online purchase",Travel
4371,2025-02-09,2.85,Aguirre Group,Aguirre Group - Gas refill,Bills
4372,2026-01-28,16.72,Garrison-Perez,Garrison-Perez - Online purchase,Others
4373,2024-07-11,61.08,Mall Outlet,Gas refill,Bills
4374,2024-04-23,16.62,Grimes and Sons,Grimes and Sons - Electric bill payment,Bills
4375,2025-04-04,79.3,Uber Eats,Uber Eats - Course fee,Transport
4376,2024-12-17,9.57,"Rodriguez, Marshall and Mayer","Rodriguez, Marshall and Mayer - Prescription purchase",Travel
4377,2024-03-25,88.55,Delta Airlines,Delta Airlines - Course fee,Travel
4378,2026-06-16,33.94,City Hospital,City Hospital - Monthly subscription,Travel
4379,2025-03-01,52.22,City Hospital,City Hospital - Course fee,Others
4380,2026-01-09,13.5,Anderson-Martin,Anderson-Martin - Course fee,Utilities
4381,2024-11-22,65.39,Amazon Marketplace,Amazon Marketplace - Grocery shopping,Shopping
4382,2025-06-28,5.14,Zimmerman-Johnson,Zimmerman-Johnson - Monthly subscription,Food
4383,2026-02-03,4.82,Lyft,Lyft - Course fee,Transport
4384,2024-03-21,6.32,Mall Outlet,Hotel stay,Travel
4385,2026-08-28,35.53,Local Taxi,Hotel stay,Travel
4386,2024-02-12,35.89,City Hospital,Taxi ride,Utilities
4387,2024-07-27,28.12,Electric Company,Electric Company - Lunch with friends,Bills
4388,2026-03-02,40.47,"Newton, Ryan and Owens",Electric bill payment,Bills
4389,2025-10-28,43.06,CVS Pharmacy,CVS Pharmacy - Lunch with friends,Health
4390,2025-06-14,10.6,Hilton Hotels,Hilton Hotels - Grocery shopping,Travel
4391,2024-04-07,1.91,Uber Eats,Uber Eats - Lunch with friends,Transport
4392,2023-08-31,15.93,Gas Station,Gas Station - Course fee,Bills
4393,2024-01-26,4.67,Local Taxi,Local Taxi - Hotel stay,Travel
4394,2026-06-15,10.57,Local High School,Local High School - Electric bill payment,Education
4395,2023-12-15,30.47,"Brown, Anderson and Lloyd",Taxi ride,Others
4396,2024-09-14,1.04,Jones and Sons,Monthly subscription,Food
4397,2023-09-15,25.22,Waterworks,Waterworks - Grocery shopping,Bills
4398,2025-07-05,31.62,"Warner, Shaffer and Chase","Warner, Shaffer and Chase - Taxi ride",Food
4399,2026-06-18,2.84,Corner Grocery,Corner Grocery - Electric bill payment,Bills
4400,2024-04-19,21.11,Electric Company,Electric Company - Online purchase,Bills
4401,2024-01-23,67.97,Stanton-Smith,Monthly subscription,Bills
4402,2024-08-09,27.49,Corner Grocery,Corner Grocery - Online purchase,Travel
4403,2026-05-01,39.88,Waterworks,Waterworks - Taxi ride,Bills
4404,2024-10-05,85.61,Lopez-Benjamin,Lopez-Benjamin - Taxi ride,Food
4405,2023-11-19,167.24,Nelson LLC,Nelson LLC - Course fee,Food
4406,2025-08-29,72.1,Young Group,Young Group - Gas refill,Bills
4407,2025-01-02,15.18,Amazon Marketplace,Hotel stay,Travel
4408,2025-05-29,73.58,Lyft,Grocery shopping,Transport
4409,2023-09-14,29.91,Netflix Streaming,Prescription purchase,Entertainment
4410,2023-10-21,37.65,Hall Group,Hall Group - Monthly subscription,Travel
4411,2024-01-08,105.32,"Horne, Woods and Ball","Horne, Woods and Ball - Course fee",Others
4412,2024-09-13,2.1,Cunningham-Ross,Cunningham-Ross - Prescription purchase,Travel
4413,2024-09-02,7.17,Electric Company,Electric Company - Electric bill payment,Bills
4414,2026-06-25,2.63,Lyft,Lyft - Taxi ride,Transport
4415,2025-08-20,19.41,Local High School,Local High School - Monthly subscription,Education
4416,2025-07-15,7.02,Levine and Sons,Levine and Sons - Taxi ride,Health
4417,2026-06-11,47.47,Hilton Hotels,Lunch with friends,Travel
4418,2024-04-17,32.43,Floyd-Holmes,Floyd-Holmes - Prescription purchase,Shopping
4419,2025-03-31,20.93,Starbucks Coffee,Gas refill,Bills
4420,2024-08-06,21.45,Starbucks Coffee,Starbucks Coffee - Online purchase,Shopping
4421,2025-02-21,32.3,Netflix Streaming,Hotel stay,Travel
4422,2025-06-07,5.16,State University,Gas refill,Education
4423,2023-12-03,65.08,Local High School,Local High School - Taxi ride,Education
4424,2024-10-14,39.19,City Hospital,Taxi ride,Others
4425,2025-09-06,61.8,Berry PLC,Hotel stay,Travel
4426,2023-09-24,33.6,State University,State University - Online purchase,Education
4427,2026-07-20,60.85,Green-Hart,Green-Hart - Gas refill,Bills
4428,2025-03-03,14.65,Walmart Supercenter,Walmart Supercenter - Gas refill,Shopping
4429,2024-11-15,12.56,Netflix Streaming,Netflix Streaming - Prescription purchase,Entertainment
4430,2026-02-23,11.36,Netflix Streaming,Prescription purchase,Entertainment
4431,2026-08-10,8.49,Ward PLC,Ward PLC - Monthly subscription,Entertainment
4432,2026-01-26,57.92,Electric Company,Grocery shopping,Bills
4433,2026-07-28,22.63,Joe's Pizza,Joe's Pizza - Prescription purchase,Food
4434,2023-12-26,17.65,Electric Company,Hotel stay,Travel
4435,2025-09-11,60.16,Stone-Wright,Gas refill,Bills
4436,2024-03-09,39.36,Delta Airlines,Delta Airlines - Flight booking,Travel
4437,2025-12-12,18.89,Joe's Pizza,Grocery shopping,Food
4438,2024-03-30,20.97,Hilton Hotels,Hilton Hotels - Online purchase,Travel
4439,2024-07-31,15.96,Stuart LLC,Stuart LLC - Monthly subscription,Travel
4440,2023-11-21,10.77,Mitchell Group,Mitchell Group - Online purchase,Travel
4441,2023-10-09,48.35,Lyft,Lyft - Online purchase,Transport
4442,2026-06-24,3.87,Walmart Supercenter,Walmart Supercenter - Monthly subscription,Shopping
4443,2025-04-19,4.32,Netflix Streaming,Monthly subscription,Entertainment
4444,2024-10-13,5.75,Waterworks,Waterworks - Online purchase,Bills
4445,2024-08-02,7.67,Local Taxi,Local Taxi - Flight booking,Transport
4446,2024-03-07,6.99,Electric Company,Flight booking,Bills
4447,2025-07-21,39.92,Walmart Supercenter,Hotel stay,Travel
4448,2026-06-08,9.9,Joe's Pizza,Joe's Pizza - Course fee,Food
4449,2025-12-06,5.23,Rodgers Group,Rodgers Group - Grocery shopping,Others
4450,2026-08-18,17.76,Joe's Pizza,Flight booking,Food
4451,2025-08-02,52.87,Rodriguez-Allison,Lunch with friends,Food
4452,2024-10-19,21.94,Neal-Davis,Taxi ride,Entertainment
4453,2026-08-02,78.74,"Russell, Hall and Diaz",Lunch with friends,Bills
4454,2024-04-22,13.61,Local Taxi,Gas refill,Bills
4455,2024-09-26,15.96,Stanley-Giles,Stanley-Giles - Grocery shopping,Health
4456,2025-08-11,59.68,State University,Grocery shopping,Education
4457,2025-05-23,60.27,Gas Station,Gas Station - Prescription purchase,Bills
4458,2024-12-30,29.42,"Durham, Zimmerman and Bright",Electric bill payment,Bills
4459,2024-06-01,9.54,"Simmons, Wilkins and Swanson","Simmons, Wilkins and Swanson - Flight booking",Travel
4460,2026-04-02,35.5,Barton LLC,Online purchase,Food
4461,2024-03-06,28.8,Turner-Jones,Turner-Jones - Course fee,Education
4462,2025-05-30,24.66,Delta Airlines,Online purchase,Travel
4463,2024-05-02,31.36,"Miller, Norris and Barnes","Miller, Norris and Barnes - Course fee",Others
4464,2023-10-31,24.62,City Hospital,City Hospital - Monthly subscription,Health
4465,2024-12-02,5.41,Booker and Sons,Flight booking,Utilities
4466,2023-11-05,5.58,Hilton Hotels,Hilton Hotels - Gas refill,Travel
4467,2025-12-24,33.56,Netflix Streaming,Hotel stay,Travel
4468,2024-07-30,106.98,CVS Pharmacy,Gas refill,Health
4469,2025-03-16,2.14,Corner Grocery,Corner Grocery - Electric bill payment,Bills
4470,2023-11-21,43.41,Local High School,Local High School - Taxi ride,Education
4471,2025-04-24,28.91,Starbucks Coffee,Starbucks Coffee - Prescription purchase,Food
4472,2024-08-31,81.09,Gas Station,Gas Station - Electric bill payment,Bills
4473,2025-10-21,10.89,Joe's Pizza,Online purchase,Food
4474,2024-08-23,6.19,Reynolds and Sons,Reynolds and Sons - Lunch with friends,Bills
4475,2024-07-10,3.39,Mall Outlet,Lunch with friends,Travel
4476,2026-04-05,12.27,Uber Eats,Uber Eats - Electric bill payment,Transport
4477,2024-12-19,8.65,Corner Grocery,Corner Grocery - Online purchase,Shopping
4478,2025-05-16,24.35,Uber Eats,Uber Eats - Lunch with friends,Transport
4479,2025-06-11,7.48,"Wagner, Wright and Wood",Monthly subscription,Food
4480,2026-03-27,22.73,Mall Outlet,Mall Outlet - Taxi ride,Education
4481,2025-09-27,111.34,Corner Grocery,Taxi ride,Utilities
4482,2023-09-10,53.22,Electric Company,Gas refill,Bills
4483,2026-07-18,20.02,Lyft,Lyft - Monthly subscription,Transport
4484,2024-05-05,79.58,Local Taxi,Local Taxi - Electric bill payment,Bills
4485,2024-12-03,7.52,Delta Airlines,Grocery shopping,Travel
4486,2026-02-09,59.83,"Rogers, Gutierrez and Kane","Rogers, Gutierrez and Kane - Online purchase",Others
4487,2023-10-31,3.77,Delta Airlines,Online purchase,Travel
4488,2025-10-13,21.91,Corner Grocery,Electric bill payment,Bills
4489,2026-05-01,19.78,Mall Outlet,Mall Outlet - Prescription purchase,Entertainment
4490,2026-07-15,2.27,Lyft,Lyft - Grocery shopping,Transport
4491,2024-09-13,27.07,Joe's Pizza,Joe's Pizza - Gas refill,Food
4492,2025-02-05,67.4,Uber Eats,Uber Eats - Taxi ride,Transport
4493,2025-10-12,57.96,Gas Station,Gas Station - Hotel stay,Travel
4494,2026-08-13,38.41,Uber Eats,Uber Eats - Prescription purchase,Transport
4495,2024-07-21,31.5,Thompson Inc,Thompson Inc - Course fee,Transport
4496,2024-06-30,2.96,Lopez and Sons,Lopez and Sons - Monthly subscription,Education
4497,2025-01-21,89.9,"Williams, Brown and Clark",Grocery shopping,Food
4498,2025-09-24,13.08,Rodriguez and Sons,Hotel stay,Travel
4499,2025-08-31,49.38,Gas Station,Lunch with friends,Bills
4500,2024-06-05,9.73,Lyft,Lyft - Hotel stay,Transport
4501,2025-09-21,4.74,Delta Airlines,Online purchase,Travel
4502,2024-09-22,52.58,Spotify,Spotify - Electric bill payment,Entertainment
4503,2026-01-04,37.84,Corner Grocery,Corner Grocery - Flight booking,Food
4504,2025-11-02,23.05,Local High School,Local High School - Monthly subscription,Education
4505,2023-12-11,3.95,Lyft,Lyft - Gas refill,Transport
4506,2023-11-15,9.08,Amazon Marketplace,Amazon Marketplace - Flight booking,Shopping
4507,2024-08-14,116.95,CVS Pharmacy,CVS Pharmacy - Course fee,Health
4508,2024-11-06,135.91,Local Taxi,Local Taxi - Course fee,Travel
4509,2025-08-04,14.57,Amazon Marketplace,Amazon Marketplace - Flight booking,Shopping
4510,2025-12-09,131.66,Lin-Petty,Taxi ride,Health
4511,2023-09-03,24.63,Local High School,Local High School - Flight booking,Education
4512,2026-04-12,8.25,Waterworks,Waterworks - Prescription purchase,Bills
4513,2025-11-28,16.63,"Bush, Harper and Black","Bush, Harper and Black - Electric bill payment",Bills
4514,2025-01-08,13.6,Starbucks Coffee,Starbucks Coffee - Lunch with friends,Entertainment
4515,2024-12-23,9.86,Meyer Inc,Grocery shopping,Others
4516,2025-12-27,2.66,Walmart Supercenter,Flight booking,Shopping
4517,2024-08-21,7.14,Tran Ltd,Hotel stay,Travel
4518,2024-12-01,165.4,Flowers-Carpenter,Electric bill payment,Bills
4519,2025-03-21,7.22,West Group,West Group - Flight booking,Shopping
4520,2024-10-22,18.52,Gas Station,Grocery shopping,Bills
4521,2025-11-20,58.04,Mall Outlet,Mall Outlet - Prescription purchase,Travel
4522,2023-11-10,29.23,Electric Company,Course fee,Bills
4523,2024-09-13,18.91,Starbucks Coffee,Starbucks Coffee - Electric bill payment,Bills
4524,2025-02-15,39.71,Spotify,Spotify - Prescription purchase,Entertainment
4525,2026-07-21,24.25,Mall Outlet,Gas refill,Bills
4526,2024-04-26,107.69,Brewer and Sons,Brewer and Sons - Course fee,Utilities
4527,2026-06-27,27.66,Barber and Sons,Barber and Sons - Monthly subscription,Transport
4528,2025-11-14,5.31,Delta Airlines,Delta Airlines - Monthly subscription,Travel
4529,2024-06-27,13.51,Joe's Pizza,Joe's Pizza - Electric bill payment,Food
4530,2024-03-16,18.46,Rodriguez PLC,Taxi ride,Shopping
4531,2026-03-14,126.52,Local Taxi,Local Taxi - Gas refill,Bills
4532,2025-07-09,46.94,Amazon Marketplace,Amazon Marketplace - Taxi ride,Shopping
4533,2025-11-21,11.3,Lyft,Prescription purchase,Transport
4534,2023-11-26,58.7,Delta Airlines,Delta Airlines - Electric bill payment,Travel
4535,2024-05-25,6.87,Swanson LLC,Swanson LLC - Taxi ride,Shopping
4536,2025-02-22,1.73,Velazquez-Pratt,Velazquez-Pratt - Gas refill,Bills
4537,2024-08-17,12.17,"Shaw, Hill and Orozco",Lunch with friends,Others
4538,2024-11-05,78.14,Delta Airlines,Delta Airlines - Flight booking,Travel
4539,2025-10-18,31.92,Netflix Streaming,Netflix Streaming - Grocery shopping,Entertainment
4540,2025-06-09,4.14,Walmart Supercenter,Walmart Supercenter - Monthly subscription,Shopping
4541,2026-02-07,16.83,CVS Pharmacy,Gas refill,Health
4542,2023-10-05,7.88,Uber Eats,Uber Eats - Monthly subscription,Transport
4543,2026-01-15,73.41,CVS Pharmacy,CVS Pharmacy - Taxi ride,Health
4544,2024-10-04,32.13,Brown Inc,Monthly subscription,Travel
4545,2026-06-21,82.58,Local High School,Local High School - Taxi ride,Education
4546,2024-06-30,32.71,City Hospital,City Hospital - Course fee,Shopping
4547,2023-08-31,30.1,Starbucks Coffee,Starbucks Coffee - Prescription purchase,Bills
4548,2026-07-20,13.8,Boyd PLC,Boyd PLC - Taxi ride,Others
4549,2023-12-26,5.38,Salas-Mckinney,Salas-Mckinney - Online purchase,Transport
4550,2024-12-19,1.73,Delta Airlines,Monthly subscription,Travel
4551,2025-09-21,35.75,"Diaz, Reed and House",Lunch with friends,Health
4552,2026-02-11,50.86,Waterworks,Hotel stay,Travel
4553,2024-05-21,32.36,"Wilson, Chen and Oliver","Wilson, Chen and Oliver - Grocery shopping",Others
4554,2025-04-15,17.09,Lyft,Lyft - Online purchase,Transport
4555,2025-05-18,14.63,Gas Station,Gas Station - Electric bill payment,Bills
4556,2026-03-23,83.42,City Hospital,Gas refill,Bills
4557,2024-07-13,26.07,Hamilton-Copeland,Hamilton-Copeland - Lunch with friends,Shopping
4558,2025-01-26,43.04,Walmart Supercenter,Walmart Supercenter - Taxi ride,Shopping
4559,2023-08-30,17.31,Electric Company,Electric Company - Lunch with friends,Bills
4560,2023-12-11,6.69,Waters-Hanson,Waters-Hanson - Taxi ride,Bills
4561,2025-04-06,106.64,Local Taxi,Local Taxi - Hotel stay,Travel
4562,2025-07-06,6.68,"Day, Bryan and Roberts",Monthly subscription,Transport
4563,2024-11-05,16.67,Local Taxi,Local Taxi - Electric bill payment,Bills
4564,2024-10-14,76.07,Gas Station,Gas refill,Bills
4565,2025-09-18,1.17,Gas Station,Gas Station - Hotel stay,Travel
4566,2026-08-08,1.13,Turner-Graham,Turner-Graham - Prescription purchase,Health
4567,2023-12-24,62.69,"Thomas, Hanna and Garza","Thomas, Hanna and Garza - Hotel stay",Travel
4568,2025-02-17,39.84,Local High School,Flight booking,Education
4569,2024-07-23,20.53,Netflix Streaming,Netflix Streaming - Course fee,Entertainment
4570,2023-12-09,1.97,Lyft,Lyft - Course fee,Transport
4571,2026-01-25,32.1,Powers and Sons,Prescription purchase,Utilities
4572,2024-06-06,34.42,Uber Eats,Uber Eats - Monthly subscription,Transport
4573,2025-09-03,56.49,Walmart Supercenter,Walmart Supercenter - Monthly subscription,Shopping
4574,2023-09-24,61.89,Starbucks Coffee,Starbucks Coffee - Taxi ride,Bills
4575,2026-02-23,75.91,"Robertson, Richardson and Porter","Robertson, Richardson and Porter - Lunch with friends",Utilities
4576,2024-12-13,2.89,Netflix Streaming,Netflix Streaming - Online purchase,Entertainment
4577,2026-08-13,10.84,Local High School,Local High School - Course fee,Education
4578,2024-04-02,7.65,Electric Company,Electric bill payment,Bills
4579,2026-01-10,19.8,Netflix Streaming,Netflix Streaming - Grocery shopping,Entertainment
4580,2025-03-26,46.84,Flowers-Golden,Online purchase,Shopping
4581,2024-10-15,12.66,Amazon Marketplace,Flight booking,Shopping
4582,2023-09-16,33.25,State University,Lunch with friends,Education
4583,2024-08-17,71.52,Johnson-Higgins,Johnson-Higgins - Prescription purchase,Bills
4584,2024-04-08,97.49,Norris-Perez,Norris-Perez - Gas refill,Bills
4585,2025-12-17,30.32,"Gray, Harvey and Barber",Grocery shopping,Travel
4586,2025-06-13,16.76,City Hospital,City Hospital - Lunch with friends,Others
4587,2024-12-31,9.42,State University,Electric bill payment,Education
4588,2026-03-27,4.17,Willis Inc,Monthly subscription,Health
4589,2024-06-17,15.22,Delta Airlines,Hotel stay,Travel
4590,2024-03-25,80.32,Local Taxi,Local Taxi - Online purchase,Entertainment
4591,2025-07-05,6.6,Delta Airlines,Delta Airlines - Taxi ride,Travel
4592,2023-12-20,9.74,Local Taxi,Gas refill,Bills
4593,2026-06-08,4.51,Corner Grocery,Online purchase,Food
4594,2024-10-17,2.86,Pineda-Jones,Hotel stay,Travel
4595,2025-03-06,64.75,Briggs-Moore,Taxi ride,Food
4596,2024-08-25,87.4,Moore and Sons,Moore and Sons - Electric bill payment,Bills
4597,2026-06-05,54.65,Starbucks Coffee,Starbucks Coffee - Monthly subscription,Entertainment
4598,2026-08-04,20.84,Starbucks Coffee,Starbucks Coffee - Monthly subscription,Shopping
4599,2025-02-28,40.74,Gas Station,Hotel stay,Travel
4600,2024-02-07,16.33,Electric Company,Prescription purchase,Bills
4601,2024-04-02,13.34,Graham Inc,Prescription purchase,Travel
4602,2024-08-27,18.93,Delta Airlines,Delta Airlines - Taxi ride,Travel
4603,2025-07-29,67.53,Cox-Andrews,Electric bill payment,Bills
4604,2024-06-14,36.31,Anderson and Sons,Anderson and Sons - Taxi ride,Travel
4605,2026-08-24,3.15,Hilton Hotels,Monthly subscription,Travel
4606,2025-05-05,12.42,Williams Inc,Gas refill,Bills
4607,2026-01-24,96.97,Morris-Vega,Morris-Vega - Prescription purchase,Travel
4608,2026-08-29,35.09,Local High School,Local High School - Prescription purchase,Education
4609,2024-01-09,3.07,City Hospital,City Hospital - Hotel stay,Travel
4610,2023-10-30,10.76,Coleman Inc,Coleman Inc - Lunch with friends,Education
4611,2026-05-22,27.04,Thompson PLC,Thompson PLC - Lunch with friends,Shopping
4612,2024-06-22,5.12,"Thompson, Smith and Woodward","Thompson, Smith and Woodward - Monthly subscription",Food
4613,2025-07-01,9.34,Mason and Sons,Mason and Sons - Lunch with friends,Utilities
4614,2025-08-13,10.74,Walmart Supercenter,Lunch with friends,Shopping
4615,2026-07-05,33.8,Carpenter Ltd,Online purchase,Others
4616,2025-12-15,94.9,Rivera-Bishop,Electric bill payment,Bills
4617,2026-05-19,35.13,Uber Eats,Electric bill payment,Transport
4618,2024-03-30,37.76,"Roberts, Aguirre and Soto","Roberts, Aguirre and Soto - Gas refill",Bills
4619,2026-03-29,137.23,Robinson-Reed,Hotel stay,Travel
4620,2024-10-24,64.49,Wilson-Fleming,Wilson-Fleming - Monthly subscription,Entertainment
4621,2024-02-12,22.41,CVS Pharmacy,Lunch with friends,Health
4622,2026-03-24,37.29,Local Taxi,Flight booking,Others
4623,2025-10-16,83.95,Starbucks Coffee,Starbucks Coffee - Electric bill payment,Bills
4624,2025-01-27,32.23,Long-Shaw,Long-Shaw - Course fee,Shopping
4625,2025-01-18,3.54,Local High School,Local High School - Gas refill,Education
4626,2023-12-15,113.81,State University,State University - Electric bill payment,Education
4627,2024-09-04,14.1,Local High School,Local High School - Gas refill,Education
4628,2024-09-25,13.42,Young-Barrera,Flight booking,Travel
4629,2023-12-22,1.37,Young-Barnes,Electric bill payment,Bills
4630,2023-11-03,51.9,Lyft,Taxi ride,Transport
4631,2026-07-23,10.13,Uber Eats,Uber Eats - Electric bill payment,Transport
4632,2026-06-12,29.4,Joe's Pizza,Joe's Pizza - Grocery shopping,Food
4633,2025-02-22,25.99,Acosta Ltd,Acosta Ltd - Hotel stay,Travel
4634,2023-09-13,6.67,Ashley Group,Online purchase,Shopping
4635,2023-10-15,7.32,Joe's Pizza,Joe's Pizza - Electric bill payment,Food
4636,2024-12-02,8.32,Uber Eats,Grocery shopping,Transport
4637,2023-10-06,5.17,Watts Ltd,Watts Ltd - Taxi ride,Others
4638,2026-07-20,68.24,Delta Airlines,Delta Airlines - Prescription purchase,Travel
4639,2026-01-12,57.73,Starbucks Coffee,Starbucks Coffee - Online purchase,Transport
4640,2025-12-31,34.5,Wolf PLC,Flight booking,Entertainment
4641,2026-06-24,82.63,Hilton Hotels,Hilton Hotels - Lunch with friends,Travel
4642,2025-02-20,14.14,"Young, Fischer and Nunez","Young, Fischer and Nunez - Online purchase",Transport
4643,2023-10-06,94.17,Glover LLC,Glover LLC - Online purchase,Entertainment
4644,2025-04-10,37.06,"Young, White and Hill",Monthly subscription,Shopping
4645,2026-05-23,127.32,Starbucks Coffee,Course fee,Shopping
4646,2024-01-21,15.25,Thornton-Thomas,Thornton-Thomas - Electric bill payment,Bills
4647,2024-09-23,11.75,Clark Inc,Lunch with friends,Shopping
4648,2025-12-03,4.58,Delta Airlines,Delta Airlines - Prescription purchase,Travel
4649,2025-07-18,8.81,"Wallace, Chavez and Lopez","Wallace, Chavez and Lopez - Flight booking",Shopping
4650,2024-09-30,19.31,"Long, Watson and Edwards","Long, Watson and Edwards - Electric bill payment",Bills
4651,2026-08-11,48.04,Spotify,Spotify - Course fee,Entertainment
4652,2026-02-05,48.28,Mall Outlet,Mall Outlet - Online purchase,Transport
4653,2024-07-11,98.35,Lyft,Gas refill,Transport
4654,2026-01-28,1.5,Harrington-Wood,Online purchase,Utilities
4655,2025-09-05,30.52,Starbucks Coffee,Starbucks Coffee - Lunch with friends,Shopping
4656,2023-11-08,26.8,Woods Inc,Woods Inc - Monthly subscription,Food
4657,2024-02-01,2.3,Hilton Hotels,Electric bill payment,Travel
4658,2025-10-13,48.99,Local Taxi,Local Taxi - Online purchase,Others
4659,2026-01-22,17.52,Smith and Sons,Smith and Sons - Prescription purchase,Health
4660,2024-03-06,16.39,CVS Pharmacy,Gas refill,Health
4661,2026-02-22,67.71,Local Taxi,Taxi ride,Bills
4662,2024-03-30,34.52,State University,State University - Flight booking,Education
4663,2024-04-27,20.19,Walmart Supercenter,Walmart Supercenter - Hotel stay,Travel
4664,2025-12-04,51.65,"Bass, Jackson and Mullen",Grocery shopping,Travel
4665,2025-03-23,1.14,Jones and Sons,Jones and Sons - Prescription purchase,Transport
4666,2024-07-08,28.12,Electric Company,Prescription purchase,Bills
4667,2025-04-20,9.34,Fowler-Shea,Electric bill payment,Bills
4668,2023-11-25,111.9,Hilton Hotels,Hilton Hotels - Online purchase,Travel
4669,2026-03-28,6.11,Waterworks,Electric bill payment,Bills
4670,2025-04-15,53.34,Netflix Streaming,Netflix Streaming - Electric bill payment,Entertainment
4671,2024-05-28,16.97,Nash-Mora,Electric bill payment,Bills
4672,2025-02-11,15.22,Uber Eats,Uber Eats - Course fee,Transport
4673,2023-11-03,30.83,Spotify,Spotify - Monthly subscription,Entertainment
4674,2023-11-29,45.94,Joe's Pizza,Joe's Pizza - Prescription purchase,Food
4675,2025-06-12,10.32,Jones-Ware,Taxi ride,Others
4676,2025-03-15,7.18,Starbucks Coffee,Starbucks Coffee - Flight booking,Bills
4677,2025-02-20,20.46,"Harvey, Brown and Harding",Flight booking,Entertainment
4678,2025-10-28,38.18,Mall Outlet,Course fee,Travel
4679,2026-05-28,133.59,Electric Company,Electric Company - Taxi ride,Bills
4680,2026-06-05,57.38,Mall Outlet,Mall Outlet - Online purchase,Others
4681,2026-07-07,9.44,Local High School,Monthly subscription,Education
4682,2023-12-11,29.89,State University,State University - Online purchase,Education
4683,2026-02-24,15.61,Spotify,Taxi ride,Entertainment
4684,2026-03-26,33.14,Walmart Supercenter,Walmart Supercenter - Lunch with friends,Shopping
4685,2026-08-30,50.7,Uber Eats,Uber Eats - Monthly subscription,Transport
4686,2025-02-24,24.3,Joe's Pizza,Flight booking,Food
4687,2025-04-27,38.82,Gas Station,Gas Station - Monthly subscription,Bills
4688,2023-11-03,33.03,Waterworks,Waterworks - Taxi ride,Bills
4689,2025-06-24,6.11,Rivera-Dominguez,Rivera-Dominguez - Monthly subscription,Shopping
4690,2024-03-26,30.57,Lyft,Lyft - Course fee,Transport
4691,2024-12-27,58.52,Amazon Marketplace,Amazon Marketplace - Gas refill,Shopping
4692,2024-10-19,38.45,Corner Grocery,Corner Grocery - Hotel stay,Travel
4693,2025-01-16,17.72,Schultz-Jones,Schultz-Jones - Online purchase,Shopping
4694,2023-10-19,16.96,"Navarro, Johnson and Bowers","Navarro, Johnson and Bowers - Gas refill",Bills
4695,2025-04-14,91.68,"Acosta, Pacheco and Shaw","Acosta, Pacheco and Shaw - Course fee",Utilities
4696,2024-05-19,1.53,Waterworks,Waterworks - Monthly subscription,Bills
4697,2024-11-01,24.36,"Knight, Johnson and Cooper",Course fee,Shopping
4698,2025-12-05,26.08,Johnson Inc,Monthly subscription,Food
4699,2026-04-13,22.19,City Hospital,City Hospital - Flight booking,Health
4700,2025-01-03,25.22,Lyft,Lyft - Lunch with friends,Transport
4701,2024-02-29,40.01,Corner Grocery,Flight booking,Travel
4702,2026-03-15,22.25,Zimmerman-Brown,Lunch with friends,Food
4703,2025-05-14,38.79,Amazon Marketplace,Course fee,Shopping
4704,2024-04-23,2.71,Harris-Cisneros,Prescription purchase,Others
4705,2024-01-14,24.2,Delta Airlines,Delta Airlines - Lunch with friends,Travel
4706,2024-08-02,2.84,Long Ltd,Long Ltd - Course fee,Shopping
4707,2025-02-26,18.95,Waterworks,Waterworks - Monthly subscription,Bills
4708,2025-03-30,13.21,City Hospital,Flight booking,Food
4709,2024-10-23,24.21,Combs Inc,Course fee,Utilities
4710,2023-11-23,5.78,Starbucks Coffee,Lunch with friends,Shopping
4711,2025-12-12,39.62,Local High School,Local High School - Lunch with friends,Education
4712,2024-09-30,92.42,Schwartz-Carrillo,Prescription purchase,Food
4713,2025-08-27,76.2,Local Taxi,Hotel stay,Travel
4714,2025-09-17,87.43,Garcia-Chapman,Gas refill,Bills
4715,2023-12-01,70.74,Gas Station,Prescription purchase,Bills
4716,2024-01-06,28.33,State University,Taxi ride,Education
4717,2026-07-30,36.12,Jimenez and Sons,Jimenez and Sons - Online purchase,Food
4718,2024-03-14,20.74,Smith-Hudson,Monthly subscription,Shopping
4719,2024-04-09,11.67,Corner Grocery,Corner Grocery - Course fee,Others
4720,2025-06-23,80.23,Waterworks,Gas refill,Bills
4721,2024-05-21,13.2,"Lucas, Sullivan and Smith","Lucas, Sullivan and Smith - Hotel stay",Travel
4722,2026-01-22,74.65,Waterworks,Waterworks - Flight booking,Bills
4723,2026-02-17,136.45,Netflix Streaming,Hotel stay,Travel
4724,2026-07-02,19.72,Netflix Streaming,Netflix Streaming - Flight booking,Entertainment
4725,2023-09-22,16.29,Netflix Streaming,Netflix Streaming - Course fee,Entertainment
4726,2025-08-10,3.6,Electric Company,Electric Company - Hotel stay,Travel
4727,2023-11-21,50.16,Payne Group,Payne Group - Electric bill payment,Bills
4728,2024-06-16,32.86,CVS Pharmacy,CVS Pharmacy - Lunch with friends,Health
4729,2024-06-23,17.88,Spotify,Taxi ride,Entertainment
4730,2026-08-20,40.18,Lyft,Hotel stay,Transport
4731,2026-02-27,53.25,Netflix Streaming,Netflix Streaming - Taxi ride,Entertainment
4732,2026-07-08,114.07,Gas Station,Gas Station - Flight booking,Bills
4733,2025-06-27,4.18,Amazon Marketplace,Amazon Marketplace - Taxi ride,Shopping
4734,2023-12-10,27.75,Gas Station,Gas Station - Course fee,Bills
4735,2026-03-06,20.1,Gas Station,Course fee,Bills
4736,2025-06-08,52.1,Uber Eats,Electric bill payment,Transport
4737,2026-08-27,16.13,Netflix Streaming,Monthly subscription,Entertainment
4738,2024-06-24,18.29,CVS Pharmacy,CVS Pharmacy - Online purchase,Health
4739,2025-07-11,21.33,CVS Pharmacy,CVS Pharmacy - Course fee,Health
4740,2026-06-03,65.71,Gutierrez-Baker,Gutierrez-Baker - Electric bill payment,Bills
4741,2025-06-24,23.31,Mall Outlet,Mall Outlet - Taxi ride,Utilities
4742,2024-11-15,32.82,Mall Outlet,Mall Outlet - Electric bill payment,Bills
4743,2025-09-09,11.41,"Lewis, Smith and Hill","Lewis, Smith and Hill - Hotel stay",Travel
4744,2024-07-23,63.21,Netflix Streaming,Netflix Streaming - Electric bill payment,Entertainment
4745,2024-03-08,26.55,Hardin-Mcdaniel,Flight booking,Utilities
4746,2026-08-01,30.55,"Thomas, Hudson and Carpenter",Grocery shopping,Shopping
4747,2024-04-09,80.36,Uber Eats,Hotel stay,Transport
4748,2024-06-14,2.44,Foster Group,Prescription purchase,Travel
4749,2025-05-06,20.6,Local High School,Local High School - Monthly subscription,Education
4750,2025-07-05,55.42,Mclean and Sons,Hotel stay,Travel
4751,2024-08-23,172.46,Corner Grocery,Corner Grocery - Flight booking,Travel
4752,2025-02-24,60.72,"Jackson, Stone and Taylor","Jackson, Stone and Taylor - Grocery shopping",Entertainment
4753,2026-07-10,36.98,Walmart Supercenter,Walmart Supercenter - Monthly subscription,Shopping
4754,2025-11-04,32.77,Burke-Miles,Burke-Miles - Grocery shopping,Utilities
4755,2023-12-25,107.71,State University,State University - Lunch with friends,Education
4756,2023-12-13,25.16,Joe's Pizza,Flight booking,Food
4757,2026-04-12,72.8,Thompson-Anderson,Monthly subscription,Travel
4758,2025-01-16,2.39,Gas Station,Gas Station - Electric bill payment,Bills
4759,2024-08-01,12.41,Waterworks,Waterworks - Monthly subscription,Bills
4760,2025-08-15,2.43,City Hospital,City Hospital - Electric bill payment,Bills
4761,2025-11-18,18.42,Mall Outlet,Flight booking,Shopping
4762,2025-02-26,2.48,City Hospital,Online purchase,Entertainment
4763,2024-06-14,2.69,Uber Eats,Prescription purchase,Transport
4764,2026-01-01,16.51,Gas Station,Gas Station - Course fee,Bills
4765,2024-05-06,68.06,Waterworks,Prescription purchase,Bills
4766,2023-09-28,4.66,Howard LLC,Prescription purchase,Food
4767,2025-02-16,4.25,Joe's Pizza,Prescription purchase,Food
4768,2025-03-26,18.31,Delta Airlines,Hotel stay,Travel
4769,2024-09-21,14.21,Waterworks,Waterworks - Course fee,Bills
4770,2025-11-14,40.09,Delta Airlines,Delta Airlines - Monthly subscription,Travel
4771,2025-08-29,40.98,CVS Pharmacy,CVS Pharmacy - Taxi ride,Health
4772,2024-07-08,28.33,Amazon Marketplace,Amazon Marketplace - Lunch with friends,Shopping
4773,2024-08-01,109.71,Spotify,Spotify - Electric bill payment,Entertainment
4774,2025-04-07,22.26,Miller Inc,Miller Inc - Online purchase,Travel
4775,2026-03-01,30.93,Corner Grocery,Grocery shopping,Transport
4776,2024-10-19,62.68,"Browning, Drake and Garcia",Gas refill,Bills
4777,2026-03-07,4.7,Starbucks Coffee,Monthly subscription,Shopping
4778,2024-08-09,68.16,Spotify,Prescription purchase,Entertainment
4779,2026-06-14,62.08,Local High School,Local High School - Taxi ride,Education
4780,2026-01-07,141.36,Hilton Hotels,Gas refill,Travel
4781,2024-12-01,29.23,Netflix Streaming,Netflix Streaming - Taxi ride,Entertainment
4782,2026-01-03,14.66,Netflix Streaming,Netflix Streaming - Prescription purchase,Entertainment
4783,2024-01-26,27.8,Spotify,Spotify - Course fee,Entertainment
4784,2023-10-30,4.44,Hilton Hotels,Flight booking,Travel
4785,2025-08-20,31.43,Walmart Supercenter,Walmart Supercenter - Flight booking,Shopping
4786,2024-01-05,17.38,City Hospital,City Hospital - Monthly subscription,Others
4787,2024-08-10,4.65,Rogers-Hill,Rogers-Hill - Flight booking,Shopping
4788,2025-06-04,19.2,Amazon Marketplace,Grocery shopping,Shopping
4789,2026-04-22,11.5,City Hospital,City Hospital - Online purchase,Food
4790,2025-12-23,1.52,Uber Eats,Uber Eats - Taxi ride,Transport
4791,2026-01-05,28.51,Delta Airlines,Lunch with friends,Travel
4792,2025-10-27,28.29,Lyft,Lyft - Flight booking,Transport
4793,2024-06-09,27.55,"Walker, Griffin and Schwartz",Course fee,Others
4794,2024-05-11,28.67,Miller-Nichols,Miller-Nichols - Course fee,Entertainment
4795,2026-07-29,39.57,Electric Company,Gas refill,Bills
4796,2026-01-01,16.45,Johnson-Villarreal,Johnson-Villarreal - Course fee,Bills
4797,2024-03-30,15.12,CVS Pharmacy,CVS Pharmacy - Flight booking,Health
4798,2025-12-03,10.67,"Davis, Massey and Hernandez","Davis, Massey and Hernandez - Lunch with friends",Others
4799,2026-06-01,23.61,Allen Inc,Allen Inc - Electric bill payment,Bills
4800,2026-04-13,9.04,Waterworks,Online purchase,Bills
4801,2026-01-24,4.34,Delta Airlines,Delta Airlines - Gas refill,Travel
4802,2026-04-06,54.61,Underwood-Ramirez,Underwood-Ramirez - Electric bill payment,Bills
4803,2025-06-20,31.34,Netflix Streaming,Netflix Streaming - Hotel stay,Travel
4804,2024-09-10,17.12,Starbucks Coffee,Electric bill payment,Bills
4805,2024-06-07,39.07,Blanchard-Stevens,Blanchard-Stevens - Flight booking,Others
4806,2023-10-28,14.53,Joe's Pizza,Joe's Pizza - Monthly subscription,Food
4807,2024-07-27,3.57,Joe's Pizza,Joe's Pizza - Flight booking,Food
4808,2025-07-19,16.03,Starbucks Coffee,Starbucks Coffee - Online purchase,Shopping
4809,2024-01-12,64.91,Mcgrath-Moore,Course fee,Others
4810,2024-01-24,1.7,Stewart and Sons,Taxi ride,Shopping
4811,2024-05-15,3.08,State University,Lunch with friends,Education
4812,2024-10-15,3.14,Local High School,Local High School - Hotel stay,Travel
4813,2024-01-30,15.49,Wilson and Sons,Course fee,Shopping
4814,2024-04-01,9.16,Electric Company,Electric Company - Flight booking,Bills
4815,2024-11-14,5.94,Walmart Supercenter,Online purchase,Shopping
4816,2024-03-26,8.26,Local High School,Gas refill,Education
4817,2026-01-07,25.02,Netflix Streaming,Netflix Streaming - Taxi ride,Entertainment
4818,2026-03-07,51.89,Electric Company,Electric Company - Gas refill,Bills
4819,2024-11-03,8.76,Spotify,Spotify - Online purchase,Entertainment
4820,2023-12-06,9.62,City Hospital,Lunch with friends,Utilities
4821,2026-03-25,14.12,Spotify,Hotel stay,Travel
4822,2024-01-01,18.62,Amazon Marketplace,Prescription purchase,Shopping
4823,2023-11-06,10.65,City Hospital,City Hospital - Flight booking,Shopping
4824,2024-10-20,117.25,"Moreno, Miles and Leblanc","Moreno, Miles and Leblanc - Lunch with friends",Utilities
4825,2026-01-09,50.46,"Sparks, Brown and Henderson",Course fee,Bills
4826,2024-12-18,9.75,City Hospital,City Hospital - Gas refill,Bills
4827,2024-04-04,9.99,Local High School,Prescription purchase,Education
4828,2025-01-05,62.64,City Hospital,City Hospital - Prescription purchase,Transport
4829,2026-04-03,13.16,Lyft,Lyft - Lunch with friends,Transport
4830,2026-01-10,101.75,Netflix Streaming,Gas refill,Entertainment
4831,2025-06-01,21.75,Hart LLC,Grocery shopping,Shopping
4832,2025-09-18,33.54,Mall Outlet,Mall Outlet - Online purchase,Travel
4833,2025-03-30,47.3,Joe's Pizza,Online purchase,Food
4834,2025-05-06,15.66,Local Taxi,Online purchase,Travel
4835,2025-03-18,1.31,Local High School,Local High School - Lunch with friends,Education
4836,2025-03-19,30.0,Gas Station,Taxi ride,Bills
4837,2024-06-22,44.05,Gould PLC,Gould PLC - Prescription purchase,Bills
4838,2024-11-21,16.02,Spotify,Hotel stay,Travel
4839,2024-06-30,11.31,Waterworks,Waterworks - Monthly subscription,Bills
4840,2024-04-28,92.67,Murray-Mendoza,Murray-Mendoza - Monthly subscription,Food
4841,2024-09-12,78.43,Delta Airlines,Flight booking,Travel
4842,2025-10-07,54.88,"Rivera, Walker and Morales","Rivera, Walker and Morales - Taxi ride",Travel
4843,2026-08-29,1.15,Uber Eats,Taxi ride,Transport
4844,2024-07-13,10.28,Hilton Hotels,Hilton Hotels - Lunch with friends,Travel
4845,2025-07-07,11.37,Walmart Supercenter,Walmart Supercenter - Electric bill payment,Shopping
4846,2024-02-21,61.51,Gas Station,Online purchase,Bills
4847,2025-10-23,16.95,Uber Eats,Uber Eats - Course fee,Transport
4848,2023-12-25,11.11,Sanchez-Jefferson,Sanchez-Jefferson - Hotel stay,Travel
4849,2025-07-20,47.03,Gas Station,Gas Station - Taxi ride,Bills
4850,2023-10-25,107.57,Delta Airlines,Course fee,Travel
4851,2023-11-01,26.3,CVS Pharmacy,CVS Pharmacy - Course fee,Health
4852,2024-08-17,15.73,City Hospital,City Hospital - Online purchase,Shopping
4853,2026-07-02,5.97,Perez-Romero,Perez-Romero - Prescription purchase,Others
4854,2024-08-15,46.55,Joe's Pizza,Joe's Pizza - Monthly subscription,Food
4855,2024-03-14,51.92,Netflix Streaming,Netflix Streaming - Grocery shopping,Entertainment
4856,2026-05-19,137.79,Hilton Hotels,Hilton Hotels - Flight booking,Travel
4857,2024-06-16,29.71,Corner Grocery,Corner Grocery - Taxi ride,Bills
4858,2025-03-22,40.72,Local Taxi,Local Taxi - Hotel stay,Travel
4859,2024-07-16,23.09,Walmart Supercenter,Walmart Supercenter - Course fee,Shopping
4860,2024-04-17,7.72,Cruz-Anderson,Grocery shopping,Travel
4861,2025-11-06,10.55,Local High School,Local High School - Monthly subscription,Education
4862,2025-07-04,3.2,Lyft,Lyft - Hotel stay,Transport
4863,2025-02-25,20.64,Pollard Group,Pollard Group - Taxi ride,Bills
4864,2024-12-30,7.12,Johnson PLC,Johnson PLC - Lunch with friends,Utilities
4865,2025-08-29,4.72,Electric Company,Electric Company - Gas refill,Bills
4866,2026-07-07,1.72,Delta Airlines,Electric bill payment,Travel
4867,2025-08-25,3.95,Waterworks,Waterworks - Taxi ride,Bills
4868,2025-10-15,40.86,Local High School,Local High School - Grocery shopping,Education
4869,2026-06-06,83.09,Hilton Hotels,Prescription purchase,Travel
4870,2025-08-26,87.29,Rangel-Reyes,Lunch with friends,Food
4871,2025-04-15,17.72,Starbucks Coffee,Course fee,Travel
4872,2025-09-08,26.68,Lyft,Prescription purchase,Transport
4873,2023-12-10,15.64,City Hospital,City Hospital - Flight booking,Entertainment
4874,2026-08-03,1.05,Local High School,Local High School - Electric bill payment,Education
4875,2024-12-16,42.24,Delta Airlines,Prescription purchase,Travel
4876,2025-08-03,34.25,Spotify,Monthly subscription,Entertainment
4877,2024-10-27,6.66,Delta Airlines,Delta Airlines - Prescription purchase,Travel
4878,2024-08-27,67.3,Castro-Page,Castro-Page - Course fee,Shopping
4879,2023-10-22,45.29,Local High School,Course fee,Education
4880,2024-12-02,27.32,Ingram Ltd,Ingram Ltd - Hotel stay,Travel
4881,2026-01-08,61.02,Christian Ltd,Course fee,Others
4882,2023-09-13,7.37,Lyft,Lyft - Taxi ride,Transport
4883,2024-06-26,41.03,Stuart-Jones,Flight booking,Shopping
4884,2025-04-11,62.41,Williams-Perkins,Williams-Perkins - Prescription purchase,Bills
4885,2026-01-13,58.14,Netflix Streaming,Netflix Streaming - Online purchase,Entertainment
4886,2026-01-02,8.01,Amazon Marketplace,Lunch with friends,Shopping
4887,2023-10-03,17.86,Hilton Hotels,Hilton Hotels - Gas refill,Travel
4888,2025-03-05,42.66,CVS Pharmacy,Online purchase,Health
4889,2024-02-16,24.88,Netflix Streaming,Netflix Streaming - Grocery shopping,Entertainment
4890,2023-10-12,15.45,Netflix Streaming,Netflix Streaming - Course fee,Entertainment
4891,2024-05-18,24.2,Hilton Hotels,Hilton Hotels - Flight booking,Travel
4892,2026-03-04,8.26,Mall Outlet,Mall Outlet - Online purchase,Others
4893,2026-04-13,61.8,Local High School,Electric bill payment,Education
4894,2026-06-18,38.78,Bailey LLC,Bailey LLC - Monthly subscription,Others
4895,2023-10-21,40.05,Gas Station,Gas Station - Course fee,Bills
4896,2023-11-15,79.5,"Foley, Oconnor and Larsen","Foley, Oconnor and Larsen - Course fee",Entertainment
4897,2025-12-26,2.12,Hilton Hotels,Hilton Hotels - Taxi ride,Travel
4898,2024-04-10,20.55,State University,Taxi ride,Education
4899,2024-08-20,9.88,Keith-Sutton,Keith-Sutton - Online purchase,Bills
4900,2023-10-05,94.04,Joe's Pizza,Course fee,Food
4901,2025-07-11,13.99,Martin-Powers,Taxi ride,Food
4902,2026-04-18,17.5,Local High School,Electric bill payment,Education
4903,2023-10-28,133.64,Davis Inc,Davis Inc - Monthly subscription,Utilities
4904,2026-07-06,50.18,Uber Eats,Uber Eats - Lunch with friends,Transport
4905,2025-04-30,48.56,Corner Grocery,Corner Grocery - Online purchase,Travel
4906,2025-06-09,9.32,Starbucks Coffee,Electric bill payment,Bills
4907,2024-01-06,47.89,Waterworks,Lunch with friends,Bills
4908,2025-08-08,39.01,Joe's Pizza,Flight booking,Food
4909,2025-08-29,4.53,Local High School,Local High School - Electric bill payment,Education
4910,2023-11-17,44.27,"Dean, Webb and Shields",Taxi ride,Transport
4911,2024-01-22,12.87,Allen LLC,Flight booking,Shopping
4912,2024-02-07,30.78,Conway Group,Taxi ride,Shopping
4913,2025-09-21,1.55,Spotify,Spotify - Online purchase,Entertainment
4914,2025-05-15,3.56,Spotify,Course fee,Entertainment
4915,2023-11-11,25.39,"Ward, Riley and Hill",Electric bill payment,Bills
4916,2025-10-04,26.11,"Vasquez, Brown and Baker","Vasquez, Brown and Baker - Prescription purchase",Transport
4917,2025-06-16,49.38,Cruz Group,Cruz Group - Course fee,Shopping
4918,2026-03-07,51.74,Electric Company,Electric Company - Flight booking,Bills
4919,2025-07-06,41.57,"Rodriguez, Beck and Blake","Rodriguez, Beck and Blake - Course fee",Transport
4920,2026-03-15,27.73,Vaughn-Hurley,Vaughn-Hurley - Electric bill payment,Bills
4921,2024-05-23,54.94,Netflix Streaming,Netflix Streaming - Monthly subscription,Entertainment
4922,2025-10-08,18.94,Mall Outlet,Mall Outlet - Flight booking,Shopping
4923,2025-03-01,77.39,"Conway, Herman and Meyer",Monthly subscription,Education
4924,2024-03-01,3.82,Starbucks Coffee,Starbucks Coffee - Taxi ride,Transport
4925,2025-08-22,11.08,Local High School,Local High School - Course fee,Education
4926,2026-03-25,51.95,Noble Ltd,Prescription purchase,Food
4927,2025-08-27,5.76,Gas Station,Monthly subscription,Bills
4928,2024-12-09,49.51,Hilton Hotels,Hilton Hotels - Grocery shopping,Travel
4929,2024-02-06,2.66,State University,State University - Hotel stay,Travel
4930,2023-10-03,156.54,Gas Station,Flight booking,Bills
4931,2025-03-09,6.82,Netflix Streaming,Netflix Streaming - Online purchase,Entertainment
4932,2026-07-24,40.47,Joe's Pizza,Joe's Pizza - Electric bill payment,Food
4933,2024-06-22,13.72,Delta Airlines,Grocery shopping,Travel
4934,2024-10-18,48.28,Davis-Stewart,Davis-Stewart - Taxi ride,Utilities
4935,2026-08-26,25.77,Joe's Pizza,Joe's Pizza - Gas refill,Food
4936,2024-04-29,45.14,Starbucks Coffee,Starbucks Coffee - Monthly subscription,Bills
4937,2025-12-30,59.46,CVS Pharmacy,CVS Pharmacy - Gas refill,Health
4938,2025-11-05,45.83,"Mccarthy, Davis and Armstrong","Mccarthy, Davis and Armstrong - Monthly subscription",Shopping
4939,2026-01-28,18.78,Walmart Supercenter,Gas refill,Shopping
4940,2025-06-16,23.58,City Hospital,City Hospital - Taxi ride,Entertainment
4941,2024-04-12,46.24,Mall Outlet,Online purchase,Shopping
4942,2024-09-22,1.93,Walker-Scott,Monthly subscription,Utilities
4943,2024-12-30,4.74,Local High School,Local High School - Electric bill payment,Education
4944,2024-12-22,6.07,CVS Pharmacy,Flight booking,Health
4945,2024-05-23,20.39,State University,State University - Grocery shopping,Education
4946,2025-07-08,12.69,Delta Airlines,Lunch with friends,Travel
4947,2025-04-04,2.7,Netflix Streaming,Netflix Streaming - Electric bill payment,Entertainment
4948,2023-09-06,4.28,Amazon Marketplace,Amazon Marketplace - Taxi ride,Shopping
4949,2023-09-15,72.25,Local High School,Course fee,Education
4950,2024-07-16,31.31,Hall-Johnson,Hotel stay,Travel
4951,2024-08-19,56.6,Spotify,Spotify - Lunch with friends,Entertainment
4952,2026-04-07,32.02,"Johnson, Parks and Hardin","Johnson, Parks and Hardin - Flight booking",Shopping
4953,2025-11-22,22.44,"Lawrence, Johnson and Snow",Course fee,Travel
4954,2025-06-28,19.13,Schmidt-Wells,Schmidt-Wells - Gas refill,Bills
4955,2023-12-18,75.36,Starbucks Coffee,Starbucks Coffee - Gas refill,Bills
4956,2026-03-28,12.44,Joe's Pizza,Joe's Pizza - Prescription purchase,Food
4957,2024-12-17,13.12,Gas Station,Monthly subscription,Bills
4958,2024-11-25,24.99,Waterworks,Waterworks - Grocery shopping,Bills
4959,2024-05-29,30.15,Brennan PLC,Course fee,Shopping
4960,2024-07-21,8.79,State University,State University - Lunch with friends,Education
4961,2025-06-05,40.74,CVS Pharmacy,Monthly subscription,Health
4962,2025-10-28,61.68,CVS Pharmacy,CVS Pharmacy - Electric bill payment,Health
4963,2024-09-30,75.18,Waterworks,Grocery shopping,Bills
4964,2024-09-28,2.04,Joe's Pizza,Online purchase,Food
4965,2025-02-23,3.99,"Goodman, Johnson and Burton","Goodman, Johnson and Burton - Taxi ride",Food
4966,2025-11-15,26.28,Hunt-Abbott,Hunt-Abbott - Flight booking,Travel
4967,2025-01-10,4.89,Martinez Ltd,Martinez Ltd - Monthly subscription,Health
4968,2024-09-23,1.39,Mall Outlet,Lunch with friends,Health
4969,2023-11-21,6.21,"Larson, Jordan and King","Larson, Jordan and King - Gas refill",Bills
4970,2024-05-25,85.49,Gas Station,Prescription purchase,Bills
4971,2025-05-04,33.94,Uber Eats,Uber Eats - Flight booking,Transport
4972,2023-09-26,42.08,Starbucks Coffee,Taxi ride,Transport
4973,2026-06-25,3.47,"Moore, Stone and Snow",Prescription purchase,Shopping
4974,2026-01-22,6.18,Waterworks,Waterworks - Lunch with friends,Bills
4975,2024-05-19,21.19,Local Taxi,Local Taxi - Grocery shopping,Food
4976,2024-08-27,14.47,"Mccarthy, Lee and Ward","Mccarthy, Lee and Ward - Flight booking",Transport
4977,2026-06-08,19.33,Young-Simmons,Electric bill payment,Bills
4978,2023-10-09,20.91,Netflix Streaming,Grocery shopping,Entertainment
4979,2025-10-19,8.72,City Hospital,Gas refill,Bills
4980,2025-02-26,54.56,Booker-Olson,Monthly subscription,Others
4981,2025-07-23,25.34,State University,Electric bill payment,Education
4982,2023-12-08,41.78,Walmart Supercenter,Course fee,Shopping
4983,2024-01-27,1.28,CVS Pharmacy,Lunch with friends,Health
4984,2026-07-02,9.1,Starbucks Coffee,Grocery shopping,Entertainment
4985,2025-02-04,18.0,Rogers-Townsend,Rogers-Townsend - Taxi ride,Travel
4986,2024-01-28,15.11,State University,Hotel stay,Travel
4987,2026-07-28,10.35,Corner Grocery,Hotel stay,Travel
4988,2023-09-25,29.3,"Fuller, Johnson and Young","Fuller, Johnson and Young - Online purchase",Travel
4989,2026-08-04,35.32,Netflix Streaming,Electric bill payment,Entertainment
4990,2023-11-15,20.4,Delta Airlines,Delta Airlines - Online purchase,Travel
4991,2024-06-19,11.2,City Hospital,Grocery shopping,Shopping
4992,2024-12-11,6.87,Gas Station,Gas Station - Lunch with friends,Bills
4993,2025-10-23,18.93,Delta Airlines,Delta Airlines - Monthly subscription,Travel
4994,2024-04-22,20.51,Uber Eats,Uber Eats - Gas refill,Transport
4995,2024-11-12,17.68,Walmart Supercenter,Lunch with friends,Shopping
4996,2026-07-10,5.2,CVS Pharmacy,Flight booking,Health
4997,2024-12-04,28.77,Uber Eats,Grocery shopping,Transport
4998,2026-06-04,21.24,Hanna-Roberts,Hanna-Roberts - Taxi ride,Bills
4999,2026-07-03,9.75,Joe's Pizza,Online purchase,Food
5000,2024-04-29,5.84,City Hospital,Lunch with friends,Education
5001,2024-05-30,27.56,Rodriguez-Garcia,Rodriguez-Garcia - Lunch with friends,Utilities
5002,2026-08-12,7.53,"Blake, Allen and Jones","Blake, Allen and Jones - Electric bill payment",Bills
5003,2025-09-09,40.38,"Bailey, Schaefer and Duke","Bailey, Schaefer and Duke - Course fee",Transport
5004,2025-04-10,15.09,Electric Company,Gas refill,Bills
5005,2024-05-16,16.91,"Valdez, Parsons and Guzman","Valdez, Parsons and Guzman - Lunch with friends",Bills
5006,2024-01-19,5.0,Gallagher LLC,Gallagher LLC - Monthly subscription,Travel
5007,2023-12-29,19.1,State University,State University - Taxi ride,Education
5008,2025-10-06,30.4,Starbucks Coffee,Grocery shopping,Food
5009,2026-07-31,11.52,"Franco, Mccall and Sutton","Franco, Mccall and Sutton - Electric bill payment",Bills
5010,2024-05-18,16.61,Uber Eats,Taxi ride,Transport
5011,2025-12-08,20.74,Rivera-Sullivan,Prescription purchase,Travel
5012,2025-04-24,17.28,Powell-Davis,Powell-Davis - Monthly subscription,Transport
5013,2024-07-12,11.13,Amazon Marketplace,Hotel stay,Travel
5014,2024-03-04,10.28,Waterworks,Flight booking,Bills
5015,2023-12-27,9.53,Lyft,Prescription purchase,Transport
5016,2026-05-05,11.3,State University,Course fee,Education
5017,2026-03-24,145.98,Hilton Hotels,Hilton Hotels - Monthly subscription,Travel
5018,2026-02-01,15.89,Joe's Pizza,Joe's Pizza - Flight booking,Food
5019,2025-04-12,23.53,Starbucks Coffee,Starbucks Coffee - Prescription purchase,Transport
5020,2024-08-06,52.98,Walmart Supercenter,Walmart Supercenter - Lunch with friends,Shopping
5021,2026-03-27,32.18,Nelson-Watkins,Nelson-Watkins - Gas refill,Bills
5022,2023-09-04,2.16,Uber Eats,Online purchase,Transport
5023,2025-01-06,27.37,Local Taxi,Local Taxi - Online purchase,Travel
5024,2024-12-16,19.27,White Group,Flight booking,Food
5025,2026-05-25,15.72,Hilton Hotels,Hilton Hotels - Online purchase,Travel
5026,2023-10-18,1.72,Joe's Pizza,Joe's Pizza - Lunch with friends,Food
5027,2024-01-19,31.43,Lyft,Lyft - Taxi ride,Transport
5028,2025-10-06,18.39,English Ltd,English Ltd - Grocery shopping,Health
5029,2025-07-20,51.9,Lewis PLC,Lewis PLC - Lunch with friends,Shopping
5030,2026-01-24,8.01,Starbucks Coffee,Course fee,Health
5031,2024-06-27,15.39,Walmart Supercenter,Walmart Supercenter - Taxi ride,Shopping
5032,2026-05-14,3.74,Local Taxi,Course fee,Transport
5033,2023-11-28,18.85,Uber Eats,Electric bill payment,Transport
5034,2026-05-19,32.52,Lyft,Lyft - Lunch with friends,Transport
5035,2024-12-11,63.55,Starbucks Coffee,Starbucks Coffee - Grocery shopping,Shopping
5036,2024-10-06,7.65,Local High School,Prescription purchase,Education
5037,2025-07-19,2.6,"Morgan, Wright and Wolfe","Morgan, Wright and Wolfe - Grocery shopping",Utilities
5038,2024-03-24,99.34,Gas Station,Gas Station - Gas refill,Bills
5039,2024-07-25,22.76,Farley-Watson,Farley-Watson - Course fee,Entertainment
5040,2024-02-12,61.33,Raymond and Sons,Raymond and Sons - Flight booking,Transport
5041,2025-12-30,25.64,"Lee, Walker and Adams","Lee, Walker and Adams - Online purchase",Food
5042,2024-01-22,69.64,CVS Pharmacy,Taxi ride,Health
5043,2023-12-29,14.57,Netflix Streaming,Netflix Streaming - Electric bill payment,Entertainment
5044,2023-09-19,6.81,Foley and Sons,Monthly subscription,Utilities
5045,2024-10-20,28.98,Local High School,Local High School - Gas refill,Education
5046,2023-10-19,39.75,"Thompson, Gay and Parsons","Thompson, Gay and Parsons - Prescription purchase",Utilities
5047,2024-03-05,27.29,Rubio Inc,Rubio Inc - Monthly subscription,Food
5048,2024-09-19,28.38,Local High School,Local High School - Grocery shopping,Education
5049,2026-02-24,12.93,Spotify,Spotify - Flight booking,Entertainment
5050,2026-04-08,8.72,Joe's Pizza,Gas refill,Food
5051,2025-03-21,71.24,Local Taxi,Online purchase,Travel
5052,2024-03-20,43.59,Huffman Inc,Lunch with friends,Bills
5053,2025-03-10,24.36,Young and Sons,Lunch with friends,Food
5054,2024-06-07,5.2,Waterworks,Waterworks - Gas refill,Bills
5055,2023-10-11,7.13,Electric Company,Electric Company - Taxi ride,Bills
5056,2024-05-03,10.72,"Charles, Carlson and Leach","Charles, Carlson and Leach - Course fee",Entertainment
5057,2024-02-28,5.72,Amazon Marketplace,Amazon Marketplace - Lunch with friends,Shopping
5058,2024-03-22,7.77,Gas Station,Online purchase,Bills
5059,2026-03-05,48.13,Delta Airlines,Hotel stay,Travel
5060,2026-07-24,77.07,Walmart Supercenter,Electric bill payment,Shopping
5061,2023-10-05,40.14,Hilton Hotels,Hotel stay,Travel
5062,2025-05-26,7.37,Hilton Hotels,Gas refill,Travel
5063,2024-11-24,21.96,Local Taxi,Online purchase,Shopping
5064,2024-01-02,45.8,"Green, Leonard and Porter",Electric bill payment,Bills
5065,2026-03-11,31.94,Foster-Moore,Foster-Moore - Gas refill,Bills
5066,2024-07-24,56.08,Corner Grocery,Corner Grocery - Taxi ride,Shopping
5067,2023-11-13,26.35,Miller Ltd,Gas refill,Bills
5068,2024-08-24,26.89,Local Taxi,Electric bill payment,Bills
5069,2024-12-17,50.09,Case-Brown,Taxi ride,Bills
5070,2024-04-18,13.39,Amazon Marketplace,Amazon Marketplace - Gas refill,Shopping
5071,2024-05-14,48.57,City Hospital,City Hospital - Grocery shopping,Travel
5072,2025-12-19,57.25,Reeves Group,Reeves Group - Flight booking,Transport
5073,2023-10-20,89.69,"Thornton, Jackson and Fisher",Taxi ride,Health
5074,2024-03-26,14.94,Lyft,Lyft - Hotel stay,Transport
5075,2024-06-06,18.5,Uber Eats,Uber Eats - Flight booking,Transport
5076,2024-08-16,2.86,Mall Outlet,Mall Outlet - Online purchase,Food
5077,2023-11-20,11.32,Lyft,Lyft - Monthly subscription,Transport
5078,2024-02-01,20.11,Corner Grocery,Corner Grocery - Electric bill payment,Bills
5079,2026-07-06,22.83,Joe's Pizza,Joe's Pizza - Electric bill payment,Food
5080,2024-02-13,33.53,Uber Eats,Flight booking,Transport
5081,2024-01-24,28.97,City Hospital,Hotel stay,Travel
5082,2026-05-23,83.7,"Ray, Norton and Conner",Grocery shopping,Transport
5083,2024-05-27,110.67,Waterworks,Lunch with friends,Bills
5084,2024-06-10,43.15,Hilton Hotels,Hilton Hotels - Lunch with friends,Travel
5085,2025-02-14,14.8,Lyft,Lyft - Lunch with friends,Transport
5086,2024-11-28,13.59,Uber Eats,Uber Eats - Gas refill,Transport
5087,2024-02-12,35.56,Gas Station,Electric bill payment,Bills
5088,2024-06-16,52.31,Local High School,Course fee,Education
5089,2024-10-19,5.25,Harris-Cannon,Harris-Cannon - Lunch with friends,Shopping
5090,2025-01-01,13.68,Local High School,Local High School - Taxi ride,Education
5091,2025-11-10,53.42,Starbucks Coffee,Lunch with friends,Shopping
5092,2026-06-08,22.73,Uber Eats,Lunch with friends,Transport
5093,2024-10-07,5.91,Local High School,Local High School - Prescription purchase,Education
5094,2026-06-28,77.68,State University,Gas refill,Education
5095,2023-09-24,71.96,Walmart Supercenter,Grocery shopping,Shopping
5096,2024-04-24,59.79,Netflix Streaming,Gas refill,Entertainment
5097,2026-01-15,30.64,"Burke, Cantrell and Hill","Burke, Cantrell and Hill - Prescription purchase",Shopping
5098,2026-01-26,26.6,Spotify,Spotify - Hotel stay,Travel
5099,2025-09-26,5.48,Corner Grocery,Gas refill,Bills
5100,2025-03-25,15.24,Spotify,Spotify - Online purchase,Entertainment
5101,2025-09-12,48.24,Meyers Inc,Gas refill,Bills
5102,2024-02-14,16.24,CVS Pharmacy,Grocery shopping,Health
5103,2024-10-05,30.71,City Hospital,City Hospital - Gas refill,Bills
5104,2024-02-03,3.19,Corner Grocery,Corner Grocery - Online purchase,Shopping
5105,2025-11-26,32.75,Gas Station,Lunch with friends,Bills
5106,2025-06-14,13.98,Reeves LLC,Grocery shopping,Transport
5107,2024-01-31,9.68,Gonzalez-King,Gas refill,Bills
5108,2024-09-07,22.84,"Day, Bartlett and Craig","Day, Bartlett and Craig - Monthly subscription",Shopping
5109,2026-01-16,6.75,"Mack, Miller and Hammond",Grocery shopping,Transport
5110,2024-11-25,108.36,Juarez Inc,Juarez Inc - Monthly subscription,Entertainment
5111,2023-10-20,4.77,CVS Pharmacy,Taxi ride,Health
5112,2025-09-10,62.65,Gas Station,Gas Station - Lunch with friends,Bills
5113,2024-02-01,10.84,Netflix Streaming,Hotel stay,Travel
5114,2024-03-09,50.66,Local High School,Local High School - Flight booking,Education
5115,2026-08-13,7.37,Spotify,Spotify - Grocery shopping,Entertainment
5116,2024-04-27,8.3,Electric Company,Electric Company - Monthly subscription,Bills
5117,2025-05-24,20.19,Corner Grocery,Corner Grocery - Online purchase,Others
5118,2026-03-18,133.09,Joe's Pizza,Joe's Pizza - Taxi ride,Food
5119,2025-02-05,41.53,"Daniels, Sawyer and Sharp",Lunch with friends,Shopping
5120,2025-04-07,13.7,Amazon Marketplace,Amazon Marketplace - Hotel stay,Travel
5121,2024-09-19,1.36,Amazon Marketplace,Lunch with friends,Shopping
5122,2025-01-14,6.44,Delta Airlines,Delta Airlines - Flight booking,Travel
5123,2024-07-05,14.73,Starbucks Coffee,Starbucks Coffee - Hotel stay,Travel
5124,2024-02-20,2.22,Cowan-Medina,Electric bill payment,Bills
5125,2023-12-21,1.54,Netflix Streaming,Monthly subscription,Entertainment
5126,2025-12-18,5.57,Dickson-Freeman,Dickson-Freeman - Hotel stay,Travel
5127,2023-11-03,44.51,Netflix Streaming,Netflix Streaming - Prescription purchase,Entertainment
5128,2024-08-21,13.79,"Bell, Harris and Wilkinson","Bell, Harris and Wilkinson - Hotel stay",Travel
5129,2025-08-08,24.39,Delta Airlines,Delta Airlines - Electric bill payment,Travel
5130,2026-05-09,51.55,Joe's Pizza,Joe's Pizza - Monthly subscription,Food
5131,2024-11-13,23.61,Uber Eats,Uber Eats - Grocery shopping,Transport
5132,2024-05-15,14.32,Local High School,Local High School - Prescription purchase,Education
5133,2026-05-03,14.74,"Camacho, Sanchez and Johnson","Camacho, Sanchez and Johnson - Electric bill payment",Bills
5134,2024-09-02,1.28,Corner Grocery,Corner Grocery - Grocery shopping,Shopping
5135,2026-01-29,12.73,CVS Pharmacy,Grocery shopping,Health
5136,2024-12-02,28.45,Amazon Marketplace,Course fee,Shopping
5137,2024-01-21,42.48,Bell-Brown,Gas refill,Bills
5138,2025-04-05,104.22,Netflix Streaming,Lunch with friends,Entertainment
5139,2025-07-06,57.62,Joseph-Werner,Joseph-Werner - Course fee,Others
5140,2025-06-06,18.97,Morris-Young,Grocery shopping,Travel
5141,2024-06-15,13.37,Uber Eats,Taxi ride,Transport
5142,2024-08-28,50.84,Local High School,Prescription purchase,Education
5143,2025-07-10,56.29,Hurley and Sons,Hurley and Sons - Gas refill,Bills
5144,2025-04-13,26.01,Starbucks Coffee,Electric bill payment,Bills
5145,2026-05-16,21.36,Local Taxi,Monthly subscription,Food
5146,2025-11-04,8.39,City Hospital,City Hospital - Prescription purchase,Shopping
5147,2024-08-18,27.89,CVS Pharmacy,Flight booking,Health
5148,2025-08-26,32.93,Cohen-Jordan,Course fee,Utilities
5149,2026-06-19,25.36,State University,State University - Online purchase,Education
5150,2024-06-29,1.26,Waterworks,Waterworks - Online purchase,Bills
5151,2025-10-03,12.92,Rivera-Reid,Lunch with friends,Food
5152,2025-12-10,62.62,Spotify,Course fee,Entertainment
5153,2024-09-28,33.03,Mall Outlet,Mall Outlet - Grocery shopping,Travel
5154,2024-03-11,53.23,Uber Eats,Hotel stay,Transport
5155,2026-08-13,5.86,Local Taxi,Monthly subscription,Shopping
5156,2025-08-30,7.81,Amazon Marketplace,Lunch with friends,Shopping
5157,2026-04-18,6.01,"Robinson, Barnett and Williams","Robinson, Barnett and Williams - Gas refill",Bills
5158,2025-08-09,81.44,"Cooley, Gonzalez and Rice","Cooley, Gonzalez and Rice - Prescription purchase",Entertainment
5159,2023-09-09,60.15,Parrish-Miller,Electric bill payment,Bills
5160,2023-09-15,30.87,Corner Grocery,Corner Grocery - Flight booking,Travel
5161,2025-01-07,14.49,Delta Airlines,Delta Airlines - Course fee,Travel
5162,2024-05-31,28.67,Uber Eats,Uber Eats - Hotel stay,Transport
5163,2025-12-22,17.94,Hilton Hotels,Hilton Hotels - Online purchase,Travel
5164,2026-07-02,4.41,Skinner-Franklin,Prescription purchase,Health
5165,2026-02-09,24.76,Stevenson-Maynard,Hotel stay,Travel
5166,2024-06-06,25.59,"Duran, Kelly and Aguilar","Duran, Kelly and Aguilar - Prescription purchase",Health
5167,2026-04-27,6.68,Local High School,Course fee,Education
5168,2026-08-20,101.93,"Jones, Powell and Jimenez","Jones, Powell and Jimenez - Taxi ride",Transport
5169,2025-10-21,124.58,Amazon Marketplace,Amazon Marketplace - Lunch with friends,Shopping
5170,2024-08-08,20.45,Delta Airlines,Delta Airlines - Hotel stay,Travel
5171,2024-01-30,88.64,Cook PLC,Lunch with friends,Utilities
5172,2024-07-02,70.71,Ingram-Moore,Ingram-Moore - Monthly subscription,Food
5173,2026-02-28,31.21,Amazon Marketplace,Prescription purchase,Shopping
5174,2023-12-07,3.85,Thomas Ltd,Course fee,Others
5175,2026-05-04,65.0,Hilton Hotels,Hilton Hotels - Lunch with friends,Travel
5176,2024-09-26,37.54,Lyft,Gas refill,Transport
5177,2024-12-05,34.39,Local Taxi,Lunch with friends,Others
5178,2023-11-07,18.69,"Torres, King and Stevens",Monthly subscription,Food
5179,2025-02-12,28.38,Saunders Group,Monthly subscription,Utilities
5180,2025-06-14,2.98,Local High School,Local High School - Lunch with friends,Education
5181,2023-09-12,51.92,Uber Eats,Gas refill,Transport
5182,2025-10-04,23.75,Hilton Hotels,Monthly subscription,Travel
5183,2023-11-16,23.51,Waterworks,Waterworks - Lunch with friends,Bills
5184,2023-12-21,44.22,Meadows and Sons,Meadows and Sons - Lunch with friends,Bills
5185,2025-03-27,31.87,Local Taxi,Taxi ride,Entertainment
5186,2025-06-23,108.55,Local High School,Prescription purchase,Education
5187,2024-07-03,77.82,Mccoy Inc,Mccoy Inc - Online purchase,Bills
5188,2026-07-29,68.81,Scott and Sons,Grocery shopping,Food
5189,2023-09-03,9.8,Gas Station,Gas Station - Monthly subscription,Bills
5190,2025-10-28,90.02,Gas Station,Grocery shopping,Bills
5191,2024-03-25,30.34,Local High School,Local High School - Lunch with friends,Education
5192,2026-05-03,99.91,Johnson Ltd,Gas refill,Bills
5193,2024-04-03,17.13,Barron-Nelson,Electric bill payment,Bills
5194,2025-03-12,137.94,CVS Pharmacy,CVS Pharmacy - Lunch with friends,Health
5195,2024-06-16,14.84,Netflix Streaming,Netflix Streaming - Hotel stay,Travel
5196,2025-01-21,42.85,Mall Outlet,Mall Outlet - Grocery shopping,Health
5197,2024-01-18,1.92,Murray-Hess,Monthly subscription,Entertainment
5198,2025-07-26,36.1,Uber Eats,Prescription purchase,Transport
5199,2025-04-26,39.7,Gas Station,Lunch with friends,Bills
5200,2025-12-24,32.15,Delta Airlines,Delta Airlines - Taxi ride,Travel
5201,2025-07-25,53.57,Starbucks Coffee,Starbucks Coffee - Taxi ride,Shopping
5202,2025-06-03,38.09,Gas Station,Gas Station - Grocery shopping,Bills
5203,2023-10-11,2.15,Local High School,Local High School - Course fee,Education
5204,2024-04-16,9.45,Gross and Sons,Flight booking,Transport
5205,2025-02-19,13.99,Local High School,Electric bill payment,Education
5206,2024-09-19,77.83,Walmart Supercenter,Walmart Supercenter - Lunch with friends,Shopping
5207,2024-05-17,13.87,Spotify,Spotify - Course fee,Entertainment
5208,2024-02-07,43.76,Gas Station,Prescription purchase,Bills
5209,2026-05-01,138.68,Local High School,Local High School - Gas refill,Education
5210,2025-03-18,13.88,Walmart Supercenter,Lunch with friends,Shopping
5211,2024-12-12,131.64,Corner Grocery,Monthly subscription,Food
5212,2026-08-21,105.88,Local High School,Taxi ride,Education
5213,2026-01-02,65.06,Delta Airlines,Hotel stay,Travel
5214,2024-02-19,20.43,"Hall, Clark and Boyer","Hall, Clark and Boyer - Gas refill",Bills
5215,2026-06-24,17.2,Spotify,Spotify - Hotel stay,Travel
5216,2025-12-24,14.05,Hilton Hotels,Lunch with friends,Travel
5217,2024-10-15,8.55,Spotify,Spotify - Online purchase,Entertainment
5218,2025-07-16,128.6,Gaines LLC,Lunch with friends,Others
5219,2025-06-02,2.2,"Arnold, Austin and Dunn","Arnold, Austin and Dunn - Hotel stay",Travel
5220,2025-11-22,14.93,Donaldson and Sons,Prescription purchase,Entertainment
5221,2026-05-11,34.38,Starbucks Coffee,Starbucks Coffee - Course fee,Shopping
5222,2025-08-02,2.64,Romero-Gross,Grocery shopping,Entertainment
5223,2025-10-08,85.31,Lyft,Lyft - Electric bill payment,Transport
5224,2024-01-18,6.34,Hilton Hotels,Hilton Hotels - Gas refill,Travel
5225,2025-07-03,65.25,Starbucks Coffee,Prescription purchase,Health
5226,2024-11-06,24.85,Electric Company,Hotel stay,Travel
5227,2024-09-01,22.43,Gas Station,Electric bill payment,Bills
5228,2025-03-05,14.61,Uber Eats,Uber Eats - Course fee,Transport
5229,2026-07-19,4.71,Lyft,Lyft - Monthly subscription,Transport
5230,2024-08-05,4.98,State University,Grocery shopping,Education
5231,2025-12-19,42.73,Electric Company,Electric Company - Taxi ride,Bills
5232,2026-07-26,94.24,Spotify,Online purchase,Entertainment
5233,2025-04-23,43.38,"Gay, Lynch and Rodriguez",Course fee,Travel
5234,2024-09-17,1.38,Waterworks,Waterworks - Electric bill payment,Bills
5235,2026-07-14,24.52,Local High School,Local High School - Online purchase,Education
5236,2024-07-11,4.66,State University,State University - Taxi ride,Education
5237,2023-11-11,16.12,"Ferguson, White and White","Ferguson, White and White - Electric bill payment",Bills
5238,2025-06-30,16.83,Spotify,Spotify - Hotel stay,Travel
5239,2026-03-14,12.8,Uber Eats,Uber Eats - Course fee,Transport
5240,2026-04-10,46.83,"Lee, Hopkins and Benson",Grocery shopping,Others
5241,2025-06-10,36.37,Joe's Pizza,Lunch with friends,Food
5242,2024-07-16,5.5,Electric Company,Electric Company - Electric bill payment,Bills
5243,2025-12-07,15.41,Waterworks,Waterworks - Flight booking,Bills
5244,2025-04-09,10.33,Netflix Streaming,Netflix Streaming - Taxi ride,Entertainment
5245,2026-03-30,10.36,Lyft,Course fee,Transport
5246,2025-04-03,24.8,State University,State University - Course fee,Education
5247,2025-08-30,16.65,Walmart Supercenter,Course fee,Shopping
5248,2025-12-03,81.09,Joe's Pizza,Joe's Pizza - Monthly subscription,Food
5249,2023-12-21,11.95,Local Taxi,Hotel stay,Travel
5250,2025-12-03,54.65,"Thomas, Garza and Herrera","Thomas, Garza and Herrera - Course fee",Travel
5251,2026-02-13,1.09,City Hospital,City Hospital - Prescription purchase,Travel
5252,2023-10-04,2.01,Smith-Maxwell,Monthly subscription,Food
5253,2025-03-11,19.34,Local Taxi,Monthly subscription,Travel
5254,2026-06-03,11.01,Uber Eats,Uber Eats - Hotel stay,Transport
5255,2026-08-19,4.6,Banks-Rasmussen,Taxi ride,Utilities
5256,2024-06-18,4.18,Uber Eats,Prescription purchase,Transport
5257,2026-05-08,11.46,Starbucks Coffee,Starbucks Coffee - Hotel stay,Travel
5258,2024-10-15,3.52,Uber Eats,Electric bill payment,Transport
5259,2025-07-18,103.81,Local High School,Local High School - Prescription purchase,Education
5260,2024-12-23,71.36,Hilton Hotels,Flight booking,Travel
5261,2026-01-30,41.59,City Hospital,Grocery shopping,Shopping
5262,2026-06-23,3.62,Netflix Streaming,Online purchase,Entertainment
5263,2025-02-13,13.08,Mclaughlin LLC,Gas refill,Bills
5264,2024-09-06,4.88,Amazon Marketplace,Amazon Marketplace - Hotel stay,Travel
5265,2024-05-06,96.06,Shaffer-Richardson,Shaffer-Richardson - Gas refill,Bills
5266,2026-02-21,89.19,Gas Station,Gas Station - Course fee,Bills
5267,2024-04-15,38.13,State University,Electric bill payment,Education
5268,2026-03-17,15.58,Lin-Hernandez,Lin-Hernandez - Online purchase,Health
5269,2025-08-23,1.86,Gentry Group,Taxi ride,Shopping
5270,2025-04-02,5.99,"Bradshaw, Kelly and Lopez","Bradshaw, Kelly and Lopez - Electric bill payment",Bills
5271,2026-01-19,53.76,Starbucks Coffee,Starbucks Coffee - Prescription purchase,Entertainment
5272,2025-06-23,5.02,Netflix Streaming,Netflix Streaming - Gas refill,Entertainment
5273,2024-03-26,30.06,Corner Grocery,Corner Grocery - Taxi ride,Bills
5274,2025-08-04,4.08,Joe's Pizza,Prescription purchase,Food
5275,2025-12-07,39.93,Uber Eats,Uber Eats - Course fee,Transport
5276,2024-08-31,16.29,Navarro-Wright,Online purchase,Shopping
5277,2023-12-02,24.9,Waterworks,Online purchase,Bills
5278,2024-06-27,34.13,Uber Eats,Uber Eats - Course fee,Transport
5279,2025-01-03,15.85,Uber Eats,Online purchase,Transport
5280,2025-05-22,32.43,Hilton Hotels,Hilton Hotels - Gas refill,Travel
5281,2025-02-23,49.33,Uber Eats,Uber Eats - Flight booking,Transport
5282,2025-04-16,1.47,"Evans, Simmons and Navarro","Evans, Simmons and Navarro - Online purchase",Entertainment
5283,2025-03-06,32.79,Wright-Boyle,Wright-Boyle - Lunch with friends,Food
5284,2024-03-30,3.84,Hilton Hotels,Hilton Hotels - Gas refill,Travel
5285,2026-04-18,4.35,Carroll and Sons,Carroll and Sons - Grocery shopping,Food
5286,2024-02-26,3.33,Joe's Pizza,Joe's Pizza - Taxi ride,Food
5287,2024-06-09,157.24,Hilton Hotels,Grocery shopping,Travel
5288,2026-02-27,2.75,State University,State University - Online purchase,Education
5289,2024-05-04,96.77,Corner Grocery,Corner Grocery - Taxi ride,Bills
5290,2024-02-16,54.28,Corner Grocery,Taxi ride,Health
5291,2025-08-16,45.39,Local High School,Online purchase,Education
5292,2025-03-12,46.63,Blair-Steele,Blair-Steele - Monthly subscription,Utilities
5293,2024-12-20,7.91,Local High School,Taxi ride,Education
5294,2026-07-26,34.08,Davis LLC,Lunch with friends,Shopping
5295,2023-12-07,2.97,"Allison, Vargas and Nunez","Allison, Vargas and Nunez - Hotel stay",Travel
5296,2025-06-23,21.79,Local Taxi,Local Taxi - Monthly subscription,Others
5297,2026-01-17,30.25,Local Taxi,Grocery shopping,Shopping
5298,2025-12-20,43.37,Gas Station,Gas Station - Lunch with friends,Bills
5299,2026-02-25,39.04,State University,State University - Flight booking,Education
5300,2025-01-28,1.26,Spotify,Spotify - Prescription purchase,Entertainment
5301,2024-10-22,3.3,Lyft,Lyft - Lunch with friends,Transport
5302,2026-08-02,51.9,Spotify,Lunch with friends,Entertainment
5303,2023-10-08,11.44,Amazon Marketplace,Amazon Marketplace - Grocery shopping,Shopping
5304,2025-10-16,7.4,Waterworks,Waterworks - Prescription purchase,Bills
5305,2025-02-02,9.81,Johnson Inc,Johnson Inc - Gas refill,Bills
5306,2024-02-03,51.93,"Sandoval, Freeman and Choi",Online purchase,Bills
5307,2024-11-11,28.9,Electric Company,Electric Company - Hotel stay,Travel
5308,2026-01-30,13.48,Amazon Marketplace,Amazon Marketplace - Lunch with friends,Shopping
5309,2026-01-20,50.11,Hilton Hotels,Hilton Hotels - Hotel stay,Travel
5310,2024-08-16,37.6,Netflix Streaming,Netflix Streaming - Prescription purchase,Entertainment
5311,2026-06-08,6.02,Waterworks,Waterworks - Flight booking,Bills
5312,2024-01-28,77.8,Rhodes LLC,Electric bill payment,Bills
5313,2025-10-24,142.71,Spotify,Spotify - Taxi ride,Entertainment
5314,2024-07-30,53.51,Parks-Parks,Parks-Parks - Taxi ride,Others
5315,2024-11-20,79.0,Walmart Supercenter,Walmart Supercenter - Taxi ride,Shopping
5316,2025-03-20,35.25,Local Taxi,Local Taxi - Gas refill,Bills
5317,2026-04-09,38.05,Local High School,Local High School - Lunch with friends,Education
5318,2024-07-15,17.75,"Alexander, Riley and Garza",Flight booking,Utilities
5319,2025-08-12,6.39,Gas Station,Gas Station - Course fee,Bills
5320,2024-03-12,5.45,City Hospital,City Hospital - Electric bill payment,Bills
5321,2024-07-01,118.61,James-Baird,James-Baird - Gas refill,Bills
5322,2024-10-29,3.53,Walmart Supercenter,Walmart Supercenter - Electric bill payment,Shopping
5323,2026-03-24,23.29,"Chan, Hughes and Henry","Chan, Hughes and Henry - Taxi ride",Utilities
5324,2024-02-25,50.0,Hill PLC,Hill PLC - Taxi ride,Transport
5325,2024-07-26,21.33,Delta Airlines,Delta Airlines - Monthly subscription,Travel
5326,2024-03-28,16.82,Hilton Hotels,Hilton Hotels - Flight booking,Travel
5327,2023-09-11,14.38,Local High School,Prescription purchase,Education
5328,2024-09-17,1.15,Delta Airlines,Taxi ride,Travel
5329,2025-09-24,135.72,State University,State University - Online purchase,Education
5330,2026-05-29,2.68,"Schneider, Massey and Gay","Schneider, Massey and Gay - Lunch with friends",Utilities
5331,2025-10-03,26.77,Local Taxi,Local Taxi - Hotel stay,Travel
5332,2026-03-21,32.32,Waters and Sons,Waters and Sons - Hotel stay,Travel
5333,2026-06-19,27.18,Local High School,Local High School - Taxi ride,Education
5334,2025-10-15,39.74,Joe's Pizza,Joe's Pizza - Monthly subscription,Food
5335,2025-04-10,57.4,Local Taxi,Local Taxi - Electric bill payment,Bills
5336,2024-07-15,26.87,Amazon Marketplace,Amazon Marketplace - Flight booking,Shopping
5337,2023-09-29,15.19,Yates Ltd,Course fee,Utilities
5338,2025-12-26,20.04,Hurley-Davis,Gas refill,Bills
5339,2026-06-23,8.48,Starbucks Coffee,Taxi ride,Food
5340,2025-05-22,9.1,Uber Eats,Flight booking,Transport
5341,2024-01-16,67.19,Spotify,Spotify - Hotel stay,Travel
5342,2025-01-08,90.32,Local High School,Local High School - Hotel stay,Travel
5343,2025-04-09,29.77,Blanchard and Sons,Blanchard and Sons - Grocery shopping,Utilities
5344,2025-04-08,2.4,"Russo, Warren and Jones","Russo, Warren and Jones - Electric bill payment",Bills
5345,2025-03-16,12.55,Uber Eats,Course fee,Transport
5346,2024-11-19,14.07,Joe's Pizza,Joe's Pizza - Lunch with friends,Food
5347,2025-10-10,21.25,"Nguyen, Lawrence and Fox","Nguyen, Lawrence and Fox - Flight booking",Bills
5348,2025-07-28,6.02,Netflix Streaming,Hotel stay,Travel
5349,2026-08-14,14.11,CVS Pharmacy,CVS Pharmacy - Online purchase,Health
5350,2023-09-09,19.02,Uber Eats,Online purchase,Transport
5351,2024-08-16,12.31,Waterworks,Online purchase,Bills
5352,2023-11-10,52.22,Uber Eats,Uber Eats - Hotel stay,Transport
5353,2023-11-15,29.03,Corner Grocery,Corner Grocery - Electric bill payment,Bills
5354,2025-12-03,5.95,"Bates, Bell and Trujillo",Online purchase,Transport
5355,2024-05-23,14.64,Electric Company,Online purchase,Bills
5356,2025-01-19,26.39,Spotify,Spotify - Grocery shopping,Entertainment
5357,2026-04-17,4.87,Spotify,Electric bill payment,Entertainment
5358,2025-12-05,4.66,Shaw Inc,Shaw Inc - Grocery shopping,Shopping
5359,2024-10-21,6.31,Uber Eats,Uber Eats - Hotel stay,Transport
5360,2025-06-14,119.99,Casey and Sons,Casey and Sons - Gas refill,Bills
5361,2026-08-11,36.87,Boyd PLC,Electric bill payment,Bills
5362,2024-05-27,5.23,Amazon Marketplace,Amazon Marketplace - Hotel stay,Travel
5363,2024-04-03,60.73,Brown-Jones,Course fee,Shopping
5364,2025-09-04,49.72,Spotify,Spotify - Taxi ride,Entertainment
5365,2025-07-30,6.97,State University,Monthly subscription,Education
5366,2026-07-09,37.39,Uber Eats,Grocery shopping,Transport
5367,2024-03-06,65.93,Smith LLC,Smith LLC - Flight booking,Food
5368,2025-06-29,38.23,Local High School,Local High School - Flight booking,Education
5369,2023-11-30,72.78,CVS Pharmacy,Course fee,Health
5370,2025-11-27,26.35,Corner Grocery,Course fee,Bills
5371,2024-05-01,5.86,Delta Airlines,Delta Airlines - Online purchase,Travel
5372,2024-04-14,51.86,Moore Group,Course fee,Transport
5373,2025-04-07,45.89,Local Taxi,Prescription purchase,Others
5374,2025-04-30,11.57,Electric Company,Electric Company - Taxi ride,Bills
5375,2024-06-13,68.32,Amazon Marketplace,Amazon Marketplace - Online purchase,Shopping
5376,2025-03-26,18.7,Lopez-Montgomery,Monthly subscription,Transport
5377,2025-03-01,13.51,Corner Grocery,Electric bill payment,Bills
5378,2025-11-03,9.47,Cross PLC,Taxi ride,Travel
5379,2024-12-19,33.99,Local Taxi,Lunch with friends,Bills
5380,2025-02-21,35.18,Jacobs and Sons,Gas refill,Bills
5381,2024-08-27,3.79,"Woodard, Johnson and Baxter",Taxi ride,Education
5382,2023-12-14,13.63,Walmart Supercenter,Walmart Supercenter - Gas refill,Shopping
5383,2026-05-07,20.03,Joe's Pizza,Course fee,Food
5384,2025-05-25,9.65,Mall Outlet,Monthly subscription,Food
5385,2024-02-17,11.19,Lamb-Hogan,Taxi ride,Others
5386,2024-11-19,4.57,State University,Flight booking,Education
5387,2026-07-09,17.5,Electric Company,Electric Company - Lunch with friends,Bills
5388,2025-08-19,55.64,CVS Pharmacy,CVS Pharmacy - Lunch with friends,Health
5389,2026-04-29,6.76,Hilton Hotels,Hilton Hotels - Hotel stay,Travel
5390,2025-03-04,2.08,Perez-Herrera,Perez-Herrera - Online purchase,Others
5391,2025-05-09,46.82,Local High School,Course fee,Education
5392,2024-06-22,2.63,"Hernandez, Leach and Bates",Gas refill,Bills
5393,2026-08-02,21.33,"Klein, Obrien and Hall","Klein, Obrien and Hall - Lunch with friends",Utilities
5394,2025-12-24,10.09,Mosley LLC,Mosley LLC - Monthly subscription,Shopping
5395,2023-11-30,2.39,Lyft,Course fee,Transport
5396,2024-09-22,13.27,Walmart Supercenter,Walmart Supercenter - Grocery shopping,Shopping
5397,2026-08-04,88.14,"Rodgers, Hardy and Hansen",Hotel stay,Travel
5398,2026-07-05,14.06,Local High School,Local High School - Hotel stay,Travel
5399,2025-08-12,76.13,Mall Outlet,Mall Outlet - Grocery shopping,Others
5400,2024-01-01,3.91,Netflix Streaming,Netflix Streaming - Online purchase,Entertainment
5401,2025-04-11,16.45,Amazon Marketplace,Amazon Marketplace - Taxi ride,Shopping
5402,2025-11-18,33.45,Mitchell-Matthews,Mitchell-Matthews - Taxi ride,Food
5403,2025-04-04,14.21,Uber Eats,Uber Eats - Grocery shopping,Transport
5404,2026-06-19,27.48,"Trujillo, Torres and Black","Trujillo, Torres and Black - Monthly subscription",Others
5405,2025-03-24,38.51,CVS Pharmacy,Gas refill,Health
5406,2025-10-26,9.03,Corner Grocery,Corner Grocery - Monthly subscription,Health
5407,2025-08-04,4.87,Corner Grocery,Corner Grocery - Gas refill,Bills
5408,2023-10-22,27.99,Starbucks Coffee,Starbucks Coffee - Grocery shopping,Shopping
5409,2024-08-26,25.99,Howard-Stewart,Electric bill payment,Bills
5410,2026-01-08,5.17,Joe's Pizza,Joe's Pizza - Gas refill,Food
5411,2025-01-23,37.68,Walmart Supercenter,Prescription purchase,Shopping
5412,2024-03-01,85.73,City Hospital,Online purchase,Others
5413,2024-03-27,28.28,Clark LLC,Clark LLC - Flight booking,Shopping
5414,2025-04-10,6.92,Duncan-Sherman,Duncan-Sherman - Grocery shopping,Travel
5415,2025-09-05,4.83,Electric Company,Gas refill,Bills
5416,2024-12-01,110.3,Smith-Gill,Smith-Gill - Flight booking,Utilities
5417,2024-07-01,6.52,Hall-Stewart,Hall-Stewart - Hotel stay,Travel
5418,2025-10-20,67.65,"Moore, Taylor and Winters","Moore, Taylor and Winters - Grocery shopping",Others
5419,2023-11-01,23.95,Mall Outlet,Online purchase,Bills
5420,2024-02-14,4.53,Lyft,Grocery shopping,Transport
5421,2025-09-10,1.34,Lyft,Monthly subscription,Transport
5422,2025-02-19,26.98,Lyft,Electric bill payment,Transport
5423,2024-07-28,68.98,"Powers, Castillo and Burnett",Taxi ride,Shopping
5424,2025-08-02,22.54,Walmart Supercenter,Hotel stay,Travel
5425,2024-03-23,42.45,Stevenson-Miller,Grocery shopping,Food
5426,2023-12-28,5.68,Lyft,Lyft - Lunch with friends,Transport
5427,2025-01-23,11.21,"Wheeler, Joseph and Rodriguez","Wheeler, Joseph and Rodriguez - Hotel stay",Travel
5428,2024-06-10,7.91,Delta Airlines,Delta Airlines - Course fee,Travel
5429,2024-07-26,13.03,Perry-Brown,Perry-Brown - Grocery shopping,Entertainment
5430,2023-11-08,51.72,Hilton Hotels,Hilton Hotels - Electric bill payment,Travel
5431,2025-02-15,3.04,Spotify,Online purchase,Entertainment
5432,2026-01-21,7.96,City Hospital,City Hospital - Flight booking,Shopping
5433,2025-03-04,2.5,Hilton Hotels,Hilton Hotels - Lunch with friends,Travel
5434,2025-10-30,38.68,Amazon Marketplace,Amazon Marketplace - Hotel stay,Travel
5435,2025-10-29,15.19,Netflix Streaming,Netflix Streaming - Electric bill payment,Entertainment
5436,2024-08-23,20.53,Local Taxi,Local Taxi - Course fee,Others
5437,2023-12-12,11.03,Waterworks,Waterworks - Course fee,Bills
5438,2026-06-09,72.86,Joe's Pizza,Joe's Pizza - Prescription purchase,Food
5439,2025-11-07,5.8,Gas Station,Gas Station - Gas refill,Bills
5440,2025-09-19,32.57,Delta Airlines,Delta Airlines - Flight booking,Travel
5441,2023-11-27,27.06,Hilton Hotels,Hilton Hotels - Lunch with friends,Travel
5442,2025-08-01,29.37,Rivera PLC,Rivera PLC - Monthly subscription,Food
5443,2024-08-07,5.17,Hilton Hotels,Lunch with friends,Travel
5444,2025-01-28,3.95,Corner Grocery,Electric bill payment,Bills
5445,2024-03-10,37.36,Waterworks,Waterworks - Grocery shopping,Bills
5446,2024-05-08,16.64,Corner Grocery,Flight booking,Education
5447,2026-02-18,7.33,Waterworks,Taxi ride,Bills
5448,2026-07-04,6.22,Waterworks,Lunch with friends,Bills
5449,2025-05-24,20.83,Netflix Streaming,Prescription purchase,Entertainment
5450,2026-03-17,23.38,Corner Grocery,Grocery shopping,Food
5451,2026-02-25,4.5,Starbucks Coffee,Lunch with friends,Utilities
5452,2026-01-08,28.3,Willis Group,Willis Group - Online purchase,Food
5453,2025-01-23,65.13,Waterworks,Waterworks - Flight booking,Bills
5454,2023-10-12,2.15,Powell Group,Grocery shopping,Shopping
5455,2026-07-11,30.12,Local Taxi,Local Taxi - Flight booking,Food
5456,2026-07-21,2.86,Electric Company,Electric Company - Prescription purchase,Bills
5457,2023-12-24,47.46,Uber Eats,Uber Eats - Online purchase,Transport
5458,2024-04-16,12.44,Hilton Hotels,Taxi ride,Travel
5459,2024-11-01,52.91,Carrillo Ltd,Hotel stay,Travel
5460,2025-06-17,23.49,Mall Outlet,Mall Outlet - Electric bill payment,Bills
5461,2025-02-11,30.59,Hilton Hotels,Hilton Hotels - Prescription purchase,Travel
5462,2025-12-25,23.88,Stone-Graham,Stone-Graham - Grocery shopping,Food
5463,2026-08-27,3.59,Hilton Hotels,Hilton Hotels - Online purchase,Travel
5464,2025-11-22,29.23,Netflix Streaming,Hotel stay,Travel
5465,2025-07-06,15.22,State University,State University - Flight booking,Education
5466,2024-11-26,16.99,Mitchell Ltd,Course fee,Shopping
5467,2026-04-14,27.16,Walmart Supercenter,Walmart Supercenter - Grocery shopping,Shopping
5468,2023-10-06,23.98,"Murphy, Thornton and Benton","Murphy, Thornton and Benton - Flight booking",Travel
5469,2024-07-12,22.46,Starbucks Coffee,Starbucks Coffee - Taxi ride,Shopping
5470,2026-05-13,8.98,"Smith, Kelly and Rodriguez","Smith, Kelly and Rodriguez - Monthly subscription",Food
5471,2025-02-05,12.77,Local Taxi,Local Taxi - Course fee,Utilities
5472,2025-12-16,42.5,Gas Station,Gas Station - Hotel stay,Travel
5473,2025-04-10,16.69,"Pope, Joyce and Gutierrez","Pope, Joyce and Gutierrez - Prescription purchase",Travel
5474,2025-09-06,16.02,"Dalton, Green and Reeves",Monthly subscription,Shopping
5475,2024-12-08,135.32,Gas Station,Gas Station - Lunch with friends,Bills
5476,2024-10-04,23.46,State University,Electric bill payment,Education
5477,2025-01-06,32.48,Spotify,Monthly subscription,Entertainment
5478,2025-01-03,25.76,Gas Station,Grocery shopping,Bills
5479,2024-06-29,12.62,Amazon Marketplace,Gas refill,Shopping
5480,2024-02-20,1.17,City Hospital,City Hospital - Lunch with friends,Education
5481,2025-07-30,141.65,State University,State University - Gas refill,Education
5482,2023-11-06,76.21,Waterworks,Waterworks - Monthly subscription,Bills
5483,2025-02-17,39.82,Lyft,Lyft - Prescription purchase,Transport
5484,2024-11-27,3.02,"Edwards, Tapia and Cunningham","Edwards, Tapia and Cunningham - Taxi ride",Food
5485,2026-01-30,8.18,Starbucks Coffee,Starbucks Coffee - Monthly subscription,Others
5486,2024-10-29,6.54,Local High School,Online purchase,Education
5487,2024-06-30,37.3,State University,State University - Course fee,Education
5488,2024-07-21,16.78,Wright LLC,Wright LLC - Hotel stay,Travel
5489,2024-01-21,1.58,Harris PLC,Harris PLC - Lunch with friends,Entertainment
5490,2023-12-12,67.38,"White, Price and Lozano","White, Price and Lozano - Monthly subscription",Others
5491,2025-12-22,25.77,Conner and Sons,Electric bill payment,Bills
5492,2024-03-22,13.79,Hilton Hotels,Hilton Hotels - Flight booking,Travel
5493,2026-01-16,13.38,Uber Eats,Gas refill,Transport
5494,2025-01-25,7.32,Uber Eats,Uber Eats - Electric bill payment,Transport
5495,2026-06-19,18.02,Sherman Group,Grocery shopping,Shopping
5496,2025-12-02,1.62,"Navarro, Mack and Ramirez",Online purchase,Others
5497,2026-02-04,2.08,Mall Outlet,Electric bill payment,Bills
5498,2025-04-28,21.69,Reyes Inc,Reyes Inc - Lunch with friends,Others
5499,2025-03-05,40.73,Delgado-Watson,Monthly subscription,Others
5500,2023-12-15,61.8,"Bush, Johnson and Perry","Bush, Johnson and Perry - Flight booking",Others
5501,2025-12-31,38.28,Amazon Marketplace,Hotel stay,Travel
5502,2024-03-19,30.37,Nicholson Ltd,Nicholson Ltd - Grocery shopping,Shopping
5503,2023-12-26,2.15,Corner Grocery,Corner Grocery - Lunch with friends,Travel
5504,2025-03-25,65.87,Hammond Inc,Flight booking,Bills
5505,2025-02-20,1.73,Spotify,Spotify - Taxi ride,Entertainment
5506,2024-02-06,47.06,Amazon Marketplace,Amazon Marketplace - Electric bill payment,Shopping
5507,2024-02-17,6.75,Local High School,Local High School - Electric bill payment,Education
5508,2025-03-09,23.78,Lyft,Lyft - Hotel stay,Transport
5509,2023-09-29,1.21,Corner Grocery,Corner Grocery - Grocery shopping,Food
5510,2025-02-03,11.07,Mall Outlet,Mall Outlet - Grocery shopping,Education
5511,2026-08-26,89.17,Hilton Hotels,Hilton Hotels - Gas refill,Travel
5512,2025-08-24,45.61,Roberts LLC,Flight booking,Transport
5513,2023-09-20,55.9,Reed Ltd,Hotel stay,Travel
5514,2024-08-12,57.79,Mall Outlet,Mall Outlet - Flight booking,Food
5515,2024-12-09,52.74,Joe's Pizza,Joe's Pizza - Monthly subscription,Food
5516,2025-07-18,43.95,Reyes Ltd,Reyes Ltd - Flight booking,Transport
5517,2024-05-15,28.08,Amazon Marketplace,Amazon Marketplace - Prescription purchase,Shopping
5518,2026-03-09,7.93,City Hospital,City Hospital - Gas refill,Bills
5519,2024-05-17,13.25,Gallegos-Leon,Gallegos-Leon - Monthly subscription,Shopping
5520,2024-11-19,2.62,"Glover, Ray and Tran","Glover, Ray and Tran - Online purchase",Health
5521,2025-10-03,24.91,Mall Outlet,Mall Outlet - Electric bill payment,Bills
5522,2024-12-13,3.63,Uber Eats,Course fee,Transport
5523,2025-04-09,18.31,Spotify,Spotify - Taxi ride,Entertainment
5524,2024-02-16,19.64,Starbucks Coffee,Starbucks Coffee - Gas refill,Bills
5525,2025-12-14,7.55,Amazon Marketplace,Course fee,Shopping
5526,2025-06-23,28.48,Starbucks Coffee,Gas refill,Bills
5527,2025-05-28,168.57,"Stewart, Davis and Donovan","Stewart, Davis and Donovan - Prescription purchase",Travel
5528,2026-05-22,3.58,Uber Eats,Hotel stay,Transport
5529,2024-05-07,21.46,Local High School,Gas refill,Education
5530,2023-09-24,35.7,Hilton Hotels,Hilton Hotels - Monthly subscription,Travel
5531,2025-09-18,3.65,City Hospital,Online purchase,Others
5532,2024-02-18,2.15,Spotify,Spotify - Flight booking,Entertainment
5533,2025-04-28,76.73,"Taylor, Patel and White",Prescription purchase,Transport
5534,2025-07-10,92.66,Starbucks Coffee,Starbucks Coffee - Monthly subscription,Transport
5535,2026-07-11,29.63,Walmart Supercenter,Flight booking,Shopping
5536,2025-01-18,31.78,Amazon Marketplace,Online purchase,Shopping
5537,2026-08-07,2.16,Starbucks Coffee,Lunch with friends,Shopping
5538,2026-08-21,15.69,"Mata, Juarez and Garrett","Mata, Juarez and Garrett - Course fee",Utilities
5539,2025-06-28,79.93,Gas Station,Online purchase,Bills
5540,2026-03-31,30.02,Delta Airlines,Delta Airlines - Flight booking,Travel
5541,2024-08-21,35.74,Blackwell and Sons,Gas refill,Bills
5542,2025-02-16,18.06,City Hospital,City Hospital - Monthly subscription,Food
5543,2023-11-09,49.14,Local Taxi,Electric bill payment,Bills
5544,2026-03-30,33.79,Lyft,Lyft - Course fee,Transport
5545,2026-03-17,21.18,Chapman-Nichols,Chapman-Nichols - Lunch with friends,Shopping
5546,2025-06-06,7.16,Mcclure-Lee,Mcclure-Lee - Grocery shopping,Entertainment
5547,2023-10-07,30.38,Local High School,Local High School - Gas refill,Education
5548,2026-06-28,18.22,"Jackson, White and Austin","Jackson, White and Austin - Hotel stay",Travel
5549,2025-02-20,3.53,Starbucks Coffee,Taxi ride,Health
5550,2024-12-12,15.92,Starbucks Coffee,Grocery shopping,Bills
5551,2025-09-03,72.02,Corner Grocery,Corner Grocery - Gas refill,Bills
5552,2023-11-20,19.58,State University,Online purchase,Education
5553,2026-06-20,38.86,Brown-Johnson,Brown-Johnson - Gas refill,Bills
5554,2026-08-12,31.49,Walmart Supercenter,Walmart Supercenter - Online purchase,Shopping
5555,2024-07-22,3.22,"Cooper, Kirby and Cook",Prescription purchase,Food
5556,2026-04-25,36.89,Lyft,Online purchase,Transport
5557,2025-04-25,35.43,"Ali, Huang and Duke","Ali, Huang and Duke - Online purchase",Education
5558,2025-11-26,12.17,"Krueger, Lynn and Lang",Grocery shopping,Shopping
5559,2023-08-30,42.04,City Hospital,City Hospital - Flight booking,Entertainment
5560,2024-03-12,122.96,Park LLC,Park LLC - Flight booking,Entertainment
5561,2025-05-04,18.23,Amazon Marketplace,Amazon Marketplace - Taxi ride,Shopping
5562,2024-09-16,7.28,Spotify,Spotify - Monthly subscription,Entertainment
5563,2026-08-02,4.41,Delta Airlines,Delta Airlines - Online purchase,Travel
5564,2026-08-20,139.91,Starbucks Coffee,Taxi ride,Food
5565,2023-12-30,63.58,Delta Airlines,Prescription purchase,Travel
5566,2024-11-28,3.89,Walmart Supercenter,Walmart Supercenter - Monthly subscription,Shopping
5567,2024-10-09,20.0,Starbucks Coffee,Lunch with friends,Food
5568,2026-07-24,62.91,Electric Company,Electric Company - Taxi ride,Bills
5569,2023-10-17,4.66,Lyft,Hotel stay,Transport
5570,2024-08-21,21.19,Local Taxi,Local Taxi - Prescription purchase,Food
5571,2025-12-09,10.71,State University,State University - Taxi ride,Education
5572,2024-07-15,89.1,Uber Eats,Uber Eats - Taxi ride,Transport
5573,2026-06-13,8.44,Joe's Pizza,Joe's Pizza - Electric bill payment,Food
5574,2025-01-08,5.76,Mall Outlet,Mall Outlet - Taxi ride,Education
5575,2025-01-20,14.8,"Stuart, Miller and Hall","Stuart, Miller and Hall - Grocery shopping",Shopping
5576,2025-06-13,31.38,Smith Ltd,Smith Ltd - Taxi ride,Shopping
5577,2024-07-29,12.19,Electric Company,Lunch with friends,Bills
5578,2026-06-13,21.96,City Hospital,Gas refill,Bills
5579,2024-11-01,29.25,Gregory-Olsen,Gregory-Olsen - Online purchase,Health
5580,2025-05-23,28.51,White Ltd,White Ltd - Monthly subscription,Others
5581,2026-06-06,47.07,Delta Airlines,Delta Airlines - Monthly subscription,Travel
5582,2023-08-30,6.31,Uber Eats,Lunch with friends,Transport
5583,2023-11-10,135.89,Banks Ltd,Grocery shopping,Travel
5584,2025-05-14,29.74,Garcia PLC,Garcia PLC - Lunch with friends,Shopping
5585,2025-05-26,57.56,City Hospital,City Hospital - Course fee,Travel
5586,2024-09-19,24.2,Gas Station,Gas Station - Online purchase,Bills
5587,2025-06-27,68.98,Mall Outlet,Gas refill,Bills
5588,2024-02-19,5.59,Electric Company,Electric Company - Electric bill payment,Bills
5589,2024-05-05,7.14,"Anderson, Austin and Evans","Anderson, Austin and Evans - Prescription purchase",Shopping
5590,2026-05-20,1.97,Waterworks,Monthly subscription,Bills
5591,2024-08-12,54.09,"Gomez, Day and Hicks",Course fee,Entertainment
5592,2024-05-16,92.93,Rodriguez-Medina,Electric bill payment,Bills
5593,2024-10-13,17.81,Boyd-Hicks,Boyd-Hicks - Prescription purchase,Food
5594,2025-01-19,22.46,Local Taxi,Local Taxi - Lunch with friends,Bills
5595,2024-08-23,24.84,Lyft,Lyft - Monthly subscription,Transport
5596,2024-10-08,83.22,State University,Hotel stay,Travel
5597,2024-06-14,8.48,"Ali, Miller and Mayo","Ali, Miller and Mayo - Electric bill payment",Bills
5598,2025-03-03,102.2,Richards-Serrano,Richards-Serrano - Gas refill,Bills
5599,2023-09-20,67.94,"Johnson, Duncan and Daniel","Johnson, Duncan and Daniel - Prescription purchase",Shopping
5600,2026-01-17,13.58,Amazon Marketplace,Prescription purchase,Shopping
5601,2025-07-25,1.45,Hilton Hotels,Hilton Hotels - Course fee,Travel
5602,2025-06-13,1.18,State University,State University - Electric bill payment,Education
5603,2024-03-25,14.09,Johnson-Austin,Taxi ride,Travel
5604,2024-04-07,8.15,Local Taxi,Prescription purchase,Others
5605,2025-06-02,36.07,Waterworks,Electric bill payment,Bills
5606,2025-07-20,1.96,CVS Pharmacy,Taxi ride,Health
5607,2024-09-04,36.21,CVS Pharmacy,Online purchase,Health
5608,2025-11-22,1.3,Amazon Marketplace,Amazon Marketplace - Online purchase,Shopping
5609,2024-10-25,3.56,Lyft,Lyft - Course fee,Transport
5610,2024-09-17,28.95,"Perez, Harris and Nixon",Electric bill payment,Bills
5611,2025-04-18,22.96,Mall Outlet,Electric bill payment,Bills
5612,2024-11-22,91.24,"Fields, Shepherd and Salas","Fields, Shepherd and Salas - Prescription purchase",Food
5613,2025-09-16,9.4,Netflix Streaming,Netflix Streaming - Hotel stay,Travel
5614,2023-11-25,3.23,Gas Station,Gas Station - Hotel stay,Travel
5615,2025-10-16,8.72,Local High School,Electric bill payment,Education
5616,2026-08-05,4.61,Long-Hill,Monthly subscription,Transport
5617,2025-08-16,38.85,CVS Pharmacy,CVS Pharmacy - Gas refill,Health
5618,2024-10-07,30.55,Sanders-Bishop,Online purchase,Others
5619,2026-07-20,1.85,Waterworks,Waterworks - Course fee,Bills
5620,2024-04-15,66.82,"Alvarez, Anderson and Lewis","Alvarez, Anderson and Lewis - Flight booking",Travel
5621,2026-05-30,25.54,Starbucks Coffee,Starbucks Coffee - Lunch with friends,Bills
5622,2023-12-31,26.21,Taylor-Huynh,Taylor-Huynh - Electric bill payment,Bills
5623,2025-02-02,19.77,Local High School,Grocery shopping,Education
5624,2026-06-09,44.84,Waterworks,Waterworks - Lunch with friends,Bills
5625,2025-06-01,12.97,Mall Outlet,Mall Outlet - Lunch with friends,Others
5626,2024-04-29,8.86,"Hood, Gregory and Christensen",Lunch with friends,Shopping
5627,2026-05-18,64.16,Pugh-Williams,Pugh-Williams - Prescription purchase,Bills
5628,2024-11-27,31.01,Hilton Hotels,Hilton Hotels - Electric bill payment,Travel
5629,2026-03-11,15.77,Roberts-Byrd,Hotel stay,Travel
5630,2026-05-28,41.76,Delta Airlines,Hotel stay,Travel
5631,2023-09-29,61.5,Spotify,Spotify - Prescription purchase,Entertainment
5632,2026-02-01,32.66,Spotify,Gas refill,Entertainment
5633,2024-12-03,3.07,Mall Outlet,Hotel stay,Travel
5634,2024-08-30,99.16,Uber Eats,Uber Eats - Flight booking,Transport
5635,2025-07-29,44.02,"Delgado, Thomas and Hobbs","Delgado, Thomas and Hobbs - Prescription purchase",Transport
5636,2025-11-21,4.86,Walmart Supercenter,Walmart Supercenter - Online purchase,Shopping
5637,2025-01-26,20.46,Amazon Marketplace,Amazon Marketplace - Flight booking,Shopping
5638,2023-09-22,1.27,"Armstrong, Ford and Brown","Armstrong, Ford and Brown - Taxi ride",Travel
5639,2025-10-09,109.9,Local Taxi,Local Taxi - Taxi ride,Travel
5640,2024-06-22,6.3,English-Bryant,English-Bryant - Electric bill payment,Bills
5641,2026-06-02,81.37,Local Taxi,Electric bill payment,Bills
5642,2025-02-02,16.89,Netflix Streaming,Electric bill payment,Entertainment
5643,2026-07-20,10.29,Ortiz-Collins,Ortiz-Collins - Online purchase,Shopping
5644,2024-05-11,39.53,Hilton Hotels,Taxi ride,Travel
5645,2026-06-25,60.19,Bryan Ltd,Bryan Ltd - Online purchase,Transport
5646,2024-05-29,3.56,"Peterson, Jones and Bullock",Taxi ride,Others
5647,2024-03-15,71.14,"Sparks, Russell and Liu",Flight booking,Travel
5648,2024-07-08,9.19,Garcia-Ray,Garcia-Ray - Electric bill payment,Bills
5649,2026-05-12,20.49,City Hospital,Taxi ride,Utilities
5650,2024-04-18,12.87,Bentley PLC,Bentley PLC - Online purchase,Transport
5651,2023-11-21,92.79,Gas Station,Gas Station - Grocery shopping,Bills
5652,2026-05-24,50.45,Hilton Hotels,Hilton Hotels - Prescription purchase,Travel
5653,2024-04-19,68.03,Little LLC,Little LLC - Monthly subscription,Entertainment
5654,2023-12-19,31.34,"Rasmussen, Pierce and Little",Prescription purchase,Food
5655,2024-12-16,10.03,"Pope, Perez and Barnes",Lunch with friends,Transport
5656,2025-06-21,23.17,Lyft,Course fee,Transport
5657,2024-06-05,6.78,Gas Station,Monthly subscription,Bills
5658,2024-12-11,7.74,State University,Taxi ride,Education
5659,2025-03-25,35.19,Waterworks,Waterworks - Electric bill payment,Bills
5660,2025-08-29,8.44,Bryant Ltd,Online purchase,Food
5661,2024-10-29,85.66,Baker-Davis,Baker-Davis - Flight booking,Shopping
5662,2025-12-02,17.73,Porter-Mcmahon,Online purchase,Transport
5663,2026-02-07,12.72,Joe's Pizza,Taxi ride,Food
5664,2024-03-15,92.69,"Mcintyre, Stevens and Miller","Mcintyre, Stevens and Miller - Lunch with friends",Transport
5665,2026-07-13,4.95,"Williams, Collins and Fisher","Williams, Collins and Fisher - Prescription purchase",Shopping
5666,2025-12-22,10.1,Spotify,Prescription purchase,Entertainment
5667,2026-07-20,6.85,Starbucks Coffee,Starbucks Coffee - Online purchase,Others
5668,2026-02-08,56.09,Waterworks,Course fee,Bills
5669,2026-07-23,50.04,Hernandez Group,Hotel stay,Travel
5670,2025-05-08,3.57,Lyft,Lyft - Monthly subscription,Transport
5671,2024-09-06,2.89,Wells LLC,Course fee,Shopping
5672,2024-02-23,34.61,Thompson-Mills,Prescription purchase,Health
5673,2023-11-26,38.76,Hilton Hotels,Course fee,Travel
5674,2024-05-04,3.63,Delta Airlines,Delta Airlines - Electric bill payment,Travel
5675,2024-07-30,24.29,Netflix Streaming,Netflix Streaming - Online purchase,Entertainment
5676,2025-02-04,45.01,Joe's Pizza,Joe's Pizza - Taxi ride,Food
5677,2026-04-13,6.42,Gas Station,Gas Station - Course fee,Bills
5678,2024-05-26,24.61,Amazon Marketplace,Amazon Marketplace - Grocery shopping,Shopping
5679,2024-09-10,25.06,Hammond-Sanders,Prescription purchase,Transport
5680,2024-10-12,83.12,Grimes-Carter,Grimes-Carter - Flight booking,Education
5681,2026-04-07,45.85,Corner Grocery,Lunch with friends,Travel
5682,2024-04-14,22.68,City Hospital,Course fee,Travel
5683,2024-11-30,51.2,Waterworks,Waterworks - Flight booking,Bills
5684,2026-01-07,29.77,Joe's Pizza,Joe's Pizza - Gas refill,Food
5685,2024-08-07,48.14,City Hospital,City Hospital - Course fee,Entertainment
5686,2026-04-03,87.2,Johnson-Barnes,Johnson-Barnes - Course fee,Health
5687,2023-10-07,3.24,Local High School,Monthly subscription,Education
5688,2025-12-30,25.82,Jacobs and Sons,Lunch with friends,Shopping
5689,2026-08-01,15.37,Netflix Streaming,Monthly subscription,Entertainment
5690,2024-06-10,28.64,Joe's Pizza,Electric bill payment,Food
5691,2026-03-15,9.97,White PLC,White PLC - Taxi ride,Others
5692,2024-06-24,54.27,Bass-Torres,Bass-Torres - Prescription purchase,Shopping
5693,2026-05-13,40.3,"Lamb, Smith and Diaz",Flight booking,Food
5694,2026-06-15,97.86,Local High School,Local High School - Flight booking,Education
5695,2024-04-27,22.76,Booker-Wilson,Booker-Wilson - Prescription purchase,Food
5696,2026-02-23,22.16,City Hospital,City Hospital - Grocery shopping,Food
5697,2025-02-12,24.33,Netflix Streaming,Monthly subscription,Entertainment
5698,2025-05-19,19.1,Walmart Supercenter,Prescription purchase,Shopping
5699,2025-03-26,1.56,"Smith, Brown and Payne","Smith, Brown and Payne - Grocery shopping",Food
5700,2025-01-09,23.36,Le Group,Le Group - Course fee,Entertainment
5701,2025-03-31,6.81,Amazon Marketplace,Amazon Marketplace - Electric bill payment,Shopping
5702,2024-10-15,3.98,City Hospital,City Hospital - Taxi ride,Others
5703,2023-11-30,53.3,Starbucks Coffee,Grocery shopping,Education
5704,2024-04-09,132.57,Lyft,Lyft - Lunch with friends,Transport
5705,2025-10-16,15.86,Lara-Mills,Lara-Mills - Lunch with friends,Bills
5706,2023-10-20,9.59,Gray-Oliver,Gray-Oliver - Flight booking,Travel
5707,2026-04-11,25.89,Jackson-Johnson,Jackson-Johnson - Lunch with friends,Utilities
5708,2025-05-18,29.22,Walmart Supercenter,Walmart Supercenter - Lunch with friends,Shopping
5709,2025-11-13,16.84,Starbucks Coffee,Starbucks Coffee - Online purchase,Others
5710,2025-11-15,44.83,Delta Airlines,Delta Airlines - Hotel stay,Travel
5711,2025-07-09,10.85,State University,State University - Electric bill payment,Education
5712,2024-12-13,5.11,Gas Station,Gas Station - Prescription purchase,Bills
5713,2024-10-21,55.66,Corner Grocery,Corner Grocery - Gas refill,Bills
5714,2025-06-21,56.86,Corner Grocery,Corner Grocery - Course fee,Others
5715,2024-11-29,31.39,Corner Grocery,Corner Grocery - Course fee,Food
5716,2026-01-27,102.64,Local High School,Local High School - Electric bill payment,Education
5717,2023-11-01,56.78,"Mcknight, Moore and Burke",Online purchase,Entertainment
5718,2023-10-28,32.78,Joe's Pizza,Joe's Pizza - Grocery shopping,Food
5719,2025-09-04,3.02,"Klein, Frank and Lucas","Klein, Frank and Lucas - Electric bill payment",Bills
5720,2024-07-02,8.81,"Hunter, Reed and George",Monthly subscription,Food
5721,2023-11-12,12.83,"Miles, Vargas and Jenkins","Miles, Vargas and Jenkins - Online purchase",Bills
5722,2024-12-30,4.0,Local High School,Local High School - Taxi ride,Education
5723,2026-05-10,8.86,Waterworks,Waterworks - Course fee,Bills
5724,2024-03-02,72.07,Nichols LLC,Monthly subscription,Shopping
5725,2024-04-10,5.5,Waterworks,Waterworks - Flight booking,Bills
5726,2024-01-23,20.78,Starbucks Coffee,Starbucks Coffee - Gas refill,Bills
5727,2024-07-06,25.61,Corner Grocery,Prescription purchase,Food
5728,2026-03-25,22.97,"Duncan, Zimmerman and Williams",Online purchase,Shopping
5729,2026-01-16,10.69,"Farrell, Woodward and Mercado","Farrell, Woodward and Mercado - Gas refill",Bills
5730,2023-10-13,14.83,Walmart Supercenter,Monthly subscription,Shopping
5731,2024-01-16,36.28,City Hospital,Electric bill payment,Bills
5732,2024-04-01,7.86,Uber Eats,Uber Eats - Grocery shopping,Transport
5733,2026-03-09,15.19,"Hamilton, Ross and Friedman",Monthly subscription,Food
5734,2024-03-01,25.78,Smith Group,Smith Group - Online purchase,Others
5735,2026-01-16,63.56,Delta Airlines,Delta Airlines - Flight booking,Travel
5736,2024-06-26,63.87,Spotify,Taxi ride,Entertainment
5737,2024-10-31,13.1,Joe's Pizza,Grocery shopping,Food
5738,2024-08-11,16.06,Harris-Nguyen,Monthly subscription,Shopping
5739,2026-07-02,6.47,Boyd Group,Boyd Group - Flight booking,Food
5740,2024-03-20,12.24,Netflix Streaming,Online purchase,Entertainment
5741,2023-10-12,12.49,"Shelton, Myers and Porter","Shelton, Myers and Porter - Online purchase",Shopping
5742,2026-03-31,46.02,Hilton Hotels,Hilton Hotels - Grocery shopping,Travel
5743,2024-04-08,61.36,Local Taxi,Local Taxi - Hotel stay,Travel
5744,2025-12-30,7.99,Wood Group,Monthly subscription,Food
5745,2026-07-19,20.4,Uber Eats,Electric bill payment,Transport
5746,2026-02-08,19.98,Amazon Marketplace,Amazon Marketplace - Electric bill payment,Shopping
5747,2024-02-18,15.86,Gas Station,Gas Station - Course fee,Bills
5748,2024-05-03,24.45,"Lynch, Hunter and Wright",Prescription purchase,Utilities
5749,2024-10-21,4.3,Corner Grocery,Monthly subscription,Bills
5750,2024-06-13,49.11,Gas Station,Lunch with friends,Bills
5751,2024-02-25,133.65,Ford-Chan,Monthly subscription,Health
5752,2024-09-14,27.33,"Stephens, Mitchell and Gray",Lunch with friends,Travel
5753,2026-01-26,43.93,Local Taxi,Local Taxi - Flight booking,Shopping
5754,2026-08-04,3.88,Corner Grocery,Monthly subscription,Food
5755,2024-04-15,37.69,"Walker, Hall and Chen",Course fee,Travel
5756,2025-05-06,5.59,State University,State University - Lunch with friends,Education
5757,2025-08-24,43.25,Waterworks,Waterworks - Grocery shopping,Bills
5758,2024-12-20,14.82,Meza-Marquez,Online purchase,Entertainment
5759,2024-03-12,43.87,Starbucks Coffee,Starbucks Coffee - Electric bill payment,Bills
5760,2025-05-08,34.97,Gas Station,Gas Station - Monthly subscription,Bills
5761,2025-06-05,20.94,Starbucks Coffee,Starbucks Coffee - Flight booking,Others
5762,2024-06-21,50.68,Starbucks Coffee,Online purchase,Food
5763,2025-07-12,83.35,"Craig, Davis and Chang",Online purchase,Shopping
5764,2026-06-08,55.08,State University,Taxi ride,Education
5765,2023-09-10,2.0,Netflix Streaming,Netflix Streaming - Electric bill payment,Entertainment
5766,2025-11-07,16.76,Kelley-Johnson,Course fee,Travel
5767,2025-01-16,13.49,Walmart Supercenter,Walmart Supercenter - Taxi ride,Shopping
5768,2024-12-23,46.39,CVS Pharmacy,CVS Pharmacy - Course fee,Health
5769,2025-11-29,10.42,Uber Eats,Uber Eats - Lunch with friends,Transport
5770,2024-07-21,11.81,"Roy, Higgins and Woods","Roy, Higgins and Woods - Electric bill payment",Bills
5771,2025-09-01,33.79,Garcia Ltd,Taxi ride,Health
5772,2024-05-17,11.21,Netflix Streaming,Netflix Streaming - Course fee,Entertainment
5773,2024-01-24,11.11,Mall Outlet,Taxi ride,Transport
5774,2023-12-12,99.61,Spotify,Hotel stay,Travel
5775,2025-10-18,37.48,Electric Company,Electric Company - Prescription purchase,Bills
5776,2026-04-08,149.93,Mall Outlet,Mall Outlet - Flight booking,Transport
5777,2026-07-20,43.56,Lyft,Lyft - Monthly subscription,Transport
5778,2026-04-30,28.34,Amazon Marketplace,Amazon Marketplace - Flight booking,Shopping
5779,2025-11-10,10.13,Ross-Velasquez,Electric bill payment,Bills
5780,2023-11-30,28.91,Joe's Pizza,Lunch with friends,Food
5781,2026-04-03,6.73,Netflix Streaming,Netflix Streaming - Grocery shopping,Entertainment
5782,2025-04-05,26.16,Corner Grocery,Corner Grocery - Taxi ride,Transport
5783,2024-11-19,16.88,Local High School,Local High School - Lunch with friends,Education
5784,2024-12-03,21.57,Frazier Ltd,Grocery shopping,Shopping
5785,2024-02-22,14.63,"Jackson, Jones and Johnson","Jackson, Jones and Johnson - Prescription purchase",Entertainment
5786,2024-05-23,28.62,Everett Inc,Lunch with friends,Entertainment
5787,2024-08-12,54.12,CVS Pharmacy,CVS Pharmacy - Lunch with friends,Health
5788,2024-12-22,49.59,Miller-Clark,Course fee,Utilities
5789,2025-12-05,8.62,Mccall-Walker,Gas refill,Bills
5790,2026-05-14,11.24,Local High School,Hotel stay,Travel
5791,2024-01-01,15.92,Flores-Smith,Flores-Smith - Online purchase,Shopping
5792,2023-10-04,2.57,Luna Ltd,Luna Ltd - Online purchase,Bills
5793,2026-04-03,16.56,Lucas-Duncan,Grocery shopping,Bills
5794,2026-04-14,121.93,Andrews Inc,Gas refill,Bills
5795,2023-11-02,87.9,City Hospital,Prescription purchase,Others
5796,2025-11-03,62.78,Waterworks,Waterworks - Grocery shopping,Bills
5797,2026-06-28,40.35,Amazon Marketplace,Amazon Marketplace - Taxi ride,Shopping
5798,2024-02-09,14.73,White PLC,White PLC - Taxi ride,Entertainment
5799,2025-05-19,32.95,Uber Eats,Uber Eats - Lunch with friends,Transport
5800,2026-01-13,1.11,Lyft,Hotel stay,Transport
5801,2023-12-16,4.25,Gas Station,Gas Station - Prescription purchase,Bills
5802,2024-01-02,90.64,Corner Grocery,Course fee,Entertainment
5803,2025-10-30,3.28,Lyft,Online purchase,Transport
5804,2025-11-26,4.29,Harris-Andrews,Harris-Andrews - Online purchase,Education
5805,2025-03-12,32.64,Hale-Hamilton,Hale-Hamilton - Prescription purchase,Bills
5806,2026-07-31,20.46,Rollins PLC,Gas refill,Bills
5807,2025-02-13,7.28,Hilton Hotels,Monthly subscription,Travel
5808,2025-07-07,23.91,Joe's Pizza,Course fee,Food
5809,2023-10-14,1.63,Bradley Group,Monthly subscription,Shopping
5810,2025-07-05,17.46,Electric Company,Electric Company - Online purchase,Bills
5811,2025-12-08,30.8,Local High School,Local High School - Course fee,Education
5812,2025-10-10,42.75,Hilton Hotels,Grocery shopping,Travel
5813,2026-02-27,1.73,Johns LLC,Johns LLC - Hotel stay,Travel
5814,2026-02-10,14.23,State University,State University - Gas refill,Education
5815,2025-10-26,25.6,Price and Sons,Price and Sons - Lunch with friends,Entertainment
5816,2026-07-15,54.94,Local High School,Monthly subscription,Education
5817,2026-03-03,7.72,Amazon Marketplace,Online purchase,Shopping
5818,2025-02-24,9.25,Local High School,Electric bill payment,Education
5819,2026-05-22,5.42,State University,Gas refill,Education
5820,2024-11-29,76.95,Corner Grocery,Course fee,Others
5821,2023-11-28,13.98,"Rose, Whitehead and Farmer",Grocery shopping,Shopping
5822,2026-03-14,65.51,City Hospital,City Hospital - Lunch with friends,Travel
5823,2024-10-20,29.44,Lyft,Prescription purchase,Transport
5824,2026-01-28,12.67,Montes-Kelly,Montes-Kelly - Prescription purchase,Shopping
5825,2024-12-01,3.25,"Price, Lambert and Sanchez",Prescription purchase,Entertainment
5826,2026-03-14,26.9,Lyft,Lyft - Electric bill payment,Transport
5827,2025-06-22,5.37,Corner Grocery,Corner Grocery - Monthly subscription,Food
5828,2025-12-23,1.77,Martinez-Good,Martinez-Good - Gas refill,Bills
5829,2025-06-15,9.92,"Lopez, Wilson and Little","Lopez, Wilson and Little - Online purchase",Health
5830,2023-10-12,32.35,Carlson and Sons,Carlson and Sons - Electric bill payment,Bills
5831,2026-08-21,33.06,Reyes and Sons,Reyes and Sons - Electric bill payment,Bills
5832,2025-02-22,46.29,Starbucks Coffee,Starbucks Coffee - Lunch with friends,Shopping
5833,2025-06-09,31.86,Martinez Ltd,Martinez Ltd - Flight booking,Food
5834,2023-09-26,28.45,Local High School,Local High School - Lunch with friends,Education
5835,2024-06-06,4.61,City Hospital,City Hospital - Lunch with friends,Travel
5836,2023-12-31,11.53,Netflix Streaming,Grocery shopping,Entertainment
5837,2025-10-07,6.85,CVS Pharmacy,CVS Pharmacy - Taxi ride,Health
5838,2026-07-26,23.18,Delta Airlines,Delta Airlines - Grocery shopping,Travel
5839,2026-03-16,35.97,Soto Ltd,Soto Ltd - Online purchase,Travel
5840,2024-08-20,26.69,Zavala-Brown,Zavala-Brown - Hotel stay,Travel
5841,2025-11-06,18.32,Delta Airlines,Delta Airlines - Flight booking,Travel
5842,2025-01-29,53.09,"Boyer, Fernandez and May",Electric bill payment,Bills
5843,2024-06-15,1.97,Joe's Pizza,Grocery shopping,Food
5844,2024-12-06,32.81,State University,Prescription purchase,Education
5845,2024-03-03,35.56,Lyft,Lyft - Gas refill,Transport
5846,2023-09-14,28.62,"Jordan, Maldonado and Meyer","Jordan, Maldonado and Meyer - Electric bill payment",Bills
5847,2025-03-19,44.79,Martin Ltd,Martin Ltd - Monthly subscription,Transport
5848,2026-03-13,24.33,Joe's Pizza,Prescription purchase,Food
5849,2024-02-26,20.9,Uber Eats,Lunch with friends,Transport
5850,2026-02-13,65.12,Huynh PLC,Huynh PLC - Course fee,Food
5851,2026-05-06,3.79,State University,State University - Prescription purchase,Education
5852,2026-03-08,3.29,Lyft,Lyft - Prescription purchase,Transport
5853,2026-07-15,44.57,Local Taxi,Local Taxi - Course fee,Food
5854,2025-10-02,10.95,Hilton Hotels,Hilton Hotels - Prescription purchase,Travel
5855,2026-06-04,25.19,Electric Company,Electric Company - Flight booking,Bills
5856,2025-11-19,74.27,Local Taxi,Online purchase,Entertainment
5857,2025-08-31,20.41,Walmart Supercenter,Walmart Supercenter - Flight booking,Shopping
5858,2024-11-27,22.46,Waterworks,Hotel stay,Travel
5859,2024-02-17,50.88,Sanders LLC,Sanders LLC - Electric bill payment,Bills
5860,2024-01-05,149.82,City Hospital,City Hospital - Grocery shopping,Food
5861,2026-07-01,23.95,Starbucks Coffee,Gas refill,Bills
5862,2025-08-30,1.81,Myers-Matthews,Myers-Matthews - Flight booking,Education
5863,2025-09-09,39.96,Uber Eats,Uber Eats - Lunch with friends,Transport
5864,2026-03-24,71.4,Local Taxi,Local Taxi - Taxi ride,Travel
5865,2023-11-12,5.04,"Nguyen, Jackson and Daniels","Nguyen, Jackson and Daniels - Flight booking",Bills
5866,2025-01-14,23.5,Local Taxi,Grocery shopping,Health
5867,2024-09-06,5.09,Knight Inc,Knight Inc - Monthly subscription,Travel
5868,2026-05-01,11.15,"Warren, Park and Moore",Taxi ride,Entertainment
5869,2023-10-21,19.21,Local High School,Flight booking,Education
5870,2026-06-15,18.18,"Kelly, Wolf and Lopez",Taxi ride,Others
5871,2026-06-21,42.94,Uber Eats,Online purchase,Transport
5872,2025-10-11,14.62,"Castillo, Williams and Reyes",Electric bill payment,Bills
5873,2026-03-05,9.04,Walmart Supercenter,Walmart Supercenter - Flight booking,Shopping
5874,2025-04-17,57.91,Mall Outlet,Mall Outlet - Electric bill payment,Bills
5875,2025-04-02,6.38,"Smith, Miller and Anderson","Smith, Miller and Anderson - Hotel stay",Travel
5876,2026-07-20,6.36,Gas Station,Gas Station - Taxi ride,Bills
5877,2025-02-02,64.52,Lester-Fields,Prescription purchase,Others
5878,2026-07-24,26.03,Local Taxi,Local Taxi - Online purchase,Utilities
5879,2023-09-14,16.28,Aguilar LLC,Aguilar LLC - Hotel stay,Travel
5880,2026-08-18,48.34,Walmart Supercenter,Walmart Supercenter - Hotel stay,Travel
5881,2025-05-13,21.36,Miller-Chapman,Online purchase,Others
5882,2026-08-02,8.86,Waterworks,Online purchase,Bills
5883,2024-05-11,65.11,"Ortiz, Hill and Taylor",Course fee,Bills
5884,2026-01-10,42.04,"Hammond, Rodriguez and Smith","Hammond, Rodriguez and Smith - Hotel stay",Travel
5885,2023-09-26,19.11,Vaughn Inc,Vaughn Inc - Taxi ride,Food
5886,2026-08-14,43.55,Watson-George,Watson-George - Flight booking,Shopping
5887,2023-09-10,15.51,Jacobs LLC,Online purchase,Entertainment
5888,2025-10-21,12.86,Local Taxi,Local Taxi - Flight booking,Utilities
5889,2024-09-24,11.18,Hilton Hotels,Hilton Hotels - Gas refill,Travel
5890,2025-08-09,61.48,Joe's Pizza,Prescription purchase,Food
5891,2025-05-17,53.93,Delta Airlines,Delta Airlines - Lunch with friends,Travel
5892,2023-11-04,50.88,Walmart Supercenter,Electric bill payment,Shopping
5893,2025-04-01,8.78,Lyft,Lyft - Online purchase,Transport
5894,2024-01-25,6.52,Lyft,Lyft - Flight booking,Transport
5895,2024-03-02,22.0,Howell-Alexander,Howell-Alexander - Monthly subscription,Shopping
5896,2023-11-11,59.74,State University,Flight booking,Education
5897,2024-04-21,52.64,Marshall PLC,Marshall PLC - Lunch with friends,Others
5898,2025-12-15,26.76,Netflix Streaming,Monthly subscription,Entertainment
5899,2024-01-28,23.91,Hilton Hotels,Hilton Hotels - Electric bill payment,Travel
5900,2026-08-05,8.02,Waterworks,Waterworks - Prescription purchase,Bills
5901,2025-02-07,27.44,Waterworks,Taxi ride,Bills
5902,2024-12-14,25.95,State University,Lunch with friends,Education
5903,2025-11-07,82.04,Starbucks Coffee,Course fee,Health
5904,2025-11-04,3.98,Hilton Hotels,Hilton Hotels - Gas refill,Travel
5905,2024-09-13,2.9,Delta Airlines,Monthly subscription,Travel
5906,2025-02-03,94.3,Spotify,Spotify - Electric bill payment,Entertainment
5907,2026-01-19,54.05,Uber Eats,Uber Eats - Lunch with friends,Transport
5908,2024-01-11,51.66,Uber Eats,Uber Eats - Course fee,Transport
5909,2026-02-18,8.6,Joe's Pizza,Flight booking,Food
5910,2026-03-28,20.65,Mcgee PLC,Mcgee PLC - Course fee,Food
5911,2024-01-21,40.23,Uber Eats,Uber Eats - Grocery shopping,Transport
5912,2025-10-21,3.31,Starbucks Coffee,Starbucks Coffee - Grocery shopping,Travel
5913,2025-05-14,14.35,Gas Station,Gas Station - Course fee,Bills
5914,2024-05-06,53.02,Netflix Streaming,Netflix Streaming - Grocery shopping,Entertainment
5915,2023-10-25,52.14,Hilton Hotels,Hilton Hotels - Online purchase,Travel
5916,2024-11-23,25.08,"Dennis, Bell and Sanchez",Electric bill payment,Bills
5917,2026-03-17,3.55,"Leonard, Barrera and Glenn",Electric bill payment,Bills
5918,2025-01-04,1.85,"English, West and Brown","English, West and Brown - Grocery shopping",Education
5919,2025-08-10,19.51,Delta Airlines,Delta Airlines - Lunch with friends,Travel
5920,2025-05-19,147.02,Starbucks Coffee,Monthly subscription,Travel
5921,2025-07-16,75.84,Walmart Supercenter,Course fee,Shopping
5922,2024-02-13,18.8,Starbucks Coffee,Starbucks Coffee - Hotel stay,Travel
5923,2023-10-12,59.8,State University,State University - Prescription purchase,Education
5924,2026-05-20,4.85,Foley-Haas,Foley-Haas - Taxi ride,Education
5925,2026-05-22,36.45,State University,State University - Online purchase,Education
5926,2024-03-22,71.83,"Brown, Nelson and Medina","Brown, Nelson and Medina - Gas refill",Bills
5927,2023-11-24,14.29,"Bird, Cook and Carter",Monthly subscription,Food
5928,2023-12-15,14.64,Taylor-Martinez,Prescription purchase,Food
5929,2024-04-14,7.81,Lyft,Lunch with friends,Transport
5930,2026-03-01,119.29,"Hayden, Combs and Curry","Hayden, Combs and Curry - Taxi ride",Shopping
5931,2025-07-24,11.47,Waterworks,Waterworks - Monthly subscription,Bills
5932,2023-12-05,45.32,Amazon Marketplace,Grocery shopping,Shopping
5933,2026-05-12,8.43,"Robinson, Jennings and Maldonado","Robinson, Jennings and Maldonado - Prescription purchase",Health
5934,2025-12-23,2.21,Bradford-Nash,Lunch with friends,Others
5935,2024-09-17,1.59,Lyft,Lyft - Hotel stay,Transport
5936,2024-01-22,48.87,Wilkinson and Sons,Electric bill payment,Bills
5937,2023-12-03,17.27,Amazon Marketplace,Lunch with friends,Shopping
5938,2026-04-27,3.04,Scott-Dean,Scott-Dean - Grocery shopping,Bills
5939,2025-08-09,19.5,State University,Electric bill payment,Education
5940,2024-06-07,6.74,"Stewart, Burke and Wright",Flight booking,Food
5941,2024-04-26,15.88,Jacobson-Clark,Lunch with friends,Transport
5942,2023-12-18,17.24,Skinner-Davis,Skinner-Davis - Flight booking,Food
5943,2024-01-21,56.52,Grant-Gardner,Lunch with friends,Transport
5944,2024-12-10,16.92,Netflix Streaming,Netflix Streaming - Gas refill,Entertainment
5945,2024-06-07,5.49,Mall Outlet,Course fee,Health
5946,2024-08-06,10.49,Walmart Supercenter,Walmart Supercenter - Gas refill,Shopping
5947,2024-06-21,33.13,Walmart Supercenter,Walmart Supercenter - Electric bill payment,Shopping
5948,2025-11-14,49.19,Delta Airlines,Electric bill payment,Travel
5949,2026-08-11,3.57,Local Taxi,Electric bill payment,Bills
5950,2023-10-10,145.25,Netflix Streaming,Netflix Streaming - Prescription purchase,Entertainment
5951,2026-05-24,2.35,Joe's Pizza,Hotel stay,Food
5952,2024-12-14,4.88,Lyft,Electric bill payment,Transport
5953,2024-10-16,70.2,City Hospital,City Hospital - Grocery shopping,Utilities
5954,2024-02-04,50.47,CVS Pharmacy,Lunch with friends,Health
5955,2025-10-04,26.54,"Wang, Whitney and Stafford","Wang, Whitney and Stafford - Hotel stay",Travel
5956,2026-07-03,19.41,"Hayes, Green and Davis","Hayes, Green and Davis - Hotel stay",Travel
5957,2023-10-06,12.13,Spotify,Online purchase,Entertainment
5958,2025-04-01,7.51,"Alvarado, Johns and Stone","Alvarado, Johns and Stone - Grocery shopping",Others
5959,2025-08-22,11.74,Walmart Supercenter,Walmart Supercenter - Flight booking,Shopping
5960,2025-04-23,10.92,Electric Company,Course fee,Bills
5961,2024-03-19,23.02,Anderson-Braun,Anderson-Braun - Hotel stay,Travel
5962,2025-12-11,55.15,Mall Outlet,Mall Outlet - Hotel stay,Travel
5963,2026-06-30,10.24,Chapman-Jackson,Chapman-Jackson - Online purchase,Bills
5964,2025-12-30,7.6,Corner Grocery,Corner Grocery - Gas refill,Bills
5965,2026-06-05,20.4,Local High School,Local High School - Online purchase,Education
5966,2026-06-05,35.41,Taylor PLC,Flight booking,Shopping
5967,2024-11-02,44.72,Local Taxi,Local Taxi - Course fee,Education
5968,2023-09-14,9.17,Local High School,Gas refill,Education
5969,2025-05-16,8.37,CVS Pharmacy,CVS Pharmacy - Prescription purchase,Health
5970,2024-11-24,24.51,City Hospital,City Hospital - Taxi ride,Entertainment
5971,2026-01-13,9.71,Hilton Hotels,Lunch with friends,Travel
5972,2024-10-25,33.09,Joe's Pizza,Joe's Pizza - Monthly subscription,Food
5973,2026-08-08,39.62,Electric Company,Electric Company - Prescription purchase,Bills
5974,2026-05-30,18.17,Garcia-Miranda,Taxi ride,Entertainment
5975,2025-12-29,18.9,Electric Company,Electric Company - Prescription purchase,Bills
5976,2026-03-19,30.61,Waterworks,Waterworks - Lunch with friends,Bills
5977,2024-09-15,54.62,Local High School,Local High School - Taxi ride,Education
5978,2025-04-30,2.58,Local Taxi,Local Taxi - Online purchase,Others
5979,2025-08-31,9.17,"Clarke, Casey and Smith","Clarke, Casey and Smith - Flight booking",Shopping
5980,2025-07-03,72.48,"Freeman, Lara and Rivera",Prescription purchase,Bills
5981,2025-12-11,71.95,"George, Mcmahon and Ibarra",Online purchase,Bills
5982,2025-12-26,53.47,Donaldson-Perez,Donaldson-Perez - Gas refill,Bills
5983,2024-08-22,9.39,Starbucks Coffee,Prescription purchase,Food
5984,2026-02-13,5.35,Local Taxi,Local Taxi - Course fee,Health
5985,2026-03-05,12.54,"Pittman, Garcia and Davis",Prescription purchase,Others
5986,2026-04-26,20.95,Fischer-Ortiz,Flight booking,Shopping
5987,2026-08-06,1.41,Carter-Middleton,Carter-Middleton - Gas refill,Bills
5988,2024-01-16,18.06,Corner Grocery,Hotel stay,Travel
5989,2025-11-01,16.06,"Kennedy, Greer and Brown",Course fee,Travel
5990,2026-07-26,15.48,Greer LLC,Greer LLC - Grocery shopping,Others
5991,2024-09-26,28.01,Hester-Holmes,Flight booking,Shopping
5992,2024-05-22,76.36,Uber Eats,Uber Eats - Course fee,Transport
5993,2025-06-18,124.81,Santos Ltd,Santos Ltd - Grocery shopping,Shopping
5994,2025-08-06,53.79,Randolph PLC,Randolph PLC - Monthly subscription,Others
5995,2023-12-09,27.58,Sherman PLC,Sherman PLC - Prescription purchase,Others
5996,2025-03-18,9.77,CVS Pharmacy,Monthly subscription,Health
5997,2024-05-29,60.85,Harris Group,Hotel stay,Travel
5998,2025-05-03,48.59,"King, Harris and Haynes","King, Harris and Haynes - Taxi ride",Shopping
5999,2026-03-25,42.08,"Williams, White and Martin","Williams, White and Martin - Prescription purchase",Others
6000,2025-11-10,143.48,Mall Outlet,Mall Outlet - Monthly subscription,Utilities
6001,2024-04-14,89.18,CVS Pharmacy,CVS Pharmacy - Hotel stay,Travel
6002,2023-09-14,46.72,Corner Grocery,Corner Grocery - Lunch with friends,Others
6003,2024-11-19,107.55,Spotify,Spotify - Electric bill payment,Entertainment
6004,2025-12-03,19.39,Watkins Inc,Watkins Inc - Hotel stay,Travel
6005,2025-06-04,61.43,Walmart Supercenter,Walmart Supercenter - Prescription purchase,Shopping
6006,2026-01-07,33.18,Gas Station,Grocery shopping,Bills
6007,2024-05-05,86.56,Waterworks,Waterworks - Online purchase,Bills
6008,2025-06-03,22.22,Spotify,Hotel stay,Travel
6009,2023-12-25,23.92,Spotify,Spotify - Lunch with friends,Entertainment
6010,2025-04-18,13.14,City Hospital,Prescription purchase,Shopping
6011,2024-05-29,9.33,Hilton Hotels,Prescription purchase,Travel
6012,2024-01-22,16.64,State University,State University - Course fee,Education
6013,2025-09-15,44.03,Clark-Thornton,Taxi ride,Shopping
6014,2025-01-26,2.1,Johns-Martinez,Johns-Martinez - Online purchase,Entertainment
6015,2025-09-09,86.64,Austin PLC,Austin PLC - Flight booking,Entertainment
6016,2026-08-02,18.33,CVS Pharmacy,CVS Pharmacy - Hotel stay,Travel
6017,2026-05-31,45.52,Electric Company,Electric Company - Grocery shopping,Bills
6018,2024-12-13,4.39,Waterworks,Online purchase,Bills
6019,2025-02-28,39.88,State University,State University - Monthly subscription,Education
6020,2025-09-29,38.3,Corner Grocery,Corner Grocery - Grocery shopping,Travel
6021,2023-12-08,54.81,"Duncan, Johnson and Moore","Duncan, Johnson and Moore - Grocery shopping",Entertainment
6022,2024-12-19,11.11,Uber Eats,Uber Eats - Electric bill payment,Transport
6023,2025-12-25,34.14,Local Taxi,Local Taxi - Monthly subscription,Shopping
6024,2024-09-30,93.16,Delta Airlines,Online purchase,Travel
6025,2024-03-07,73.74,Arellano-Johnson,Arellano-Johnson - Electric bill payment,Bills
6026,2026-07-27,37.43,Waterworks,Electric bill payment,Bills
6027,2023-10-29,115.15,"Sanford, Baldwin and Cook","Sanford, Baldwin and Cook - Hotel stay",Travel
6028,2024-01-25,45.46,Mall Outlet,Mall Outlet - Taxi ride,Education
6029,2023-10-22,39.53,Amazon Marketplace,Lunch with friends,Shopping
6030,2025-09-27,27.67,Local High School,Local High School - Prescription purchase,Education
6031,2026-02-11,2.69,State University,State University - Hotel stay,Travel
6032,2024-10-26,23.72,Bailey Ltd,Bailey Ltd - Online purchase,Food
6033,2024-12-27,30.15,"Davis, Johnson and Thomas",Gas refill,Bills
6034,2026-05-16,40.44,Local High School,Local High School - Flight booking,Education
6035,2026-05-31,123.27,Joe's Pizza,Joe's Pizza - Taxi ride,Food
6036,2024-05-07,39.77,Lyft,Monthly subscription,Transport
6037,2025-03-29,48.28,Waterworks,Prescription purchase,Bills
6038,2024-04-19,42.77,"Henderson, Fletcher and Mitchell","Henderson, Fletcher and Mitchell - Taxi ride",Transport
6039,2026-01-01,10.33,Hernandez-Smith,Hernandez-Smith - Grocery shopping,Food
6040,2024-04-29,62.68,Waterworks,Flight booking,Bills
6041,2024-03-09,12.63,"Skinner, Sanders and Clements",Prescription purchase,Entertainment
6042,2025-09-20,17.59,Spotify,Spotify - Grocery shopping,Entertainment
6043,2026-05-29,23.16,State University,State University - Gas refill,Education
6044,2025-05-14,16.38,Walmart Supercenter,Walmart Supercenter - Lunch with friends,Shopping
6045,2025-05-24,11.1,"Key, Singleton and Taylor","Key, Singleton and Taylor - Electric bill payment",Bills
6046,2024-08-19,39.28,"Myers, Taylor and Evans","Myers, Taylor and Evans - Electric bill payment",Bills
6047,2024-08-24,6.45,"Myers, Stone and Wilson",Monthly subscription,Bills
6048,2025-11-05,5.52,"Davis, Simpson and Mendez",Monthly subscription,Travel
6049,2025-09-18,14.17,Thompson-Zimmerman,Thompson-Zimmerman - Taxi ride,Food
6050,2025-12-25,6.93,"Rodriguez, Rogers and Mann",Electric bill payment,Bills
6051,2026-01-05,48.03,Delta Airlines,Delta Airlines - Lunch with friends,Travel
6052,2024-05-03,4.05,Corner Grocery,Prescription purchase,Transport
6053,2025-10-22,27.35,Spotify,Course fee,Entertainment
6054,2024-10-09,33.53,Spotify,Spotify - Course fee,Entertainment
6055,2025-12-28,176.2,Mall Outlet,Grocery shopping,Entertainment
6056,2024-09-10,6.38,Uber Eats,Electric bill payment,Transport
6057,2025-11-24,1.49,Walmart Supercenter,Walmart Supercenter - Lunch with friends,Shopping
6058,2024-02-24,14.97,Alexander Inc,Alexander Inc - Course fee,Utilities
6059,2025-06-16,84.86,Corner Grocery,Corner Grocery - Online purchase,Shopping
6060,2026-06-05,36.92,Davis Inc,Davis Inc - Taxi ride,Food
6061,2025-03-26,1.99,Hilton Hotels,Hilton Hotels - Electric bill payment,Travel
6062,2025-04-22,8.37,Cook Inc,Cook Inc - Gas refill,Bills
6063,2025-04-08,13.57,Hilton Hotels,Online purchase,Travel
6064,2024-04-12,101.21,Schroeder Ltd,Schroeder Ltd - Electric bill payment,Bills
6065,2025-05-05,18.58,Netflix Streaming,Netflix Streaming - Lunch with friends,Entertainment
6066,2024-04-12,5.65,Wyatt-Price,Wyatt-Price - Gas refill,Bills
6067,2026-03-12,3.76,Local Taxi,Local Taxi - Monthly subscription,Travel
6068,2025-12-22,17.64,City Hospital,City Hospital - Lunch with friends,Utilities
6069,2024-05-16,16.0,Farley-Smith,Farley-Smith - Monthly subscription,Entertainment
6070,2026-03-25,22.96,State University,Gas refill,Education
6071,2025-11-20,11.03,Gomez and Sons,Gomez and Sons - Electric bill payment,Bills
6072,2025-06-24,18.81,State University,State University - Taxi ride,Education
6073,2025-09-08,16.16,Hilton Hotels,Gas refill,Travel
6074,2025-11-17,32.63,Smith-Carlson,Smith-Carlson - Grocery shopping,Entertainment
6075,2024-12-04,5.44,Spotify,Spotify - Gas refill,Entertainment
6076,2024-01-18,47.49,Wells and Sons,Wells and Sons - Online purchase,Shopping
6077,2024-06-15,26.38,Waterworks,Waterworks - Flight booking,Bills
6078,2024-09-12,42.42,Starbucks Coffee,Starbucks Coffee - Hotel stay,Travel
6079,2024-08-30,11.61,Local High School,Local High School - Electric bill payment,Education
6080,2024-09-12,34.94,"Allen, Sparks and Randolph","Allen, Sparks and Randolph - Online purchase",Entertainment
6081,2024-09-02,40.23,City Hospital,City Hospital - Online purchase,Shopping
6082,2026-01-09,22.54,Lyft,Monthly subscription,Transport
6083,2024-08-09,21.7,Waterworks,Flight booking,Bills
6084,2025-07-09,35.36,Hilton Hotels,Hilton Hotels - Taxi ride,Travel
6085,2024-04-02,23.39,Foster and Sons,Foster and Sons - Prescription purchase,Food
6086,2026-04-07,19.38,Hilton Hotels,Hilton Hotels - Taxi ride,Travel
6087,2026-01-08,6.73,Local High School,Monthly subscription,Education
6088,2025-05-12,1.64,Bass Ltd,Hotel stay,Travel
6089,2026-04-11,17.23,Davis and Sons,Davis and Sons - Course fee,Others
6090,2024-03-03,27.13,State University,State University - Flight booking,Education
6091,2025-01-01,5.33,Local High School,Grocery shopping,Education
6092,2026-08-08,15.92,Local Taxi,Local Taxi - Electric bill payment,Bills
6093,2026-07-17,20.61,Lyft,Lyft - Online purchase,Transport
6094,2025-02-15,1.54,Corner Grocery,Online purchase,Food
6095,2025-05-18,25.79,Starbucks Coffee,Starbucks Coffee - Online purchase,Transport
6096,2024-05-21,15.44,Uber Eats,Uber Eats - Monthly subscription,Transport
6097,2025-04-12,7.99,Delta Airlines,Taxi ride,Travel
6098,2026-01-17,61.43,Local Taxi,Local Taxi - Electric bill payment,Bills
6099,2024-07-21,56.02,Uber Eats,Uber Eats - Course fee,Transport
6100,2025-06-13,31.07,Potter-Ortiz,Flight booking,Food
6101,2023-11-28,9.39,Reeves LLC,Reeves LLC - Hotel stay,Travel
6102,2025-12-16,12.16,Waterworks,Waterworks - Gas refill,Bills
6103,2024-09-08,4.79,Local High School,Monthly subscription,Education
6104,2025-03-22,21.87,"Horton, Watkins and Rogers","Horton, Watkins and Rogers - Gas refill",Bills
6105,2023-12-16,55.62,State University,Hotel stay,Travel
6106,2024-08-09,4.31,Dudley and Sons,Dudley and Sons - Grocery shopping,Shopping
6107,2024-07-25,51.75,"Douglas, Hubbard and Lynch","Douglas, Hubbard and Lynch - Hotel stay",Travel
6108,2025-12-26,29.15,City Hospital,City Hospital - Online purchase,Others
6109,2026-08-11,27.56,Mall Outlet,Mall Outlet - Lunch with friends,Transport
6110,2026-02-19,6.79,Hilton Hotels,Hilton Hotels - Prescription purchase,Travel
6111,2026-07-28,26.53,Flores Ltd,Flores Ltd - Online purchase,Food
6112,2025-07-01,45.31,"Harrell, Ortiz and Garcia","Harrell, Ortiz and Garcia - Course fee",Bills
6113,2024-04-19,22.44,Murray-Kim,Murray-Kim - Course fee,Shopping
6114,2024-08-25,4.47,"Smith, Nixon and Foley",Grocery shopping,Entertainment
6115,2025-07-29,38.51,Castro-Schultz,Castro-Schultz - Course fee,Shopping
6116,2026-08-12,5.06,Lyft,Course fee,Transport
6117,2025-07-07,27.81,Electric Company,Electric Company - Course fee,Bills
6118,2026-05-10,8.58,Netflix Streaming,Netflix Streaming - Lunch with friends,Entertainment
6119,2026-06-09,27.67,Uber Eats,Uber Eats - Hotel stay,Transport
6120,2024-04-05,16.59,Local Taxi,Local Taxi - Electric bill payment,Bills
6121,2024-07-30,21.99,"Guzman, Thompson and Cline",Grocery shopping,Travel
6122,2024-12-16,35.25,Joe's Pizza,Taxi ride,Food
6123,2024-06-25,6.62,Walmart Supercenter,Monthly subscription,Shopping
6124,2025-03-28,40.53,Starbucks Coffee,Lunch with friends,Transport
6125,2025-08-04,16.06,Mall Outlet,Mall Outlet - Hotel stay,Travel
6126,2025-08-26,24.97,Starbucks Coffee,Prescription purchase,Food
6127,2024-02-16,26.39,Local High School,Local High School - Taxi ride,Education
6128,2026-02-15,26.79,Mall Outlet,Online purchase,Entertainment
6129,2024-12-19,3.84,Miller Ltd,Electric bill payment,Bills
6130,2025-11-18,20.38,Oliver-Williams,Course fee,Shopping
6131,2026-07-13,41.94,City Hospital,City Hospital - Flight booking,Utilities
6132,2024-11-02,51.47,Local High School,Gas refill,Education
6133,2024-01-31,56.28,CVS Pharmacy,CVS Pharmacy - Flight booking,Health
6134,2026-06-19,48.17,Nelson Ltd,Flight booking,Entertainment
6135,2023-12-20,64.55,"Rose, Aguilar and Lopez","Rose, Aguilar and Lopez - Taxi ride",Travel
6136,2023-11-15,19.69,"Sandoval, Arnold and Lopez",Online purchase,Transport
6137,2024-01-30,41.78,"Sellers, Moore and Reilly","Sellers, Moore and Reilly - Online purchase",Travel
6138,2024-11-19,35.04,Netflix Streaming,Netflix Streaming - Grocery shopping,Entertainment
6139,2024-07-25,16.99,"Cox, Williamson and Williams",Taxi ride,Bills
6140,2024-05-13,31.54,Local High School,Flight booking,Education
6141,2026-08-28,22.27,Uber Eats,Uber Eats - Course fee,Transport
6142,2024-08-06,117.97,Amazon Marketplace,Taxi ride,Shopping
6143,2026-03-02,19.13,Thompson PLC,Electric bill payment,Bills
6144,2023-09-13,23.69,State University,Electric bill payment,Education
6145,2023-10-17,22.43,"Wang, Stewart and Smith","Wang, Stewart and Smith - Flight booking",Others
6146,2023-10-19,7.08,Waterworks,Waterworks - Online purchase,Bills
6147,2026-08-10,8.39,Gas Station,Course fee,Bills
6148,2024-08-11,28.06,Harrison Ltd,Harrison Ltd - Monthly subscription,Food
6149,2025-06-22,8.45,Miles LLC,Miles LLC - Lunch with friends,Entertainment
6150,2024-01-31,46.46,Corner Grocery,Corner Grocery - Gas refill,Bills
6151,2025-06-28,3.75,Uber Eats,Flight booking,Transport
6152,2025-05-03,15.55,Delta Airlines,Gas refill,Travel
6153,2025-12-01,34.92,Lyft,Online purchase,Transport
6154,2026-08-17,51.19,Uber Eats,Gas refill,Transport
6155,2024-09-05,120.89,Mall Outlet,Mall Outlet - Monthly subscription,Entertainment
6156,2025-04-16,6.79,Singh-Perez,Singh-Perez - Course fee,Shopping
6157,2025-03-25,14.62,Pierce LLC,Taxi ride,Transport
6158,2025-08-18,8.06,"Gutierrez, Evans and Cook",Online purchase,Travel
6159,2025-09-07,34.95,CVS Pharmacy,Grocery shopping,Health
6160,2025-02-28,13.48,Stone PLC,Stone PLC - Hotel stay,Travel
6161,2024-08-15,125.27,Joe's Pizza,Joe's Pizza - Taxi ride,Food
6162,2025-02-05,19.72,Sanders Inc,Sanders Inc - Electric bill payment,Bills
6163,2023-08-31,5.31,Rios Inc,Rios Inc - Hotel stay,Travel
6164,2024-02-06,28.04,Walmart Supercenter,Lunch with friends,Shopping
6165,2024-09-15,90.72,Local High School,Local High School - Hotel stay,Travel
6166,2024-04-05,4.09,Mosley-Rogers,Gas refill,Bills
6167,2023-09-14,19.86,Starbucks Coffee,Starbucks Coffee - Online purchase,Utilities
6168,2025-10-08,20.61,Uber Eats,Lunch with friends,Transport
6169,2026-05-24,18.3,"Little, Garcia and Landry","Little, Garcia and Landry - Electric bill payment",Bills
6170,2024-05-18,48.81,Uber Eats,Uber Eats - Hotel stay,Transport
6171,2024-08-12,42.67,Hubbard-Kirby,Hubbard-Kirby - Taxi ride,Education
6172,2026-01-16,8.73,Delta Airlines,Delta Airlines - Grocery shopping,Travel
6173,2025-04-30,16.34,Martin-Delgado,Online purchase,Food
6174,2025-11-29,36.43,Chambers-Mitchell,Chambers-Mitchell - Prescription purchase,Entertainment
6175,2025-02-03,26.91,Local Taxi,Local Taxi - Flight booking,Food
6176,2024-02-15,20.28,Gas Station,Gas Station - Flight booking,Bills
6177,2024-08-31,8.93,Mall Outlet,Mall Outlet - Course fee,Others
6178,2025-12-07,6.88,Corner Grocery,Corner Grocery - Flight booking,Entertainment
6179,2025-07-23,6.76,Schneider-Jones,Schneider-Jones - Hotel stay,Travel
6180,2026-07-21,12.0,Mall Outlet,Hotel stay,Travel
6181,2023-11-19,2.06,Thompson-Myers,Taxi ride,Food
6182,2023-11-03,99.17,Cuevas-Johnson,Cuevas-Johnson - Course fee,Others
6183,2025-04-02,141.72,Atkinson PLC,Atkinson PLC - Prescription purchase,Food
6184,2025-10-27,14.62,Hilton Hotels,Lunch with friends,Travel
6185,2025-06-28,14.28,State University,State University - Course fee,Education
6186,2026-04-05,13.59,State University,State University - Grocery shopping,Education
6187,2024-02-25,36.17,City Hospital,City Hospital - Lunch with friends,Food
6188,2026-03-16,21.07,Electric Company,Electric Company - Electric bill payment,Bills
6189,2025-12-26,17.97,Walmart Supercenter,Walmart Supercenter - Taxi ride,Shopping
6190,2023-11-11,65.59,Netflix Streaming,Netflix Streaming - Lunch with friends,Entertainment
6191,2024-02-14,5.45,"Jones, Edwards and Black",Flight booking,Others
6192,2026-04-29,4.76,City Hospital,Course fee,Others
6193,2025-09-14,66.39,Gas Station,Gas Station - Lunch with friends,Bills
6194,2025-10-21,16.6,CVS Pharmacy,Grocery shopping,Health
6195,2024-09-25,19.11,"Kane, Williams and Smith",Grocery shopping,Transport
6196,2024-02-14,6.81,Gas Station,Lunch with friends,Bills
6197,2024-11-26,20.48,Hilton Hotels,Hilton Hotels - Online purchase,Travel
6198,2025-01-10,24.91,Mitchell-Collins,Online purchase,Travel
6199,2024-05-19,17.26,"Hicks, Mercer and Bowen",Hotel stay,Travel
6200,2024-02-02,8.32,Ellison-Berger,Ellison-Berger - Lunch with friends,Travel
6201,2025-03-22,68.79,Cain-Eaton,Cain-Eaton - Taxi ride,Shopping
6202,2026-06-14,57.5,Bailey-Smith,Grocery shopping,Education
6203,2025-05-26,9.21,Miller-Garcia,Taxi ride,Utilities
6204,2025-08-28,64.97,Uber Eats,Uber Eats - Course fee,Transport
6205,2025-02-24,35.99,Mall Outlet,Mall Outlet - Course fee,Utilities
6206,2025-10-23,21.41,City Hospital,City Hospital - Electric bill payment,Bills
6207,2025-11-06,29.57,"Saunders, Rice and Beasley","Saunders, Rice and Beasley - Hotel stay",Travel
6208,2026-03-03,31.2,City Hospital,Course fee,Transport
6209,2024-02-20,13.61,CVS Pharmacy,CVS Pharmacy - Electric bill payment,Health
6210,2024-01-21,58.28,"Glenn, Jacobson and Benitez","Glenn, Jacobson and Benitez - Electric bill payment",Bills
6211,2023-12-30,3.19,Brown-Houston,Brown-Houston - Taxi ride,Shopping
6212,2026-05-06,17.27,Cherry-Wright,Cherry-Wright - Course fee,Utilities
6213,2025-10-16,21.8,Joe's Pizza,Gas refill,Food
6214,2024-08-10,38.85,Joe's Pizza,Joe's Pizza - Grocery shopping,Food
6215,2024-04-20,10.35,Local High School,Gas refill,Education
6216,2025-03-21,13.41,Amazon Marketplace,Flight booking,Shopping
6217,2023-12-18,78.75,Local Taxi,Local Taxi - Gas refill,Bills
6218,2025-05-11,49.05,"Schroeder, Le and Curtis","Schroeder, Le and Curtis - Taxi ride",Utilities
6219,2025-02-23,4.29,Amazon Marketplace,Electric bill payment,Shopping
6220,2024-11-14,19.7,Lyft,Taxi ride,Transport
6221,2024-02-23,9.63,Electric Company,Electric Company - Taxi ride,Bills
6222,2025-10-23,23.02,Dean-Meyer,Grocery shopping,Others
6223,2026-02-18,5.71,Hilton Hotels,Hilton Hotels - Taxi ride,Travel
6224,2026-07-31,33.26,Spotify,Flight booking,Entertainment
6225,2025-01-04,2.95,Walmart Supercenter,Electric bill payment,Shopping
6226,2025-04-01,1.77,Gas Station,Online purchase,Bills
6227,2025-10-18,29.3,Williams-Harris,Grocery shopping,Others
6228,2024-12-05,52.67,Parks LLC,Online purchase,Transport
6229,2025-03-14,54.73,Trujillo-Smith,Trujillo-Smith - Monthly subscription,Health
6230,2024-02-01,51.86,Wells-Smith,Prescription purchase,Entertainment
6231,2026-01-18,10.28,Electric Company,Electric Company - Monthly subscription,Bills
6232,2025-06-26,13.03,Mall Outlet,Gas refill,Bills
6233,2025-02-08,1.78,Gas Station,Flight booking,Bills
6234,2025-02-03,9.07,City Hospital,City Hospital - Lunch with friends,Shopping
6235,2023-08-30,10.0,Local High School,Local High School - Prescription purchase,Education
6236,2026-01-29,7.22,Reed Group,Gas refill,Bills
6237,2025-03-02,5.19,Joe's Pizza,Flight booking,Food
6238,2025-11-20,68.53,Delta Airlines,Lunch with friends,Travel
6239,2026-01-17,7.25,Netflix Streaming,Monthly subscription,Entertainment
6240,2025-07-11,67.4,Lyft,Lunch with friends,Transport
6241,2026-08-16,1.35,Delta Airlines,Delta Airlines - Hotel stay,Travel
6242,2025-11-20,103.61,Porter Inc,Porter Inc - Monthly subscription,Transport
6243,2024-08-17,19.13,Mall Outlet,Flight booking,Food
6244,2025-01-27,37.67,Corner Grocery,Lunch with friends,Entertainment
6245,2023-11-28,18.73,Gas Station,Gas refill,Bills
6246,2026-04-26,73.79,CVS Pharmacy,Online purchase,Health
6247,2024-10-29,4.58,"Jones, Moody and Cox","Jones, Moody and Cox - Course fee",Shopping
6248,2024-11-08,25.32,City Hospital,City Hospital - Course fee,Travel
6249,2024-07-03,29.2,Uber Eats,Course fee,Transport
6250,2026-06-01,66.19,Netflix Streaming,Netflix Streaming - Prescription purchase,Entertainment
6251,2024-12-25,11.06,"Huynh, White and Martinez","Huynh, White and Martinez - Flight booking",Food
6252,2024-01-26,6.96,Delta Airlines,Delta Airlines - Hotel stay,Travel
6253,2026-07-10,19.41,Local High School,Flight booking,Education
6254,2025-10-25,50.32,Ramirez PLC,Ramirez PLC - Lunch with friends,Bills
6255,2026-05-16,13.81,Electric Company,Flight booking,Bills
6256,2026-04-04,6.44,Electric Company,Electric Company - Flight booking,Bills
6257,2024-11-13,6.63,"Harding, Edwards and Quinn",Prescription purchase,Shopping
6258,2023-09-10,16.66,Lyft,Hotel stay,Transport
6259,2025-10-18,14.84,Local High School,Local High School - Grocery shopping,Education
6260,2024-05-10,54.67,Local High School,Local High School - Lunch with friends,Education
6261,2025-10-29,58.01,Electric Company,Online purchase,Bills
6262,2024-04-21,35.42,Uber Eats,Monthly subscription,Transport
6263,2026-03-30,1.74,Walmart Supercenter,Walmart Supercenter - Hotel stay,Travel
6264,2024-12-27,64.83,"Rodriguez, Cox and Smith","Rodriguez, Cox and Smith - Course fee",Health
6265,2026-03-07,58.23,Lyft,Monthly subscription,Transport
6266,2024-09-24,21.18,Hilton Hotels,Prescription purchase,Travel
6267,2023-10-23,43.88,"Johnson, Hale and Grant",Gas refill,Bills
6268,2024-06-05,24.8,Johnson LLC,Johnson LLC - Prescription purchase,Shopping
6269,2024-08-20,12.19,Spotify,Spotify - Grocery shopping,Entertainment
6270,2023-11-19,14.54,Walmart Supercenter,Walmart Supercenter - Grocery shopping,Shopping
6271,2024-02-21,1.99,Local High School,Flight booking,Education
6272,2024-07-25,1.81,Joe's Pizza,Joe's Pizza - Course fee,Food
6273,2023-10-11,38.17,Local High School,Local High School - Hotel stay,Travel
6274,2025-08-22,154.48,Uber Eats,Uber Eats - Grocery shopping,Transport
6275,2024-04-09,1.15,Waterworks,Waterworks - Lunch with friends,Bills
6276,2025-12-30,46.81,Bradley-Pearson,Bradley-Pearson - Electric bill payment,Bills
6277,2023-12-28,38.45,Electric Company,Online purchase,Bills
6278,2024-11-28,34.07,Robles PLC,Robles PLC - Grocery shopping,Entertainment
6279,2026-07-20,17.31,Local Taxi,Online purchase,Utilities
6280,2024-04-05,28.4,Brown-Crawford,Brown-Crawford - Monthly subscription,Shopping
6281,2025-08-30,29.89,"Contreras, Harris and Smith","Contreras, Harris and Smith - Grocery shopping",Entertainment
6282,2024-11-12,12.91,Local Taxi,Local Taxi - Monthly subscription,Utilities
6283,2024-12-07,69.38,"Taylor, Mata and Mckenzie",Hotel stay,Travel
6284,2025-03-24,48.92,Uber Eats,Taxi ride,Transport
6285,2024-10-02,32.63,State University,Electric bill payment,Education
6286,2026-05-03,15.05,Starbucks Coffee,Starbucks Coffee - Gas refill,Bills
6287,2024-03-07,14.15,Gas Station,Gas Station - Monthly subscription,Bills
6288,2024-08-21,79.03,Jones Group,Flight booking,Food
6289,2023-11-16,2.62,Walmart Supercenter,Hotel stay,Travel
6290,2025-02-15,10.58,"Henry, Middleton and Deleon",Online purchase,Shopping
6291,2024-01-28,14.11,Walmart Supercenter,Walmart Supercenter - Lunch with friends,Shopping
6292,2024-04-14,32.16,Waterworks,Waterworks - Monthly subscription,Bills
6293,2026-06-30,13.33,Walmart Supercenter,Monthly subscription,Shopping
6294,2025-10-02,27.47,CVS Pharmacy,CVS Pharmacy - Lunch with friends,Health
6295,2025-05-30,25.76,Amazon Marketplace,Online purchase,Shopping
6296,2024-10-03,16.32,Delta Airlines,Delta Airlines - Flight booking,Travel
6297,2025-03-09,44.91,Local High School,Hotel stay,Travel
6298,2023-11-27,43.73,Mall Outlet,Mall Outlet - Monthly subscription,Shopping
6299,2025-09-25,6.19,Spotify,Spotify - Prescription purchase,Entertainment
6300,2026-01-25,2.05,Spotify,Gas refill,Entertainment
6301,2025-11-19,52.76,Netflix Streaming,Netflix Streaming - Flight booking,Entertainment
6302,2025-03-04,34.23,"Richard, Green and Hughes","Richard, Green and Hughes - Grocery shopping",Travel
6303,2026-07-31,27.53,Terry PLC,Hotel stay,Travel
6304,2024-09-29,19.73,Werner Inc,Taxi ride,Education
6305,2024-12-20,60.72,Gas Station,Electric bill payment,Bills
6306,2026-02-05,9.46,Delta Airlines,Online purchase,Travel
6307,2026-04-03,12.86,"Richard, Welch and Johnson","Richard, Welch and Johnson - Flight booking",Shopping
6308,2025-06-08,43.9,"Juarez, Greer and Johnson","Juarez, Greer and Johnson - Electric bill payment",Bills
6309,2026-01-16,36.65,"Dean, Mccoy and Oneill",Grocery shopping,Food
6310,2025-10-28,29.61,Local Taxi,Local Taxi - Gas refill,Bills
6311,2026-08-23,56.64,Delta Airlines,Online purchase,Travel
6312,2024-07-24,12.19,Moss Inc,Hotel stay,Travel
6313,2025-05-17,40.58,Joe's Pizza,Joe's Pizza - Gas refill,Food
6314,2024-06-20,64.64,Sutton-George,Sutton-George - Flight booking,Education
6315,2025-08-23,2.28,Spotify,Online purchase,Entertainment
6316,2025-04-24,15.45,State University,State University - Course fee,Education
6317,2024-06-11,68.81,Joe's Pizza,Joe's Pizza - Flight booking,Food
6318,2026-01-25,40.28,State University,State University - Grocery shopping,Education
6319,2025-03-17,92.39,City Hospital,Flight booking,Shopping
6320,2025-09-07,62.9,Spotify,Monthly subscription,Entertainment
6321,2026-03-04,24.86,Corner Grocery,Lunch with friends,Others
6322,2024-01-25,6.58,"Watson, Frye and Wagner","Watson, Frye and Wagner - Monthly subscription",Bills
6323,2025-05-01,3.5,Joe's Pizza,Joe's Pizza - Monthly subscription,Food
6324,2026-07-13,36.0,CVS Pharmacy,CVS Pharmacy - Online purchase,Health
6325,2024-04-26,48.23,Electric Company,Electric Company - Flight booking,Bills
6326,2024-11-14,6.52,Spotify,Lunch with friends,Entertainment
6327,2025-09-29,19.51,Howard Ltd,Taxi ride,Entertainment
6328,2025-09-13,47.28,Amazon Marketplace,Course fee,Shopping
6329,2026-04-05,77.48,"Miller, Moore and Martinez","Miller, Moore and Martinez - Hotel stay",Travel
6330,2024-08-04,29.26,Hamilton-Mendez,Hamilton-Mendez - Course fee,Utilities
6331,2025-08-31,1.14,Townsend Inc,Townsend Inc - Online purchase,Travel
6332,2023-11-13,1.26,"Hart, Brown and Nelson",Monthly subscription,Food
6333,2023-10-15,8.27,Starbucks Coffee,Starbucks Coffee - Grocery shopping,Others
6334,2025-10-15,3.9,"Gibbs, Mills and Rivera","Gibbs, Mills and Rivera - Prescription purchase",Bills
6335,2026-04-19,52.96,Lyft,Lyft - Course fee,Transport
6336,2025-08-23,27.46,Waterworks,Electric bill payment,Bills
6337,2023-10-14,44.84,"Rodriguez, Griffith and Carter","Rodriguez, Griffith and Carter - Gas refill",Bills
6338,2024-04-09,2.5,Gardner LLC,Gardner LLC - Grocery shopping,Health
6339,2025-06-13,27.02,Obrien Ltd,Obrien Ltd - Course fee,Shopping
6340,2024-08-21,67.22,Spotify,Spotify - Course fee,Entertainment
6341,2023-09-08,31.61,Hilton Hotels,Hilton Hotels - Taxi ride,Travel
6342,2024-06-18,7.2,Spotify,Electric bill payment,Entertainment
6343,2025-03-22,7.05,Mall Outlet,Mall Outlet - Hotel stay,Travel
6344,2025-04-12,4.14,"Hall, Murphy and Mills","Hall, Murphy and Mills - Monthly subscription",Shopping
6345,2024-11-22,57.67,Mall Outlet,Mall Outlet - Course fee,Food
6346,2026-04-22,17.65,Lyft,Hotel stay,Transport
6347,2024-06-18,60.41,Local Taxi,Electric bill payment,Bills
6348,2025-03-22,7.38,Starbucks Coffee,Starbucks Coffee - Lunch with friends,Others
6349,2025-06-13,29.73,Smith PLC,Gas refill,Bills
6350,2024-07-20,112.22,Mall Outlet,Mall Outlet - Grocery shopping,Others
6351,2025-05-10,92.23,Electric Company,Course fee,Bills
6352,2024-01-17,146.5,State University,Electric bill payment,Education
6353,2025-09-09,92.29,Mall Outlet,Mall Outlet - Online purchase,Food
6354,2025-10-13,52.02,"Murray, Rivera and Wood","Murray, Rivera and Wood - Electric bill payment",Bills
6355,2026-06-17,51.24,Spotify,Spotify - Course fee,Entertainment
6356,2024-07-17,1.0,"Clark, Price and Adams","Clark, Price and Adams - Electric bill payment",Bills
6357,2026-08-19,42.88,Lyft,Online purchase,Transport
6358,2026-02-17,51.5,Hilton Hotels,Grocery shopping,Travel
6359,2025-03-28,28.25,King-Rojas,Prescription purchase,Bills
6360,2026-01-17,22.65,Netflix Streaming,Electric bill payment,Entertainment
6361,2024-02-16,33.57,Starbucks Coffee,Monthly subscription,Shopping
6362,2024-04-04,13.17,Delta Airlines,Delta Airlines - Taxi ride,Travel
6363,2026-04-22,4.37,CVS Pharmacy,Online purchase,Health
6364,2025-06-04,32.18,Amazon Marketplace,Amazon Marketplace - Monthly subscription,Shopping
6365,2025-06-22,41.18,Electric Company,Hotel stay,Travel
6366,2024-08-23,2.76,Walmart Supercenter,Gas refill,Shopping
6367,2026-05-25,15.57,Mejia-Nichols,Online purchase,Shopping
6368,2024-08-26,26.42,Joe's Pizza,Joe's Pizza - Lunch with friends,Food
6369,2024-12-28,21.3,Jones-Williams,Taxi ride,Education
6370,2024-05-27,28.38,Starbucks Coffee,Starbucks Coffee - Taxi ride,Utilities
6371,2025-02-06,19.97,Lyft,Lyft - Grocery shopping,Transport
6372,2025-09-14,20.14,Mall Outlet,Course fee,Food
6373,2024-08-20,33.37,Joe's Pizza,Joe's Pizza - Flight booking,Food
6374,2024-11-21,2.32,Robinson-Lee,Robinson-Lee - Taxi ride,Transport
6375,2026-06-17,5.21,Spotify,Spotify - Monthly subscription,Entertainment
6376,2026-08-18,1.23,Gas Station,Gas Station - Grocery shopping,Bills
6377,2026-04-22,32.26,CVS Pharmacy,Lunch with friends,Health
6378,2024-12-03,52.38,Corner Grocery,Corner Grocery - Monthly subscription,Others
6379,2024-09-03,35.34,Electric Company,Electric Company - Hotel stay,Travel
6380,2025-07-01,31.27,Waterworks,Taxi ride,Bills
6381,2023-12-09,36.52,Local Taxi,Local Taxi - Prescription purchase,Travel
6382,2023-12-26,82.68,"Stein, Marsh and Lee","Stein, Marsh and Lee - Lunch with friends",Utilities
6383,2024-01-11,8.82,Olson Inc,Taxi ride,Travel
6384,2025-07-23,24.33,Smith LLC,Smith LLC - Flight booking,Transport
6385,2025-04-02,39.76,Spotify,Electric bill payment,Entertainment
6386,2024-03-17,41.73,Walmart Supercenter,Walmart Supercenter - Prescription purchase,Shopping
6387,2024-05-16,120.96,Local High School,Local High School - Taxi ride,Education
6388,2023-10-01,26.71,Bennett-Trevino,Bennett-Trevino - Flight booking,Utilities
6389,2026-04-18,16.3,Local Taxi,Grocery shopping,Shopping
6390,2024-01-19,30.1,"Adams, Collins and Hernandez",Flight booking,Shopping
6391,2025-01-09,44.48,Corner Grocery,Lunch with friends,Transport
6392,2026-07-07,28.1,Amazon Marketplace,Amazon Marketplace - Online purchase,Shopping
6393,2024-04-24,8.71,City Hospital,City Hospital - Lunch with friends,Shopping
6394,2026-02-14,7.74,Hayes-Bernard,Hayes-Bernard - Prescription purchase,Travel
6395,2024-06-26,12.94,Mall Outlet,Mall Outlet - Grocery shopping,Food
6396,2024-08-14,39.68,Kelly PLC,Kelly PLC - Taxi ride,Entertainment
6397,2024-07-18,25.21,Starbucks Coffee,Starbucks Coffee - Gas refill,Bills
6398,2026-06-28,1.07,Local Taxi,Local Taxi - Flight booking,Shopping
6399,2025-05-19,2.64,Smith and Sons,Smith and Sons - Online purchase,Food
6400,2026-08-24,29.17,Joe's Pizza,Joe's Pizza - Prescription purchase,Food
6401,2023-09-03,4.69,Raymond-Martinez,Raymond-Martinez - Flight booking,Food
6402,2024-10-30,10.24,Local Taxi,Local Taxi - Hotel stay,Travel
6403,2024-12-21,48.54,Lyft,Lyft - Flight booking,Transport
6404,2026-06-11,50.91,Delta Airlines,Grocery shopping,Travel
6405,2024-04-28,43.16,Walmart Supercenter,Walmart Supercenter - Taxi ride,Shopping
6406,2023-09-20,52.14,City Hospital,City Hospital - Flight booking,Utilities
6407,2023-11-01,66.63,Martinez Ltd,Gas refill,Bills
6408,2026-08-12,21.99,Mall Outlet,Mall Outlet - Grocery shopping,Shopping
6409,2023-09-26,7.5,Local Taxi,Gas refill,Bills
6410,2025-12-15,132.09,Waterworks,Monthly subscription,Bills
6411,2024-04-23,42.38,Electric Company,Electric Company - Monthly subscription,Bills
6412,2023-09-19,58.31,Hilton Hotels,Online purchase,Travel
6413,2024-02-09,79.42,Lopez-Webster,Lopez-Webster - Course fee,Travel
6414,2024-12-02,56.43,Lyft,Grocery shopping,Transport
6415,2025-02-07,3.25,Delta Airlines,Delta Airlines - Hotel stay,Travel
6416,2026-07-28,63.09,Walmart Supercenter,Lunch with friends,Shopping
6417,2024-09-05,18.57,Ward-Graham,Ward-Graham - Gas refill,Bills
6418,2024-02-05,10.84,Thomas LLC,Thomas LLC - Prescription purchase,Shopping
6419,2024-09-20,8.92,"Mcguire, Benson and Brooks","Mcguire, Benson and Brooks - Online purchase",Food
6420,2025-06-20,2.51,CVS Pharmacy,Prescription purchase,Health
6421,2025-06-30,64.34,Joe's Pizza,Joe's Pizza - Course fee,Food
6422,2025-02-22,2.64,State University,State University - Flight booking,Education
6423,2024-11-21,1.83,Local Taxi,Local Taxi - Online purchase,Food
6424,2024-05-27,120.68,Rodriguez LLC,Rodriguez LLC - Prescription purchase,Shopping
6425,2024-11-26,41.61,Netflix Streaming,Prescription purchase,Entertainment
6426,2024-01-30,6.27,Edwards-Brown,Edwards-Brown - Lunch with friends,Transport
6427,2023-12-03,22.28,"Hughes, Small and Shelton","Hughes, Small and Shelton - Taxi ride",Shopping
6428,2024-03-31,14.04,Uber Eats,Uber Eats - Flight booking,Transport
6429,2023-12-15,81.55,Patel and Sons,Patel and Sons - Prescription purchase,Shopping
6430,2024-06-27,8.22,Netflix Streaming,Netflix Streaming - Prescription purchase,Entertainment
6431,2024-03-13,16.03,Electric Company,Grocery shopping,Bills
6432,2023-09-02,22.45,Local Taxi,Gas refill,Bills
6433,2024-06-10,24.47,Lyft,Lyft - Grocery shopping,Transport
6434,2024-11-30,68.69,Miller-Marsh,Miller-Marsh - Flight booking,Travel
6435,2023-12-12,3.31,Waterworks,Waterworks - Flight booking,Bills
6436,2024-07-10,13.06,Walmart Supercenter,Walmart Supercenter - Online purchase,Shopping
6437,2026-08-10,16.98,CVS Pharmacy,CVS Pharmacy - Prescription purchase,Health
6438,2023-10-03,46.84,Amazon Marketplace,Amazon Marketplace - Electric bill payment,Shopping
6439,2026-03-07,18.78,Starbucks Coffee,Electric bill payment,Bills
6440,2025-03-18,12.9,Electric Company,Lunch with friends,Bills
6441,2025-03-04,63.99,"Poole, Simmons and Blankenship","Poole, Simmons and Blankenship - Lunch with friends",Shopping
6442,2025-05-01,60.96,Local High School,Gas refill,Education
6443,2025-07-30,24.06,CVS Pharmacy,CVS Pharmacy - Taxi ride,Health
6444,2024-06-07,15.44,Lyft,Prescription purchase,Transport
6445,2025-03-30,17.86,White-Smith,Grocery shopping,Food
6446,2024-12-06,77.54,"Le, Moody and Smith",Grocery shopping,Shopping
6447,2025-04-02,48.11,CVS Pharmacy,CVS Pharmacy - Lunch with friends,Health
6448,2025-08-17,89.62,"Carrillo, Miranda and Little","Carrillo, Miranda and Little - Hotel stay",Travel
6449,2024-12-04,75.99,Clark Ltd,Clark Ltd - Taxi ride,Entertainment
6450,2024-12-09,71.38,Anderson LLC,Anderson LLC - Monthly subscription,Shopping
6451,2024-10-23,21.05,"Acevedo, Crawford and Riley","Acevedo, Crawford and Riley - Flight booking",Shopping
6452,2025-08-17,52.21,Cook LLC,Hotel stay,Travel
6453,2024-12-15,23.25,Gonzalez and Sons,Taxi ride,Food
6454,2024-04-15,3.47,Netflix Streaming,Netflix Streaming - Gas refill,Entertainment
6455,2025-04-18,45.57,"Rollins, Salazar and Gill",Hotel stay,Travel
6456,2026-07-20,40.25,Joe's Pizza,Gas refill,Food
6457,2025-11-23,77.25,Roberts Ltd,Roberts Ltd - Taxi ride,Bills
6458,2024-04-25,16.48,Electric Company,Electric Company - Prescription purchase,Bills
6459,2024-11-04,5.28,Local Taxi,Local Taxi - Monthly subscription,Entertainment
6460,2023-10-30,11.43,Gomez-Stevens,Lunch with friends,Food
6461,2024-01-08,2.54,City Hospital,City Hospital - Online purchase,Travel
6462,2024-12-12,29.61,Starbucks Coffee,Gas refill,Bills
6463,2025-03-31,24.32,Barker PLC,Barker PLC - Prescription purchase,Shopping
6464,2026-05-29,7.3,Mall Outlet,Mall Outlet - Electric bill payment,Bills
6465,2024-11-01,7.14,CVS Pharmacy,Prescription purchase,Health
6466,2024-10-12,29.25,Cook Inc,Prescription purchase,Food
6467,2024-08-28,34.8,Spotify,Spotify - Hotel stay,Travel
6468,2025-07-22,11.27,"Walker, Wood and Green",Course fee,Others
6469,2024-06-08,25.95,State University,State University - Taxi ride,Education
6470,2024-12-09,23.27,Mall Outlet,Monthly subscription,Entertainment
6471,2025-05-06,14.0,Waterworks,Grocery shopping,Bills
6472,2025-09-20,55.02,Delta Airlines,Delta Airlines - Online purchase,Travel
6473,2023-11-18,5.82,Chandler and Sons,Chandler and Sons - Prescription purchase,Health
6474,2024-08-22,44.68,Barker and Sons,Electric bill payment,Bills
6475,2026-07-18,8.26,Spotify,Spotify - Course fee,Entertainment
6476,2025-03-29,55.91,CVS Pharmacy,Grocery shopping,Health
6477,2023-10-07,1.6,Patterson-Gutierrez,Course fee,Travel
6478,2024-10-08,23.78,Delta Airlines,Delta Airlines - Prescription purchase,Travel
6479,2026-04-22,100.7,Starbucks Coffee,Starbucks Coffee - Taxi ride,Food
6480,2023-11-13,56.09,Lyft,Lyft - Monthly subscription,Transport
6481,2025-01-03,64.17,Uber Eats,Gas refill,Transport
6482,2024-02-21,26.41,Starbucks Coffee,Taxi ride,Utilities
6483,2026-05-12,7.14,Lyft,Lyft - Online purchase,Transport
6484,2025-01-09,44.31,Mall Outlet,Mall Outlet - Lunch with friends,Others
6485,2026-02-22,40.27,Netflix Streaming,Grocery shopping,Entertainment
6486,2025-04-15,14.21,Gray-Sanchez,Gray-Sanchez - Flight booking,Education
6487,2024-06-03,9.37,Amazon Marketplace,Electric bill payment,Shopping
6488,2025-09-08,1.71,Hilton Hotels,Hilton Hotels - Taxi ride,Travel
6489,2026-04-06,37.0,Carter-Brown,Hotel stay,Travel
6490,2023-10-09,7.58,Mejia-Newman,Mejia-Newman - Flight booking,Shopping
6491,2023-12-20,9.73,Lyft,Lunch with friends,Transport
6492,2024-08-02,64.1,Starbucks Coffee,Starbucks Coffee - Grocery shopping,Food
6493,2023-11-27,18.36,State University,Hotel stay,Travel
6494,2025-08-02,2.4,Spotify,Spotify - Grocery shopping,Entertainment
6495,2024-04-11,1.75,Amazon Marketplace,Amazon Marketplace - Grocery shopping,Shopping
6496,2026-04-17,33.6,Spotify,Electric bill payment,Entertainment
6497,2025-06-14,104.73,Wright-Fitzgerald,Monthly subscription,Others
6498,2023-09-17,3.67,Netflix Streaming,Netflix Streaming - Hotel stay,Travel
6499,2026-02-26,4.2,"Walters, Martinez and Garrison","Walters, Martinez and Garrison - Lunch with friends",Shopping
6500,2024-04-02,3.38,Netflix Streaming,Netflix Streaming - Course fee,Entertainment
6501,2026-04-19,28.97,Mall Outlet,Mall Outlet - Online purchase,Shopping
6502,2026-01-20,50.93,Delta Airlines,Delta Airlines - Grocery shopping,Travel
6503,2024-04-10,2.26,Taylor-Delgado,Taylor-Delgado - Hotel stay,Travel
6504,2025-10-10,18.7,Amazon Marketplace,Amazon Marketplace - Prescription purchase,Shopping
6505,2024-07-28,15.14,Delta Airlines,Delta Airlines - Online purchase,Travel
6506,2025-07-08,23.87,"Hall, Wilson and Hughes",Electric bill payment,Bills
6507,2024-11-05,5.66,Waterworks,Waterworks - Lunch with friends,Bills
6508,2024-08-19,2.83,Hilton Hotels,Prescription purchase,Travel
6509,2026-04-02,23.31,Hilton Hotels,Prescription purchase,Travel
6510,2024-01-09,16.94,Local Taxi,Local Taxi - Monthly subscription,Utilities
6511,2025-10-01,22.0,"White, Murphy and Green","White, Murphy and Green - Electric bill payment",Bills
6512,2026-08-02,42.29,Netflix Streaming,Electric bill payment,Entertainment
6513,2024-01-15,4.53,Walmart Supercenter,Flight booking,Shopping
6514,2025-10-04,6.02,Delta Airlines,Delta Airlines - Lunch with friends,Travel
6515,2025-05-09,55.45,Local Taxi,Local Taxi - Lunch with friends,Food
6516,2025-09-07,30.53,Lyft,Monthly subscription,Transport
6517,2024-11-24,50.11,Russell-Collins,Monthly subscription,Food
6518,2025-02-08,6.71,City Hospital,City Hospital - Grocery shopping,Utilities
6519,2024-01-09,33.06,Smith-Hodges,Online purchase,Transport
6520,2026-05-08,8.74,Netflix Streaming,Netflix Streaming - Course fee,Entertainment
6521,2026-05-14,121.13,Lyft,Lunch with friends,Transport
6522,2023-11-26,38.1,Amazon Marketplace,Amazon Marketplace - Course fee,Shopping
6523,2024-12-17,66.96,Amazon Marketplace,Taxi ride,Shopping
6524,2024-12-29,6.03,Mall Outlet,Mall Outlet - Monthly subscription,Shopping
6525,2024-09-13,37.75,Lee Inc,Lee Inc - Hotel stay,Travel
6526,2026-07-28,16.47,Mitchell LLC,Mitchell LLC - Course fee,Bills
6527,2025-05-11,27.17,Electric Company,Electric Company - Monthly subscription,Bills
6528,2024-08-03,32.74,Lyft,Online purchase,Transport
6529,2025-12-22,23.19,Amazon Marketplace,Amazon Marketplace - Online purchase,Shopping
6530,2024-09-12,16.68,Gas Station,Gas Station - Taxi ride,Bills
6531,2026-05-10,12.68,Spotify,Online purchase,Entertainment
6532,2026-05-16,45.49,Waterworks,Flight booking,Bills
6533,2026-06-23,35.9,Walmart Supercenter,Gas refill,Shopping
6534,2023-10-06,6.69,Mcgrath Inc,Hotel stay,Travel
6535,2025-06-20,1.04,"Thompson, Smith and Moore",Prescription purchase,Bills
6536,2026-06-06,17.65,"Jones, Barrett and Dominguez","Jones, Barrett and Dominguez - Taxi ride",Shopping
6537,2026-05-17,1.63,"Howell, Nguyen and Acevedo",Gas refill,Bills
6538,2024-08-28,23.2,Spotify,Electric bill payment,Entertainment
6539,2025-05-31,9.02,"Jones, Holland and Hobbs","Jones, Holland and Hobbs - Gas refill",Bills
6540,2024-02-03,22.99,Local Taxi,Local Taxi - Flight booking,Travel
6541,2025-08-25,25.55,City Hospital,City Hospital - Electric bill payment,Bills
6542,2024-02-08,48.63,Brown-Henry,Brown-Henry - Monthly subscription,Shopping
6543,2023-11-24,17.92,Starbucks Coffee,Grocery shopping,Food
6544,2024-09-07,4.81,Mall Outlet,Mall Outlet - Monthly subscription,Shopping
6545,2023-10-06,65.13,Graham PLC,Taxi ride,Shopping
6546,2025-07-31,25.27,Uber Eats,Uber Eats - Gas refill,Transport
6547,2026-04-08,88.84,Electric Company,Taxi ride,Bills
6548,2024-03-13,11.75,City Hospital,Monthly subscription,Shopping
6549,2025-04-02,123.42,Delta Airlines,Delta Airlines - Electric bill payment,Travel
6550,2024-10-10,30.62,Starbucks Coffee,Starbucks Coffee - Hotel stay,Travel
6551,2024-08-21,6.67,Peterson-Miller,Peterson-Miller - Prescription purchase,Entertainment
6552,2025-05-28,183.93,Lyft,Course fee,Transport
6553,2024-04-10,114.75,Jones-Bryant,Jones-Bryant - Flight booking,Shopping
6554,2024-09-21,49.56,Mall Outlet,Online purchase,Others
6555,2026-04-03,1.78,Local Taxi,Local Taxi - Course fee,Travel
6556,2025-08-23,1.85,Joe's Pizza,Joe's Pizza - Gas refill,Food
6557,2023-09-26,18.15,Local High School,Local High School - Flight booking,Education
6558,2024-11-17,11.18,Walmart Supercenter,Walmart Supercenter - Course fee,Shopping
6559,2023-10-27,32.99,Mall Outlet,Flight booking,Food
6560,2025-08-14,58.03,Waterworks,Waterworks - Online purchase,Bills
6561,2023-12-27,24.92,Hilton Hotels,Online purchase,Travel
6562,2025-08-15,61.62,Corner Grocery,Hotel stay,Travel
6563,2025-04-16,12.51,Joe's Pizza,Electric bill payment,Food
6564,2025-11-29,16.4,Hilton Hotels,Hilton Hotels - Gas refill,Travel
6565,2026-05-28,86.61,Mall Outlet,Mall Outlet - Taxi ride,Shopping
6566,2024-08-09,9.44,Gas Station,Gas Station - Hotel stay,Travel
6567,2024-05-02,62.52,"Keller, Long and Lee","Keller, Long and Lee - Hotel stay",Travel
6568,2025-05-08,16.95,"Whitney, Lucero and Cowan","Whitney, Lucero and Cowan - Electric bill payment",Bills
6569,2025-05-26,35.4,Perry Inc,Perry Inc - Monthly subscription,Others
6570,2025-08-08,7.47,"Horne, Davis and Figueroa","Horne, Davis and Figueroa - Lunch with friends",Food
6571,2024-02-01,82.33,Amazon Marketplace,Online purchase,Shopping
6572,2023-11-08,7.21,Delta Airlines,Delta Airlines - Taxi ride,Travel
6573,2025-01-23,51.06,City Hospital,Prescription purchase,Shopping
6574,2024-07-20,22.99,Local Taxi,Prescription purchase,Transport
6575,2023-12-03,7.52,Waterworks,Waterworks - Grocery shopping,Bills
6576,2026-07-23,19.72,Waterworks,Waterworks - Hotel stay,Travel
6577,2024-06-18,62.08,City Hospital,City Hospital - Grocery shopping,Health
6578,2026-03-02,28.06,"Joyce, Weaver and Green",Lunch with friends,Utilities
6579,2025-12-08,4.73,"Cox, Walton and Stokes","Cox, Walton and Stokes - Online purchase",Transport
6580,2024-04-24,8.72,"Stewart, Gardner and Greene","Stewart, Gardner and Greene - Grocery shopping",Travel
6581,2025-08-17,25.99,Gas Station,Gas Station - Electric bill payment,Bills
6582,2024-05-28,70.25,Local High School,Local High School - Electric bill payment,Education
6583,2024-09-19,5.65,Robinson-Rodriguez,Robinson-Rodriguez - Hotel stay,Travel
6584,2025-02-13,6.07,Mall Outlet,Hotel stay,Travel
6585,2026-03-31,34.48,CVS Pharmacy,CVS Pharmacy - Monthly subscription,Health
6586,2024-09-01,7.88,Walmart Supercenter,Gas refill,Shopping
6587,2023-09-18,15.61,CVS Pharmacy,CVS Pharmacy - Taxi ride,Health
6588,2024-08-31,3.44,Hilton Hotels,Hilton Hotels - Flight booking,Travel
6589,2024-01-11,8.77,Local High School,Local High School - Lunch with friends,Education
6590,2024-12-13,33.87,Gas Station,Prescription purchase,Bills
6591,2025-10-29,40.96,Gas Station,Gas Station - Taxi ride,Bills
6592,2025-01-22,5.03,Walmart Supercenter,Walmart Supercenter - Electric bill payment,Shopping
6593,2025-01-13,41.82,Walmart Supercenter,Gas refill,Shopping
6594,2025-05-22,31.05,Chapman Group,Chapman Group - Gas refill,Bills
6595,2026-06-27,8.88,CVS Pharmacy,Hotel stay,Travel
6596,2024-12-24,11.76,"Sullivan, Green and Briggs","Sullivan, Green and Briggs - Prescription purchase",Shopping
6597,2026-05-09,46.45,CVS Pharmacy,CVS Pharmacy - Course fee,Health
6598,2025-08-28,17.48,Delta Airlines,Delta Airlines - Monthly subscription,Travel
6599,2023-11-01,26.85,"Johnson, Bell and Howell",Hotel stay,Travel
6600,2024-03-11,11.23,Local High School,Local High School - Taxi ride,Education
6601,2025-12-14,62.8,"Williams, Green and Griffith","Williams, Green and Griffith - Flight booking",Travel
6602,2023-10-18,2.8,Local Taxi,Local Taxi - Monthly subscription,Food
6603,2024-03-07,18.18,Starbucks Coffee,Starbucks Coffee - Hotel stay,Travel
6604,2025-11-22,7.85,Hilton Hotels,Hilton Hotels - Gas refill,Travel
6605,2024-05-22,11.81,City Hospital,City Hospital - Grocery shopping,Food
6606,2023-12-20,65.36,Lyft,Lunch with friends,Transport
6607,2025-04-01,16.34,Mall Outlet,Hotel stay,Travel
6608,2026-01-22,34.69,Pratt-Wood,Pratt-Wood - Taxi ride,Food
6609,2025-12-11,41.98,Walmart Supercenter,Hotel stay,Travel
6610,2025-09-18,23.12,Campbell-Choi,Campbell-Choi - Prescription purchase,Food
6611,2023-11-13,18.48,Spotify,Lunch with friends,Entertainment
6612,2025-06-08,122.16,Joe's Pizza,Joe's Pizza - Course fee,Food
6613,2025-03-26,15.8,Starbucks Coffee,Starbucks Coffee - Flight booking,Shopping
6614,2025-09-05,39.96,Hilton Hotels,Hilton Hotels - Taxi ride,Travel
6615,2026-03-22,15.69,Diaz-Lopez,Diaz-Lopez - Gas refill,Bills
6616,2024-07-31,88.11,"Martin, Rush and Campos","Martin, Rush and Campos - Gas refill",Bills
6617,2024-08-21,70.39,Corner Grocery,Corner Grocery - Gas refill,Bills
6618,2024-05-22,21.17,Wilson-Martinez,Online purchase,Education
6619,2024-11-25,19.65,Gas Station,Gas Station - Flight booking,Bills
6620,2025-11-17,3.61,Gas Station,Gas Station - Gas refill,Bills
6621,2026-07-03,40.86,Local High School,Grocery shopping,Education
6622,2026-02-26,46.26,Delta Airlines,Grocery shopping,Travel
6623,2023-10-21,15.52,Arnold-Cain,Arnold-Cain - Monthly subscription,Bills
6624,2026-08-05,76.68,Netflix Streaming,Netflix Streaming - Taxi ride,Entertainment
6625,2024-02-25,17.95,Mall Outlet,Mall Outlet - Lunch with friends,Others
6626,2025-02-12,20.48,Le Inc,Le Inc - Online purchase,Travel
6627,2024-05-17,92.82,Uber Eats,Uber Eats - Lunch with friends,Transport
6628,2025-12-11,22.85,CVS Pharmacy,CVS Pharmacy - Grocery shopping,Health
6629,2025-02-18,37.88,Starbucks Coffee,Starbucks Coffee - Online purchase,Shopping
6630,2024-02-06,22.37,Gas Station,Gas Station - Online purchase,Bills
6631,2025-01-05,75.54,Lyft,Online purchase,Transport
6632,2025-12-03,6.24,Francis LLC,Francis LLC - Flight booking,Utilities
6633,2023-09-07,1.68,Waterworks,Waterworks - Taxi ride,Bills
6634,2024-03-06,39.39,Amazon Marketplace,Amazon Marketplace - Lunch with friends,Shopping
6635,2023-10-01,17.81,City Hospital,City Hospital - Taxi ride,Utilities
6636,2024-10-07,47.87,Clark-Jones,Clark-Jones - Grocery shopping,Shopping
6637,2025-04-07,9.42,Electric Company,Grocery shopping,Bills
6638,2025-06-02,10.05,Carroll-Kennedy,Carroll-Kennedy - Online purchase,Entertainment
6639,2024-04-07,8.75,Fleming Ltd,Taxi ride,Others
6640,2025-12-02,1.69,Netflix Streaming,Hotel stay,Travel
6641,2024-04-09,8.46,Morris LLC,Lunch with friends,Travel
6642,2023-10-31,70.24,"Wells, Singleton and Jones","Wells, Singleton and Jones - Flight booking",Others
6643,2026-04-01,33.24,Taylor Group,Taxi ride,Shopping
6644,2026-03-29,15.45,"Lopez, Gardner and Wagner","Lopez, Gardner and Wagner - Lunch with friends",Food
6645,2025-11-12,9.06,"Jordan, Butler and Allen",Flight booking,Travel
6646,2024-10-10,17.71,"Nelson, Williams and Ramsey",Monthly subscription,Food
6647,2023-09-19,24.76,Smith-Peters,Smith-Peters - Online purchase,Education
6648,2024-05-31,10.1,Electric Company,Electric Company - Lunch with friends,Bills
6649,2024-02-25,55.7,Delta Airlines,Delta Airlines - Electric bill payment,Travel
6650,2024-03-27,26.66,Local Taxi,Course fee,Others
6651,2025-05-29,6.12,Walmart Supercenter,Prescription purchase,Shopping
6652,2026-04-03,91.89,Weaver-Massey,Weaver-Massey - Monthly subscription,Food
6653,2026-04-28,20.75,Starbucks Coffee,Starbucks Coffee - Prescription purchase,Travel
6654,2024-03-14,81.6,"Hill, Carson and Drake","Hill, Carson and Drake - Hotel stay",Travel
6655,2025-05-18,44.37,Rogers LLC,Rogers LLC - Grocery shopping,Health
6656,2024-06-28,2.78,Reeves-Hayes,Lunch with friends,Others
6657,2024-01-01,13.64,Gas Station,Gas Station - Flight booking,Bills
6658,2025-02-12,33.39,Netflix Streaming,Netflix Streaming - Flight booking,Entertainment
6659,2025-12-04,67.25,"Gomez, Fowler and Henderson","Gomez, Fowler and Henderson - Flight booking",Utilities
6660,2026-07-13,48.54,Cohen and Sons,Cohen and Sons - Prescription purchase,Food
6661,2026-08-24,16.72,Hilton Hotels,Taxi ride,Travel
6662,2024-02-07,34.98,Local High School,Local High School - Course fee,Education
6663,2025-05-24,5.34,CVS Pharmacy,Grocery shopping,Health
6664,2026-03-26,42.78,Vance LLC,Vance LLC - Monthly subscription,Utilities
6665,2023-10-08,6.64,"Stark, Cox and Benton",Monthly subscription,Food
6666,2026-02-07,40.83,Amazon Marketplace,Amazon Marketplace - Flight booking,Shopping
6667,2025-04-17,35.87,Corner Grocery,Electric bill payment,Bills
6668,2024-10-17,56.76,Villarreal-Holmes,Villarreal-Holmes - Flight booking,Utilities
6669,2024-06-23,4.14,Local Taxi,Online purchase,Transport
6670,2025-09-16,13.43,Electric Company,Electric Company - Grocery shopping,Bills
6671,2026-03-25,20.24,Joe's Pizza,Joe's Pizza - Flight booking,Food
6672,2024-06-08,23.05,Starbucks Coffee,Starbucks Coffee - Gas refill,Bills
6673,2024-11-20,15.72,Williams-Walsh,Gas refill,Bills
6674,2025-09-20,5.2,Corner Grocery,Corner Grocery - Monthly subscription,Others
6675,2024-07-09,162.98,Spotify,Grocery shopping,Entertainment
6676,2025-12-14,19.96,Lyft,Course fee,Transport
6677,2023-10-22,3.21,City Hospital,City Hospital - Online purchase,Food
6678,2025-10-24,53.84,Joe's Pizza,Monthly subscription,Food
6679,2026-01-16,1.04,Henderson Ltd,Henderson Ltd - Taxi ride,Food
6680,2025-08-06,9.79,Netflix Streaming,Netflix Streaming - Course fee,Entertainment
6681,2025-05-23,71.09,Shaw and Sons,Shaw and Sons - Gas refill,Bills
6682,2026-05-13,14.97,Black-Bullock,Black-Bullock - Electric bill payment,Bills
6683,2026-04-30,34.59,Johnson Ltd,Johnson Ltd - Online purchase,Food
6684,2026-06-26,13.79,Uber Eats,Monthly subscription,Transport
6685,2024-09-16,47.15,Local High School,Course fee,Education
6686,2026-03-02,67.01,Barnett Inc,Barnett Inc - Course fee,Food
6687,2025-08-03,9.71,CVS Pharmacy,Gas refill,Health
6688,2026-07-07,23.36,Local High School,Local High School - Course fee,Education
6689,2026-04-17,13.73,"Marshall, Hernandez and Smith","Marshall, Hernandez and Smith - Grocery shopping",Food
6690,2024-10-21,77.09,Hilton Hotels,Lunch with friends,Travel
6691,2026-06-10,15.55,Walmart Supercenter,Walmart Supercenter - Online purchase,Shopping
6692,2024-06-01,8.67,Mall Outlet,Mall Outlet - Hotel stay,Travel
6693,2024-05-24,40.66,Starbucks Coffee,Monthly subscription,Transport
6694,2025-04-21,3.64,Starbucks Coffee,Starbucks Coffee - Hotel stay,Travel
6695,2025-12-02,113.11,Spotify,Spotify - Online purchase,Entertainment
6696,2024-09-06,4.0,Solis Group,Solis Group - Electric bill payment,Bills
6697,2025-11-14,3.95,Joe's Pizza,Monthly subscription,Food
6698,2024-12-28,51.32,Lyft,Lyft - Gas refill,Transport
6699,2024-11-22,3.95,CVS Pharmacy,CVS Pharmacy - Gas refill,Health
6700,2023-12-29,29.65,"Smith, Parsons and Greer","Smith, Parsons and Greer - Monthly subscription",Travel
6701,2025-06-12,15.24,CVS Pharmacy,CVS Pharmacy - Gas refill,Health
6702,2026-07-11,27.6,Miller Ltd,Miller Ltd - Course fee,Food
6703,2025-01-02,10.71,Uber Eats,Online purchase,Transport
6704,2024-06-20,144.11,Spotify,Gas refill,Entertainment
6705,2024-04-22,7.13,Local Taxi,Local Taxi - Taxi ride,Shopping
6706,2026-08-24,62.38,Hilton Hotels,Hilton Hotels - Gas refill,Travel
6707,2024-08-30,16.88,Walmart Supercenter,Grocery shopping,Shopping
6708,2025-02-27,5.58,Local Taxi,Flight booking,Food
6709,2025-11-24,22.1,Rivers-Savage,Lunch with friends,Food
6710,2024-11-05,23.06,"Wade, Wilson and Wilson","Wade, Wilson and Wilson - Monthly subscription",Health
6711,2023-12-24,27.27,Joe's Pizza,Joe's Pizza - Taxi ride,Food
6712,2024-07-22,72.22,Hines Inc,Hines Inc - Gas refill,Bills
6713,2025-08-04,11.96,Spotify,Online purchase,Entertainment
6714,2025-09-29,47.77,Mall Outlet,Mall Outlet - Flight booking,Entertainment
6715,2025-04-27,67.95,Delta Airlines,Delta Airlines - Online purchase,Travel
6716,2024-05-29,20.88,"Barber, Guerra and Mccoy","Barber, Guerra and Mccoy - Electric bill payment",Bills
6717,2023-12-13,70.23,Corner Grocery,Prescription purchase,Utilities
6718,2026-03-14,30.02,Garcia-Robertson,Garcia-Robertson - Course fee,Education
6719,2025-10-16,32.73,Smith Group,Smith Group - Hotel stay,Travel
6720,2023-09-02,64.37,Turner-Thompson,Turner-Thompson - Lunch with friends,Food
6721,2026-06-23,17.7,Spotify,Flight booking,Entertainment
6722,2025-05-27,46.98,Mcconnell-Rodriguez,Mcconnell-Rodriguez - Grocery shopping,Food
6723,2026-06-16,53.7,Uber Eats,Uber Eats - Hotel stay,Transport
6724,2023-12-25,18.34,Corner Grocery,Corner Grocery - Course fee,Food
6725,2025-07-19,54.47,Corner Grocery,Course fee,Bills
6726,2024-08-13,112.43,Delta Airlines,Delta Airlines - Grocery shopping,Travel
6727,2025-02-27,2.39,Jackson-Hamilton,Prescription purchase,Transport
6728,2025-10-29,47.0,"Williams, Ashley and Thompson",Taxi ride,Others
6729,2025-11-03,2.92,Delta Airlines,Course fee,Travel
6730,2024-12-17,35.43,Uber Eats,Course fee,Transport
6731,2025-08-03,150.61,Kennedy PLC,Kennedy PLC - Electric bill payment,Bills
6732,2026-02-04,33.02,Thompson Group,Thompson Group - Flight booking,Health
6733,2024-10-06,32.0,Hilton Hotels,Hilton Hotels - Course fee,Travel
6734,2026-01-29,30.72,State University,State University - Hotel stay,Travel
6735,2025-03-05,55.5,Amazon Marketplace,Amazon Marketplace - Monthly subscription,Shopping
6736,2024-01-03,19.22,Schneider-Foster,Gas refill,Bills
6737,2025-03-14,28.21,Netflix Streaming,Netflix Streaming - Course fee,Entertainment
6738,2025-11-08,4.55,"Barr, Salinas and Myers","Barr, Salinas and Myers - Taxi ride",Transport
6739,2026-04-11,5.26,City Hospital,City Hospital - Electric bill payment,Bills
6740,2024-06-28,17.44,Waterworks,Waterworks - Grocery shopping,Bills
6741,2026-06-06,1.43,Electric Company,Grocery shopping,Bills
6742,2025-01-16,2.27,"Mack, Stewart and Smith","Mack, Stewart and Smith - Online purchase",Food
6743,2024-05-17,13.51,Doyle-Rodriguez,Doyle-Rodriguez - Gas refill,Bills
6744,2026-06-08,11.77,Martin-Hughes,Monthly subscription,Others
6745,2026-06-10,5.72,Netflix Streaming,Course fee,Entertainment
6746,2024-05-13,11.89,Corner Grocery,Grocery shopping,Food
6747,2024-09-03,5.78,CVS Pharmacy,CVS Pharmacy - Gas refill,Health
6748,2026-08-01,12.49,Spotify,Spotify - Prescription purchase,Entertainment
6749,2024-04-27,30.98,Netflix Streaming,Electric bill payment,Entertainment
6750,2024-10-19,130.92,"Johnson, Maldonado and Johnson",Lunch with friends,Shopping
6751,2026-01-21,33.32,Lyft,Lyft - Grocery shopping,Transport
6752,2026-06-18,7.06,Amazon Marketplace,Amazon Marketplace - Course fee,Shopping
6753,2024-11-02,35.97,Mall Outlet,Mall Outlet - Online purchase,Shopping
6754,2023-09-14,42.74,Burton-Walker,Taxi ride,Health
6755,2024-02-23,75.12,Amazon Marketplace,Flight booking,Shopping
6756,2025-07-01,27.94,Local Taxi,Monthly subscription,Others
6757,2026-07-04,3.13,"Thompson, Williams and Brooks","Thompson, Williams and Brooks - Electric bill payment",Bills
6758,2025-06-21,9.56,"Mcneil, May and Stone","Mcneil, May and Stone - Lunch with friends",Entertainment
6759,2026-02-07,4.88,Starbucks Coffee,Starbucks Coffee - Taxi ride,Shopping
6760,2026-01-28,17.52,Gas Station,Gas Station - Lunch with friends,Bills
6761,2025-05-14,21.37,Joe's Pizza,Joe's Pizza - Taxi ride,Food
6762,2024-05-03,17.31,Local Taxi,Course fee,Shopping
6763,2024-04-29,35.7,Amazon Marketplace,Amazon Marketplace - Hotel stay,Travel
6764,2025-06-12,43.57,"Weeks, Cooper and Fletcher",Grocery shopping,Education
6765,2025-06-17,15.94,Electric Company,Electric Company - Taxi ride,Bills
6766,2026-02-06,1.41,Waterworks,Monthly subscription,Bills
6767,2025-12-24,37.19,City Hospital,Taxi ride,Shopping
6768,2025-02-11,6.01,Netflix Streaming,Netflix Streaming - Online purchase,Entertainment
6769,2025-01-09,52.91,Spotify,Spotify - Hotel stay,Travel
6770,2023-11-12,26.87,City Hospital,Gas refill,Bills
6771,2025-09-09,32.38,Starbucks Coffee,Starbucks Coffee - Monthly subscription,Shopping
6772,2025-01-21,17.76,Lyft,Lyft - Electric bill payment,Transport
6773,2024-07-10,51.91,Electric Company,Electric Company - Online purchase,Bills
6774,2023-11-26,23.68,Waterworks,Waterworks - Monthly subscription,Bills
6775,2024-08-24,133.45,Joe's Pizza,Gas refill,Food
6776,2024-05-06,50.72,CVS Pharmacy,CVS Pharmacy - Online purchase,Health
6777,2024-12-28,50.71,Spotify,Spotify - Taxi ride,Entertainment
6778,2025-11-26,37.38,CVS Pharmacy,Monthly subscription,Health
6779,2024-02-06,38.87,Joe's Pizza,Joe's Pizza - Hotel stay,Food
6780,2023-11-17,2.13,Starbucks Coffee,Starbucks Coffee - Hotel stay,Travel
6781,2025-09-16,15.53,Hilton Hotels,Prescription purchase,Travel
6782,2025-03-12,31.03,Spotify,Hotel stay,Travel
6783,2023-10-30,54.6,Roberts and Sons,Gas refill,Bills
6784,2024-09-26,33.73,Delta Airlines,Delta Airlines - Grocery shopping,Travel
6785,2023-09-22,32.04,Corner Grocery,Corner Grocery - Taxi ride,Food
6786,2025-01-03,11.58,Wilson-Stevens,Monthly subscription,Transport
6787,2025-01-30,15.48,Tapia Group,Electric bill payment,Bills
6788,2023-10-08,71.11,Electric Company,Electric Company - Monthly subscription,Bills
6789,2023-10-27,61.52,Electric Company,Online purchase,Bills
6790,2024-01-02,66.64,Walmart Supercenter,Walmart Supercenter - Taxi ride,Shopping
6791,2024-06-11,10.27,Corner Grocery,Gas refill,Bills
6792,2024-10-02,7.28,Hilton Hotels,Gas refill,Travel
6793,2024-04-06,52.07,CVS Pharmacy,CVS Pharmacy - Electric bill payment,Health
6794,2024-10-03,43.56,Brooks-Cain,Prescription purchase,Food
6795,2024-07-26,15.14,Gas Station,Gas Station - Prescription purchase,Bills
6796,2023-12-10,47.32,"Palmer, Thompson and Burke","Palmer, Thompson and Burke - Flight booking",Utilities
6797,2023-09-06,4.25,Ray-Stewart,Ray-Stewart - Flight booking,Food
6798,2025-12-25,6.88,Wilson and Sons,Wilson and Sons - Taxi ride,Food
6799,2025-07-04,31.88,Local Taxi,Local Taxi - Lunch with friends,Shopping
6800,2026-01-27,50.02,Waterworks,Waterworks - Lunch with friends,Bills
6801,2026-04-12,4.4,Gonzalez PLC,Hotel stay,Travel
6802,2025-03-11,3.45,Netflix Streaming,Netflix Streaming - Prescription purchase,Entertainment
6803,2026-02-11,46.89,Corner Grocery,Corner Grocery - Grocery shopping,Utilities
6804,2024-02-21,61.64,Uber Eats,Uber Eats - Monthly subscription,Transport
6805,2025-09-05,4.27,Electric Company,Course fee,Bills
6806,2025-11-02,38.6,Electric Company,Gas refill,Bills
6807,2025-10-18,1.78,Mall Outlet,Mall Outlet - Prescription purchase,Entertainment
6808,2024-01-31,138.47,Walmart Supercenter,Walmart Supercenter - Hotel stay,Travel
6809,2025-11-02,49.96,Wilson PLC,Gas refill,Bills
6810,2026-08-20,13.67,Morris-Ramirez,Course fee,Health
6811,2025-05-12,8.97,Hilton Hotels,Hilton Hotels - Flight booking,Travel
6812,2024-10-05,15.11,Spotify,Spotify - Prescription purchase,Entertainment
6813,2024-08-15,10.79,Uber Eats,Uber Eats - Grocery shopping,Transport
6814,2024-06-11,15.26,City Hospital,Taxi ride,Others
6815,2024-05-20,22.57,Amazon Marketplace,Flight booking,Shopping
6816,2023-12-14,88.73,Electric Company,Electric Company - Flight booking,Bills
6817,2024-02-12,19.14,Electric Company,Grocery shopping,Bills
6818,2024-06-03,16.64,Miller-Jones,Miller-Jones - Prescription purchase,Travel
6819,2024-08-15,7.08,State University,State University - Gas refill,Education
6820,2026-04-21,3.27,Cruz Group,Gas refill,Bills
6821,2024-02-10,20.28,Hodge PLC,Hodge PLC - Hotel stay,Travel
6822,2025-04-17,38.34,"Williamson, Park and Christensen",Flight booking,Education
6823,2025-12-16,28.34,Delta Airlines,Delta Airlines - Flight booking,Travel
6824,2026-02-25,8.28,Hernandez-Marks,Hotel stay,Travel
6825,2023-09-06,21.38,Starbucks Coffee,Starbucks Coffee - Online purchase,Health
6826,2024-10-22,95.17,Hilton Hotels,Monthly subscription,Travel
6827,2025-01-15,16.0,Bowen-Medina,Gas refill,Bills
6828,2026-05-16,32.16,Gas Station,Gas Station - Gas refill,Bills
6829,2024-03-23,5.62,Gas Station,Gas Station - Lunch with friends,Bills
6830,2026-05-24,15.34,Walmart Supercenter,Online purchase,Shopping
6831,2026-03-18,7.18,Gas Station,Gas Station - Taxi ride,Bills
6832,2024-04-29,2.38,Gas Station,Gas Station - Course fee,Bills
6833,2026-03-20,36.29,Delta Airlines,Delta Airlines - Gas refill,Travel
6834,2024-12-25,6.17,Local Taxi,Local Taxi - Monthly subscription,Food
6835,2025-05-26,66.93,Hilton Hotels,Electric bill payment,Travel
6836,2025-01-16,35.41,Long-Garcia,Long-Garcia - Taxi ride,Utilities
6837,2026-03-24,6.25,Martin-Bates,Martin-Bates - Lunch with friends,Others
6838,2025-03-26,76.12,City Hospital,City Hospital - Course fee,Travel
6839,2026-06-07,43.25,Massey-Morse,Massey-Morse - Course fee,Transport
6840,2024-01-12,22.25,Delta Airlines,Delta Airlines - Prescription purchase,Travel
6841,2025-06-14,8.69,Martin-Valenzuela,Monthly subscription,Education
6842,2026-06-24,24.03,Corner Grocery,Corner Grocery - Lunch with friends,Transport
6843,2026-05-18,23.33,Local High School,Local High School - Course fee,Education
6844,2024-07-02,25.38,Mall Outlet,Lunch with friends,Utilities
6845,2024-08-08,8.91,State University,State University - Monthly subscription,Education
6846,2024-11-08,47.35,Netflix Streaming,Netflix Streaming - Online purchase,Entertainment
6847,2026-03-19,40.2,CVS Pharmacy,CVS Pharmacy - Gas refill,Health
6848,2026-02-27,36.37,City Hospital,City Hospital - Taxi ride,Transport
6849,2025-03-27,81.37,Starbucks Coffee,Starbucks Coffee - Online purchase,Entertainment
6850,2025-02-11,11.39,Delta Airlines,Delta Airlines - Grocery shopping,Travel
6851,2024-08-16,49.33,Davis Ltd,Prescription purchase,Entertainment
6852,2025-03-21,28.84,Starbucks Coffee,Starbucks Coffee - Lunch with friends,Others
6853,2025-06-28,25.78,Gas Station,Gas Station - Taxi ride,Bills
6854,2023-12-29,12.59,Corner Grocery,Corner Grocery - Prescription purchase,Food
6855,2025-12-13,35.51,Local Taxi,Local Taxi - Grocery shopping,Shopping
6856,2026-03-10,23.42,Walmart Supercenter,Prescription purchase,Shopping
6857,2026-06-15,7.75,Local Taxi,Local Taxi - Online purchase,Transport
6858,2025-07-29,4.36,Mall Outlet,Hotel stay,Travel
6859,2024-01-31,21.91,Uber Eats,Prescription purchase,Transport
6860,2023-10-19,55.88,Starbucks Coffee,Starbucks Coffee - Online purchase,Food
6861,2026-07-20,4.26,Netflix Streaming,Netflix Streaming - Lunch with friends,Entertainment
6862,2024-03-16,10.2,Lyft,Lyft - Online purchase,Transport
6863,2024-12-30,20.66,Netflix Streaming,Netflix Streaming - Online purchase,Entertainment
6864,2025-10-23,18.86,Electric Company,Electric Company - Electric bill payment,Bills
6865,2024-07-16,2.27,Hilton Hotels,Hilton Hotels - Grocery shopping,Travel
6866,2026-06-23,3.25,Byrd Ltd,Lunch with friends,Education
6867,2025-11-13,38.3,CVS Pharmacy,CVS Pharmacy - Flight booking,Health
6868,2024-06-13,23.51,Joe's Pizza,Taxi ride,Food
6869,2024-12-16,17.02,Local High School,Local High School - Flight booking,Education
6870,2023-10-15,3.65,Hilton Hotels,Monthly subscription,Travel
6871,2024-10-31,10.72,Lyft,Lyft - Gas refill,Transport
6872,2025-11-13,123.46,Waterworks,Gas refill,Bills
6873,2026-06-04,16.74,Amazon Marketplace,Electric bill payment,Shopping
6874,2024-11-26,2.87,Vargas and Sons,Prescription purchase,Bills
6875,2026-01-26,1.61,Gas Station,Flight booking,Bills
6876,2024-06-23,20.26,Uber Eats,Lunch with friends,Transport
6877,2026-05-02,12.41,Local High School,Local High School - Flight booking,Education
6878,2024-12-05,14.75,Joe's Pizza,Hotel stay,Food
6879,2026-06-30,18.33,Lyft,Electric bill payment,Transport
6880,2024-10-10,5.22,Uber Eats,Uber Eats - Taxi ride,Transport
6881,2023-11-06,11.99,Wright-Myers,Wright-Myers - Taxi ride,Shopping
6882,2024-08-26,13.47,Gillespie-Arias,Gillespie-Arias - Hotel stay,Travel
6883,2023-11-08,21.48,Bryant-Conley,Lunch with friends,Shopping
6884,2026-06-17,23.66,"Carter, Berg and Adams",Taxi ride,Transport
6885,2023-10-20,17.15,Mall Outlet,Mall Outlet - Electric bill payment,Bills
6886,2026-04-14,45.33,Corner Grocery,Prescription purchase,Education
6887,2026-07-03,9.51,Uber Eats,Uber Eats - Monthly subscription,Transport
6888,2025-06-23,1.36,State University,State University - Online purchase,Education
6889,2026-05-26,23.03,Walmart Supercenter,Walmart Supercenter - Monthly subscription,Shopping
6890,2025-12-28,34.48,Corner Grocery,Gas refill,Bills
6891,2024-08-21,15.96,Mall Outlet,Gas refill,Bills
6892,2026-04-28,3.37,State University,State University - Hotel stay,Travel
6893,2023-08-31,7.22,Corner Grocery,Corner Grocery - Flight booking,Shopping
6894,2025-10-19,55.5,Delta Airlines,Delta Airlines - Gas refill,Travel
6895,2025-11-02,4.85,Davidson-Clayton,Davidson-Clayton - Flight booking,Others
6896,2025-01-09,11.28,Hilton Hotels,Electric bill payment,Travel
6897,2025-10-10,10.59,State University,Lunch with friends,Education
6898,2023-10-31,15.08,Corner Grocery,Corner Grocery - Online purchase,Travel
6899,2026-04-24,78.02,Netflix Streaming,Netflix Streaming - Hotel stay,Travel
6900,2025-06-23,11.74,Matthews-Johnson,Monthly subscription,Others
6901,2026-06-28,110.43,CVS Pharmacy,Taxi ride,Health
6902,2026-01-01,5.93,Mack Inc,Grocery shopping,Shopping
6903,2025-10-15,51.04,Corner Grocery,Prescription purchase,Bills
6904,2026-07-26,2.38,Waterworks,Waterworks - Hotel stay,Travel
6905,2025-05-07,27.92,Marks and Sons,Prescription purchase,Transport
6906,2024-08-08,6.41,"Terry, Smith and Cochran","Terry, Smith and Cochran - Grocery shopping",Food
6907,2025-11-11,73.12,Netflix Streaming,Netflix Streaming - Hotel stay,Travel
6908,2025-12-26,14.11,Local Taxi,Monthly subscription,Utilities
6909,2024-11-09,23.63,Local High School,Local High School - Flight booking,Education
6910,2025-11-20,43.73,Local High School,Local High School - Online purchase,Education
6911,2024-05-05,67.06,Lyft,Lyft - Electric bill payment,Transport
6912,2026-05-25,83.12,Mann and Sons,Mann and Sons - Hotel stay,Travel
6913,2024-02-08,13.81,Mall Outlet,Mall Outlet - Monthly subscription,Shopping
6914,2023-08-30,116.42,"Reynolds, Smith and Huerta",Hotel stay,Travel
6915,2023-09-12,28.37,Jackson-Gomez,Course fee,Travel
6916,2024-11-07,78.66,Joe's Pizza,Joe's Pizza - Online purchase,Food
6917,2023-10-26,14.72,Waterworks,Monthly subscription,Bills
6918,2025-03-29,32.27,Parsons-Griffin,Parsons-Griffin - Taxi ride,Education
6919,2025-02-11,23.54,Gas Station,Gas Station - Grocery shopping,Bills
6920,2023-09-03,23.54,Cohen-Wilson,Grocery shopping,Transport
6921,2024-02-16,9.23,Spotify,Gas refill,Entertainment
6922,2026-06-08,99.2,Beltran and Sons,Beltran and Sons - Electric bill payment,Bills
6923,2026-05-03,117.11,Starbucks Coffee,Starbucks Coffee - Online purchase,Health
6924,2025-08-02,3.99,Corner Grocery,Corner Grocery - Course fee,Shopping
6925,2026-07-16,68.15,Local Taxi,Local Taxi - Prescription purchase,Utilities
6926,2026-02-10,13.79,Local High School,Local High School - Course fee,Education
6927,2023-11-28,2.1,Gas Station,Grocery shopping,Bills
6928,2025-12-18,22.83,Waterworks,Grocery shopping,Bills
6929,2025-06-13,58.18,Lamb-Alvarado,Lamb-Alvarado - Online purchase,Food
6930,2023-11-26,12.66,Local Taxi,Local Taxi - Prescription purchase,Health
6931,2025-07-31,22.25,"Schneider, Salazar and Klein",Gas refill,Bills
6932,2024-10-14,65.33,Netflix Streaming,Taxi ride,Entertainment
6933,2025-04-08,6.75,City Hospital,Prescription purchase,Shopping
6934,2024-08-11,15.67,Corner Grocery,Lunch with friends,Utilities
6935,2025-11-01,4.72,Clark Ltd,Clark Ltd - Electric bill payment,Bills
6936,2024-07-15,6.78,Spotify,Gas refill,Entertainment
6937,2024-11-18,77.37,Waterworks,Gas refill,Bills
6938,2024-07-06,9.09,Lyft,Lyft - Taxi ride,Transport
6939,2024-05-03,21.95,Foley-Jacobson,Gas refill,Bills
6940,2025-01-21,17.8,Electric Company,Electric Company - Flight booking,Bills
6941,2025-11-10,8.57,Gardner-Johnson,Course fee,Bills
6942,2025-04-19,89.77,Hilton Hotels,Electric bill payment,Travel
6943,2024-09-13,3.59,Local High School,Local High School - Online purchase,Education
6944,2026-03-30,57.06,Berry-Perkins,Flight booking,Utilities
6945,2024-11-16,66.14,Local Taxi,Local Taxi - Lunch with friends,Transport
6946,2024-03-03,15.28,Starbucks Coffee,Grocery shopping,Shopping
6947,2025-11-02,49.06,Electric Company,Course fee,Bills
6948,2025-10-02,42.38,King-Myers,Course fee,Travel
6949,2024-07-12,12.28,Gas Station,Gas Station - Course fee,Bills
6950,2025-03-23,97.77,Gas Station,Gas Station - Online purchase,Bills
6951,2026-03-06,11.14,Perry Inc,Perry Inc - Taxi ride,Food
6952,2025-11-20,14.87,Netflix Streaming,Netflix Streaming - Electric bill payment,Entertainment
6953,2026-06-30,18.44,Local Taxi,Taxi ride,Food
6954,2025-11-10,3.35,Miller Inc,Taxi ride,Health
6955,2025-04-25,17.46,"Stevenson, Fox and Pena","Stevenson, Fox and Pena - Grocery shopping",Food
6956,2023-12-02,22.78,Local High School,Course fee,Education
6957,2026-05-16,19.67,Waterworks,Electric bill payment,Bills
6958,2025-01-28,51.58,Harris PLC,Harris PLC - Course fee,Shopping
6959,2025-02-13,2.02,Schneider-Dunn,Schneider-Dunn - Online purchase,Shopping
6960,2025-04-01,58.4,Hartman-Alexander,Lunch with friends,Transport
6961,2024-03-28,184.93,Waterworks,Waterworks - Flight booking,Bills
6962,2025-07-30,19.82,"Mueller, Freeman and Hudson","Mueller, Freeman and Hudson - Lunch with friends",Travel
6963,2025-09-30,14.73,Joe's Pizza,Joe's Pizza - Hotel stay,Food
6964,2025-06-04,3.82,Delta Airlines,Delta Airlines - Monthly subscription,Travel
6965,2024-01-14,73.15,Mall Outlet,Mall Outlet - Course fee,Travel
6966,2025-06-14,47.41,Waterworks,Flight booking,Bills
6967,2024-04-19,101.76,Lyft,Lyft - Grocery shopping,Transport
6968,2026-05-04,3.47,Delta Airlines,Delta Airlines - Electric bill payment,Travel
6969,2026-08-07,90.51,"Hill, Cisneros and Gill",Course fee,Travel
6970,2025-12-19,94.57,City Hospital,Electric bill payment,Bills
6971,2026-08-12,18.72,Starbucks Coffee,Electric bill payment,Bills
6972,2025-09-21,9.19,Netflix Streaming,Netflix Streaming - Course fee,Entertainment
6973,2026-05-18,11.64,State University,State University - Hotel stay,Travel
6974,2025-05-20,35.69,"Thomas, Jackson and Reid","Thomas, Jackson and Reid - Grocery shopping",Shopping
6975,2025-03-16,24.0,Esparza PLC,Monthly subscription,Others
6976,2025-05-05,1.58,Hilton Hotels,Hilton Hotels - Hotel stay,Travel
6977,2026-07-30,19.86,Starbucks Coffee,Starbucks Coffee - Gas refill,Bills
6978,2024-09-03,19.99,Stuart Inc,Gas refill,Bills
6979,2026-01-29,26.82,Netflix Streaming,Monthly subscription,Entertainment
6980,2024-02-21,38.02,Sanchez-Jackson,Flight booking,Utilities
6981,2024-11-22,13.25,Spotify,Hotel stay,Travel
6982,2024-01-24,61.2,Allen LLC,Online purchase,Shopping
6983,2024-12-23,25.38,CVS Pharmacy,CVS Pharmacy - Grocery shopping,Health
6984,2024-05-10,69.74,"Gardner, Bryant and Rodriguez",Gas refill,Bills
6985,2026-05-25,21.66,Starbucks Coffee,Starbucks Coffee - Electric bill payment,Bills
6986,2026-07-03,96.0,Esparza Ltd,Gas refill,Bills
6987,2024-10-12,3.48,Corner Grocery,Corner Grocery - Course fee,Shopping
6988,2025-01-31,23.64,Local High School,Hotel stay,Travel
6989,2024-04-20,82.72,Williams Group,Williams Group - Course fee,Bills
6990,2026-06-03,18.21,Local Taxi,Local Taxi - Taxi ride,Transport
6991,2026-01-01,14.61,"Jones, Collins and Nelson","Jones, Collins and Nelson - Online purchase",Transport
6992,2026-04-23,14.94,"Olson, Myers and Moore","Olson, Myers and Moore - Monthly subscription",Utilities
6993,2025-12-29,84.32,Taylor-Harrison,Electric bill payment,Bills
6994,2025-03-09,31.0,Ward-Johnson,Course fee,Shopping
6995,2024-03-26,25.74,City Hospital,City Hospital - Course fee,Others
6996,2024-04-06,1.7,Dawson-Johnson,Dawson-Johnson - Hotel stay,Travel
6997,2026-01-24,29.82,"Mills, Gonzalez and Lee",Flight booking,Travel
6998,2025-06-10,29.71,Hebert Group,Gas refill,Bills
6999,2024-03-14,33.16,Mall Outlet,Mall Outlet - Monthly subscription,Utilities
7000,2024-08-05,37.65,Gas Station,Gas Station - Lunch with friends,Bills
7001,2024-04-22,16.74,Farley-Page,Farley-Page - Gas refill,Bills
7002,2025-05-13,17.74,"Cisneros, Sims and Brown",Gas refill,Bills
7003,2025-05-23,28.03,Local Taxi,Local Taxi - Grocery shopping,Entertainment
7004,2025-05-21,46.35,"Stafford, Moody and Moon","Stafford, Moody and Moon - Flight booking",Food
7005,2025-04-10,10.15,Lyft,Lyft - Lunch with friends,Transport
7006,2026-07-05,12.97,Scott-Jordan,Scott-Jordan - Gas refill,Bills
7007,2026-02-19,50.67,Mall Outlet,Taxi ride,Shopping
7008,2024-05-13,9.52,Taylor LLC,Taylor LLC - Lunch with friends,Shopping
7009,2023-10-10,28.95,Uber Eats,Course fee,Transport
7010,2024-09-10,59.32,Corner Grocery,Corner Grocery - Grocery shopping,Food
7011,2024-05-29,5.24,Delta Airlines,Grocery shopping,Travel
7012,2024-08-30,18.6,Hilton Hotels,Gas refill,Travel
7013,2026-05-17,2.23,Local Taxi,Local Taxi - Course fee,Health
7014,2023-09-19,30.74,Uber Eats,Uber Eats - Course fee,Transport
7015,2025-01-17,31.71,Delta Airlines,Delta Airlines - Lunch with friends,Travel
7016,2025-08-07,8.47,Spotify,Online purchase,Entertainment
7017,2024-11-05,8.31,Uber Eats,Taxi ride,Transport
7018,2024-12-09,9.6,Starbucks Coffee,Starbucks Coffee - Online purchase,Entertainment
7019,2024-01-17,20.51,Martin Group,Gas refill,Bills
7020,2025-05-19,106.91,James-Ramirez,Lunch with friends,Food
7021,2026-03-05,33.24,Martin-Lane,Martin-Lane - Flight booking,Entertainment
7022,2025-06-07,4.56,"Cameron, Bridges and Parker","Cameron, Bridges and Parker - Hotel stay",Travel
7023,2025-12-25,52.99,Local High School,Grocery shopping,Education
7024,2024-09-24,21.6,Roman-Fowler,Roman-Fowler - Electric bill payment,Bills
7025,2025-05-24,37.75,Waterworks,Waterworks - Prescription purchase,Bills
7026,2024-02-09,3.78,Rodriguez-Knight,Rodriguez-Knight - Electric bill payment,Bills
7027,2023-11-11,26.77,Uber Eats,Uber Eats - Lunch with friends,Transport
7028,2024-10-12,8.26,Corner Grocery,Corner Grocery - Hotel stay,Travel
7029,2024-03-03,36.85,Uber Eats,Uber Eats - Prescription purchase,Transport
7030,2026-03-20,14.7,Amazon Marketplace,Amazon Marketplace - Hotel stay,Travel
7031,2024-12-22,21.78,Peck Ltd,Peck Ltd - Lunch with friends,Bills
7032,2025-10-16,25.13,Scott-Riley,Scott-Riley - Prescription purchase,Others
7033,2026-02-13,3.52,Gas Station,Gas Station - Lunch with friends,Bills
7034,2024-03-20,3.02,Hilton Hotels,Hilton Hotels - Online purchase,Travel
7035,2024-10-14,10.74,Gas Station,Gas Station - Electric bill payment,Bills
7036,2025-01-01,4.77,Lyft,Monthly subscription,Transport
7037,2023-09-06,42.93,City Hospital,City Hospital - Course fee,Travel
7038,2025-11-25,14.58,Mall Outlet,Mall Outlet - Electric bill payment,Bills
7039,2025-05-10,46.2,"Holloway, Willis and Bean",Grocery shopping,Others
7040,2026-01-18,37.26,State University,Grocery shopping,Education
7041,2025-09-20,9.15,Gutierrez-Weaver,Gutierrez-Weaver - Course fee,Entertainment
7042,2026-04-20,36.12,Blanchard Ltd,Taxi ride,Shopping
7043,2024-07-20,55.23,CVS Pharmacy,CVS Pharmacy - Hotel stay,Travel
7044,2025-08-08,23.07,Netflix Streaming,Netflix Streaming - Electric bill payment,Entertainment
7045,2026-08-04,23.26,Lee Ltd,Lee Ltd - Grocery shopping,Travel
7046,2025-09-13,60.21,Joe's Pizza,Joe's Pizza - Grocery shopping,Food
7047,2024-12-09,8.08,Joe's Pizza,Joe's Pizza - Monthly subscription,Food
7048,2025-12-10,20.22,Uber Eats,Uber Eats - Lunch with friends,Transport
7049,2024-08-08,52.82,Frye Ltd,Online purchase,Shopping
7050,2025-06-10,32.54,Uber Eats,Uber Eats - Grocery shopping,Transport
7051,2023-12-26,31.02,Hilton Hotels,Hilton Hotels - Lunch with friends,Travel
7052,2024-01-19,9.13,Amazon Marketplace,Grocery shopping,Shopping
7053,2025-12-18,36.5,Mann-Wall,Mann-Wall - Monthly subscription,Shopping
7054,2025-08-24,30.95,"Kennedy, Thompson and Thompson","Kennedy, Thompson and Thompson - Grocery shopping",Travel
7055,2024-05-05,26.52,Reynolds-Vega,Reynolds-Vega - Lunch with friends,Food
7056,2023-09-26,51.3,Waterworks,Waterworks - Taxi ride,Bills
7057,2025-08-01,31.98,Netflix Streaming,Gas refill,Entertainment
7058,2024-12-22,2.17,Foley-Smith,Foley-Smith - Monthly subscription,Travel
7059,2026-06-27,1.74,Delta Airlines,Delta Airlines - Flight booking,Travel
7060,2024-04-10,1.83,Corner Grocery,Corner Grocery - Flight booking,Others
7061,2026-03-14,10.74,CVS Pharmacy,Prescription purchase,Health
7062,2024-09-07,7.05,Graham-Soto,Monthly subscription,Others
7063,2025-08-10,19.46,Waterworks,Prescription purchase,Bills
7064,2024-03-21,81.05,City Hospital,City Hospital - Online purchase,Health
7065,2025-05-29,30.19,Ellison-Hunt,Ellison-Hunt - Taxi ride,Food
7066,2023-10-29,10.41,Joe's Pizza,Joe's Pizza - Flight booking,Food
7067,2024-12-04,24.35,Hernandez-Martinez,Hotel stay,Travel
7068,2026-05-30,120.42,City Hospital,City Hospital - Prescription purchase,Others
7069,2024-03-18,159.18,CVS Pharmacy,CVS Pharmacy - Prescription purchase,Health
7070,2024-11-20,13.42,Delta Airlines,Lunch with friends,Travel
7071,2023-11-08,9.99,Local High School,Taxi ride,Education
7072,2023-12-02,44.19,Mall Outlet,Mall Outlet - Taxi ride,Shopping
7073,2023-11-25,20.98,Local Taxi,Taxi ride,Food
7074,2025-10-07,66.55,Williams LLC,Williams LLC - Online purchase,Food
7075,2025-10-06,20.5,Amazon Marketplace,Amazon Marketplace - Monthly subscription,Shopping
7076,2025-09-14,36.98,Collins-Morris,Collins-Morris - Flight booking,Travel
7077,2024-12-21,17.22,"Bennett, Jacobs and Brooks",Flight booking,Utilities
7078,2024-04-23,11.1,Greene-Mooney,Greene-Mooney - Course fee,Entertainment
7079,2026-02-04,26.66,Smith PLC,Smith PLC - Hotel stay,Travel
7080,2025-11-04,1.29,Starbucks Coffee,Starbucks Coffee - Lunch with friends,Others
7081,2025-10-18,155.65,Uber Eats,Monthly subscription,Transport
7082,2025-04-03,9.84,Amazon Marketplace,Amazon Marketplace - Grocery shopping,Shopping
7083,2026-03-07,40.2,State University,State University - Grocery shopping,Education
7084,2025-06-13,57.36,Mall Outlet,Mall Outlet - Monthly subscription,Travel
7085,2025-01-11,17.42,Gas Station,Gas Station - Prescription purchase,Bills
7086,2024-05-19,9.1,Starbucks Coffee,Course fee,Health
7087,2025-05-30,32.86,Ellis Inc,Ellis Inc - Hotel stay,Travel
7088,2024-01-27,59.9,Uber Eats,Uber Eats - Flight booking,Transport
7089,2026-08-17,52.9,Lyft,Lyft - Prescription purchase,Transport
7090,2024-07-22,6.83,Krause Inc,Krause Inc - Grocery shopping,Shopping
7091,2024-12-08,12.42,Cantrell Inc,Electric bill payment,Bills
7092,2025-03-05,38.84,Hilton Hotels,Hilton Hotels - Course fee,Travel
7093,2025-06-22,36.95,Corner Grocery,Online purchase,Food
7094,2025-03-03,59.92,"Henry, Williams and Horn","Henry, Williams and Horn - Monthly subscription",Transport
7095,2024-05-22,8.9,Joe's Pizza,Joe's Pizza - Prescription purchase,Food
7096,2025-03-10,1.57,Starbucks Coffee,Starbucks Coffee - Hotel stay,Travel
7097,2026-05-05,5.73,Bartlett and Sons,Course fee,Education
7098,2025-08-13,11.52,State University,Hotel stay,Travel
7099,2026-06-06,7.75,Amazon Marketplace,Amazon Marketplace - Lunch with friends,Shopping
7100,2025-07-31,3.29,"Beck, Carpenter and Buchanan",Taxi ride,Health
7101,2024-01-26,38.39,State University,State University - Flight booking,Education
7102,2025-05-04,11.37,Hernandez-Keith,Hernandez-Keith - Gas refill,Bills
7103,2023-11-09,26.84,State University,State University - Course fee,Education
7104,2025-10-22,6.24,Uber Eats,Uber Eats - Course fee,Transport
7105,2026-05-26,5.75,Uber Eats,Uber Eats - Prescription purchase,Transport
7106,2025-04-10,33.16,Ramirez Group,Ramirez Group - Online purchase,Transport
7107,2026-07-05,8.67,Lyft,Grocery shopping,Transport
7108,2025-11-05,85.87,Walmart Supercenter,Online purchase,Shopping
7109,2026-01-05,60.83,"Russo, Brown and Phillips","Russo, Brown and Phillips - Gas refill",Bills
7110,2023-10-18,148.41,Mall Outlet,Mall Outlet - Course fee,Utilities
7111,2026-03-26,54.52,Delta Airlines,Lunch with friends,Travel
7112,2024-01-26,39.05,Corner Grocery,Corner Grocery - Lunch with friends,Travel
7113,2024-07-04,5.69,Waterworks,Waterworks - Monthly subscription,Bills
7114,2023-12-23,4.84,Price-Williams,Gas refill,Bills
7115,2025-07-09,20.75,Netflix Streaming,Gas refill,Entertainment
7116,2025-03-01,31.66,Buckley-Hess,Taxi ride,Shopping
7117,2025-04-05,63.07,"Ferguson, Herrera and Dominguez","Ferguson, Herrera and Dominguez - Gas refill",Bills
7118,2025-05-07,9.58,Local Taxi,Local Taxi - Lunch with friends,Education
7119,2024-09-15,25.76,Netflix Streaming,Online purchase,Entertainment
7120,2026-04-15,23.76,Hilton Hotels,Online purchase,Travel
7121,2023-10-13,21.72,Delta Airlines,Hotel stay,Travel
7122,2024-12-30,22.07,Knight-Moran,Online purchase,Transport
7123,2023-11-02,30.81,Spotify,Electric bill payment,Entertainment
7124,2024-02-14,28.34,"Holland, Harvey and Reid","Holland, Harvey and Reid - Grocery shopping",Shopping
7125,2024-09-17,3.87,Adkins LLC,Adkins LLC - Course fee,Bills
7126,2023-09-07,18.77,Delta Airlines,Delta Airlines - Flight booking,Travel
7127,2024-05-25,4.6,CVS Pharmacy,CVS Pharmacy - Course fee,Health
7128,2026-02-19,92.45,Taylor-Howard,Online purchase,Others
7129,2026-08-28,13.12,Spotify,Grocery shopping,Entertainment
7130,2023-11-10,122.43,Starbucks Coffee,Grocery shopping,Others
7131,2024-01-03,112.71,State University,State University - Online purchase,Education
7132,2023-12-11,5.4,Hilton Hotels,Hilton Hotels - Grocery shopping,Travel
7133,2025-05-31,45.4,"Gordon, Jimenez and Lawson",Flight booking,Food
7134,2024-02-15,32.01,Corner Grocery,Corner Grocery - Gas refill,Bills
7135,2026-08-01,3.97,CVS Pharmacy,Monthly subscription,Health
7136,2024-05-07,13.54,Gray-Hall,Gray-Hall - Electric bill payment,Bills
7137,2026-04-23,10.91,Corner Grocery,Corner Grocery - Prescription purchase,Food
7138,2026-08-04,57.07,Williams-Sanchez,Williams-Sanchez - Online purchase,Food
7139,2026-05-02,14.87,State University,State University - Lunch with friends,Education
7140,2026-04-26,30.03,Bond Ltd,Taxi ride,Utilities
7141,2025-02-05,4.06,City Hospital,City Hospital - Lunch with friends,Travel
7142,2026-07-19,3.73,Walmart Supercenter,Lunch with friends,Shopping
7143,2023-12-11,120.43,Local Taxi,Local Taxi - Lunch with friends,Shopping
7144,2026-01-10,26.41,Electric Company,Prescription purchase,Bills
7145,2025-06-04,5.96,Gas Station,Gas Station - Lunch with friends,Bills
7146,2024-06-09,16.75,Corner Grocery,Corner Grocery - Grocery shopping,Bills
7147,2023-09-10,13.67,Miller-Ramirez,Miller-Ramirez - Electric bill payment,Bills
7148,2025-05-27,46.09,Hilton Hotels,Taxi ride,Travel
7149,2026-07-29,5.44,CVS Pharmacy,CVS Pharmacy - Monthly subscription,Health
7150,2023-11-09,14.05,Avery Ltd,Avery Ltd - Monthly subscription,Food
7151,2024-07-28,13.9,State University,Monthly subscription,Education
7152,2024-04-04,67.9,Melton and Sons,Melton and Sons - Course fee,Others
7153,2026-02-13,8.67,City Hospital,City Hospital - Course fee,Utilities
7154,2025-07-12,15.42,Netflix Streaming,Netflix Streaming - Electric bill payment,Entertainment
7155,2024-07-27,16.2,Joe's Pizza,Joe's Pizza - Gas refill,Food
7156,2024-06-30,17.97,Hilton Hotels,Hilton Hotels - Lunch with friends,Travel
7157,2026-02-20,9.44,Electric Company,Electric Company - Hotel stay,Travel
7158,2024-05-05,1.25,Burgess-Chen,Electric bill payment,Bills
7159,2026-04-07,25.41,Uber Eats,Flight booking,Transport
7160,2024-07-09,35.3,Santiago-Hartman,Prescription purchase,Others
7161,2024-01-28,29.61,Mall Outlet,Mall Outlet - Gas refill,Bills
7162,2023-09-11,37.93,Spotify,Gas refill,Entertainment
7163,2023-11-26,11.16,Lee-Burns,Lee-Burns - Gas refill,Bills
7164,2024-09-03,27.9,Gray and Sons,Flight booking,Food
7165,2024-11-01,17.78,Rose-Hodge,Lunch with friends,Others
7166,2026-04-06,5.64,Stevenson-Hall,Stevenson-Hall - Lunch with friends,Entertainment
7167,2024-06-02,11.32,Electric Company,Lunch with friends,Bills
7168,2024-07-03,78.64,Pierce Ltd,Lunch with friends,Others
7169,2024-03-01,48.49,Weiss and Sons,Weiss and Sons - Flight booking,Travel
7170,2025-09-06,17.49,Walmart Supercenter,Walmart Supercenter - Lunch with friends,Shopping
7171,2024-09-22,9.43,Delta Airlines,Grocery shopping,Travel
7172,2026-02-27,7.01,Waterworks,Prescription purchase,Bills
7173,2024-03-25,24.04,Waterworks,Waterworks - Monthly subscription,Bills
7174,2024-02-11,10.71,Gas Station,Gas Station - Online purchase,Bills
7175,2026-03-17,18.47,Starbucks Coffee,Starbucks Coffee - Flight booking,Travel
7176,2023-11-27,40.69,Mall Outlet,Prescription purchase,Utilities
7177,2025-08-22,12.73,Joe's Pizza,Joe's Pizza - Online purchase,Food
7178,2024-04-09,10.59,"Garcia, Padilla and Finley",Hotel stay,Travel
7179,2025-05-13,19.83,"Caldwell, Gould and Johnson",Hotel stay,Travel
7180,2025-11-01,1.15,Mall Outlet,Flight booking,Shopping
7181,2025-03-07,9.83,Santos Ltd,Course fee,Health
7182,2024-07-03,27.41,Gas Station,Gas Station - Grocery shopping,Bills
7183,2026-01-05,5.0,Spotify,Lunch with friends,Entertainment
7184,2026-07-18,90.9,City Hospital,Course fee,Utilities
7185,2023-10-10,19.94,Freeman PLC,Freeman PLC - Gas refill,Bills
7186,2026-05-22,53.06,Mall Outlet,Mall Outlet - Electric bill payment,Bills
7187,2025-02-01,19.5,Uber Eats,Uber Eats - Prescription purchase,Transport
7188,2025-10-12,12.77,Waterworks,Waterworks - Taxi ride,Bills
7189,2026-05-14,76.62,Vang-Murphy,Electric bill payment,Bills
7190,2025-10-09,9.92,"Wagner, Perez and Hall","Wagner, Perez and Hall - Lunch with friends",Travel
7191,2024-08-11,30.01,Starbucks Coffee,Starbucks Coffee - Gas refill,Bills
7192,2026-08-23,9.1,Corner Grocery,Corner Grocery - Lunch with friends,Others
7193,2024-12-22,17.77,Netflix Streaming,Netflix Streaming - Grocery shopping,Entertainment
7194,2023-09-01,44.65,Waterworks,Waterworks - Lunch with friends,Bills
7195,2025-08-20,43.51,White and Sons,White and Sons - Course fee,Others
7196,2024-02-16,36.1,Netflix Streaming,Gas refill,Entertainment
7197,2024-01-15,24.55,State University,State University - Course fee,Education
7198,2026-05-04,1.18,Mall Outlet,Mall Outlet - Grocery shopping,Utilities
7199,2026-06-23,13.86,Electric Company,Electric Company - Electric bill payment,Bills
7200,2025-04-21,10.73,Kane-Smith,Kane-Smith - Hotel stay,Travel
7201,2026-07-30,1.34,Vasquez-Figueroa,Vasquez-Figueroa - Gas refill,Bills
7202,2025-06-08,18.74,Starbucks Coffee,Starbucks Coffee - Prescription purchase,Food
7203,2025-06-03,18.61,Burch PLC,Burch PLC - Lunch with friends,Others
7204,2025-10-15,3.09,State University,State University - Gas refill,Education
7205,2024-02-12,1.21,"Hanson, Romero and Rich","Hanson, Romero and Rich - Taxi ride",Travel
7206,2024-08-14,13.63,Local High School,Local High School - Grocery shopping,Education
7207,2025-06-17,9.14,Local High School,Local High School - Prescription purchase,Education
7208,2026-08-27,27.25,"Thomas, Miller and Benton",Lunch with friends,Travel
7209,2023-12-07,5.83,Electric Company,Electric Company - Flight booking,Bills
7210,2026-03-02,36.23,Joe's Pizza,Joe's Pizza - Online purchase,Food
7211,2026-08-18,26.63,Lyft,Lyft - Taxi ride,Transport
7212,2023-12-15,18.23,Gas Station,Taxi ride,Bills
7213,2026-08-02,11.18,Netflix Streaming,Prescription purchase,Entertainment
7214,2025-05-12,54.93,Spotify,Spotify - Flight booking,Entertainment
7215,2025-11-02,1.83,Starbucks Coffee,Hotel stay,Travel
7216,2024-11-28,30.29,Local High School,Local High School - Prescription purchase,Education
7217,2026-08-15,76.01,"Howell, Parker and Mason",Flight booking,Education
7218,2026-08-01,23.08,Uber Eats,Electric bill payment,Transport
7219,2026-01-02,23.73,Lyft,Lyft - Online purchase,Transport
7220,2025-07-24,71.49,Amazon Marketplace,Online purchase,Shopping
7221,2026-07-01,3.36,City Hospital,Electric bill payment,Bills
7222,2025-08-09,11.91,"Dean, Davis and Goodman",Flight booking,Entertainment
7223,2024-05-24,75.18,Morgan LLC,Hotel stay,Travel
7224,2026-02-06,71.52,Ford-Gibbs,Ford-Gibbs - Grocery shopping,Shopping
7225,2024-04-17,46.08,State University,Course fee,Education
7226,2025-12-20,2.03,Lyft,Lyft - Gas refill,Transport
7227,2025-12-21,88.67,"Nichols, Copeland and Byrd","Nichols, Copeland and Byrd - Flight booking",Utilities
7228,2026-06-20,49.76,Gas Station,Gas Station - Gas refill,Bills
7229,2023-11-09,24.08,Gas Station,Grocery shopping,Bills
7230,2024-11-16,62.76,CVS Pharmacy,CVS Pharmacy - Prescription purchase,Health
7231,2026-07-26,41.58,Greene Ltd,Electric bill payment,Bills
7232,2025-06-25,7.35,Electric Company,Hotel stay,Travel
7233,2024-08-12,46.52,Phillips and Sons,Electric bill payment,Bills
7234,2024-12-08,27.37,Spotify,Spotify - Monthly subscription,Entertainment
7235,2026-01-22,16.2,"Reynolds, Camacho and Miller","Reynolds, Camacho and Miller - Gas refill",Bills
7236,2023-09-12,27.21,Amazon Marketplace,Amazon Marketplace - Online purchase,Shopping
7237,2024-12-26,28.58,Waterworks,Gas refill,Bills
7238,2024-12-20,10.35,"Mckenzie, Gordon and Galvan",Lunch with friends,Shopping
7239,2023-11-05,5.36,Corner Grocery,Corner Grocery - Course fee,Others
7240,2023-11-15,15.35,"Baker, Prince and Allen","Baker, Prince and Allen - Gas refill",Bills
7241,2024-04-07,6.14,Electric Company,Electric Company - Monthly subscription,Bills
7242,2025-10-26,89.75,Local High School,Local High School - Monthly subscription,Education
7243,2024-09-26,17.96,"Moore, Randall and Walsh",Online purchase,Others
7244,2023-08-31,31.63,Local Taxi,Local Taxi - Electric bill payment,Bills
7245,2025-12-22,33.12,Waterworks,Waterworks - Grocery shopping,Bills
7246,2025-11-06,115.32,Cook Inc,Taxi ride,Travel
7247,2025-11-10,66.89,Waterworks,Waterworks - Flight booking,Bills
7248,2024-07-03,1.42,Waterworks,Monthly subscription,Bills
7249,2024-12-30,26.34,Walmart Supercenter,Electric bill payment,Shopping
7250,2025-03-29,11.33,Hilton Hotels,Hilton Hotels - Flight booking,Travel
7251,2026-02-21,1.77,Yates-Walker,Yates-Walker - Monthly subscription,Utilities
7252,2025-10-25,61.28,Local High School,Course fee,Education
7253,2024-08-10,1.51,Uber Eats,Uber Eats - Flight booking,Transport
7254,2024-01-08,45.18,Hickman-Mathews,Hickman-Mathews - Course fee,Education
7255,2023-12-30,36.93,Corner Grocery,Monthly subscription,Travel
7256,2024-12-14,52.46,Local Taxi,Electric bill payment,Bills
7257,2026-05-22,59.44,"Friedman, Becker and Hernandez","Friedman, Becker and Hernandez - Monthly subscription",Others
7258,2024-08-31,72.23,Mendoza Ltd,Electric bill payment,Bills
7259,2025-07-31,13.74,Waterworks,Gas refill,Bills
7260,2023-10-27,73.09,Anderson Ltd,Anderson Ltd - Online purchase,Bills
7261,2024-11-18,24.79,Corner Grocery,Prescription purchase,Transport
7262,2026-03-27,24.25,Hoffman LLC,Hoffman LLC - Online purchase,Entertainment
7263,2024-02-26,16.89,Local Taxi,Local Taxi - Grocery shopping,Food
7264,2026-01-20,69.23,Corner Grocery,Grocery shopping,Food
7265,2025-01-02,34.94,Hilton Hotels,Hilton Hotels - Grocery shopping,Travel
7266,2024-01-11,11.17,"Chandler, Wright and Nelson","Chandler, Wright and Nelson - Flight booking",Shopping
7267,2024-03-14,5.53,Spotify,Spotify - Taxi ride,Entertainment
7268,2024-10-02,4.47,Delta Airlines,Hotel stay,Travel
7269,2026-08-04,77.98,Pugh Group,Pugh Group - Course fee,Shopping
7270,2024-09-14,45.37,"Smith, Chung and Perry",Electric bill payment,Bills
7271,2025-08-08,3.72,Hilton Hotels,Hilton Hotels - Gas refill,Travel
7272,2025-11-19,5.34,"Price, Shea and Thomas",Taxi ride,Entertainment
7273,2024-04-08,8.56,Lyft,Lyft - Monthly subscription,Transport
7274,2023-12-31,55.74,Local High School,Electric bill payment,Education
7275,2024-12-14,5.55,Mall Outlet,Mall Outlet - Electric bill payment,Bills
7276,2024-05-30,3.36,Hilton Hotels,Monthly subscription,Travel
7277,2024-03-21,136.04,Uber Eats,Uber Eats - Hotel stay,Transport
7278,2024-04-11,10.71,Delta Airlines,Prescription purchase,Travel
7279,2023-10-17,4.04,Starbucks Coffee,Starbucks Coffee - Taxi ride,Utilities
7280,2024-01-31,133.18,Starbucks Coffee,Starbucks Coffee - Taxi ride,Food
7281,2026-06-22,42.68,"Manning, Williams and Gomez",Course fee,Utilities
7282,2025-03-10,14.12,Corner Grocery,Taxi ride,Others
7283,2024-09-13,19.79,Brown Ltd,Grocery shopping,Travel
7284,2024-08-09,4.26,Lyft,Lyft - Electric bill payment,Transport
7285,2026-01-17,96.61,Netflix Streaming,Netflix Streaming - Grocery shopping,Entertainment
7286,2025-12-23,3.54,Walmart Supercenter,Walmart Supercenter - Monthly subscription,Shopping
7287,2025-01-06,16.94,Walmart Supercenter,Walmart Supercenter - Gas refill,Shopping
7288,2024-10-10,11.92,Martin PLC,Course fee,Food
7289,2024-12-06,66.32,House-Wood,House-Wood - Lunch with friends,Entertainment
7290,2024-02-09,4.51,Walmart Supercenter,Walmart Supercenter - Electric bill payment,Shopping
7291,2023-12-28,218.09,Waterworks,Waterworks - Hotel stay,Travel
7292,2025-01-07,54.91,"Ruiz, Vasquez and Roberson",Lunch with friends,Health
7293,2025-03-25,4.78,CVS Pharmacy,CVS Pharmacy - Course fee,Health
7294,2025-12-04,21.42,Starbucks Coffee,Starbucks Coffee - Hotel stay,Travel
7295,2025-10-06,9.64,Washington PLC,Washington PLC - Gas refill,Bills
7296,2023-12-22,15.04,Morris Group,Morris Group - Hotel stay,Travel
7297,2025-11-30,25.77,Martinez PLC,Martinez PLC - Taxi ride,Food
7298,2026-05-23,25.61,Walmart Supercenter,Walmart Supercenter - Gas refill,Shopping
7299,2025-10-26,67.7,Spotify,Spotify - Prescription purchase,Entertainment
7300,2024-04-24,8.97,Walmart Supercenter,Walmart Supercenter - Online purchase,Shopping
7301,2025-11-17,8.65,Anderson and Sons,Anderson and Sons - Online purchase,Transport
7302,2026-08-05,51.95,Lyft,Lyft - Gas refill,Transport
7303,2024-06-20,39.38,Uber Eats,Uber Eats - Lunch with friends,Transport
7304,2024-03-15,112.98,Wilson-Little,Grocery shopping,Others
7305,2026-07-28,60.45,Lyft,Lyft - Gas refill,Transport
7306,2026-02-22,6.61,Local High School,Grocery shopping,Education
7307,2024-12-07,28.41,Local Taxi,Local Taxi - Prescription purchase,Health
7308,2026-07-22,9.6,Local Taxi,Local Taxi - Flight booking,Entertainment
7309,2025-11-25,7.95,State University,State University - Monthly subscription,Education
7310,2024-11-14,89.24,Waterworks,Flight booking,Bills
7311,2023-09-03,24.53,Local High School,Local High School - Grocery shopping,Education
7312,2023-09-17,132.07,Delta Airlines,Delta Airlines - Taxi ride,Travel
7313,2024-05-15,12.49,Delta Airlines,Hotel stay,Travel
7314,2024-10-10,38.34,Spotify,Hotel stay,Travel
7315,2026-08-29,14.58,Starbucks Coffee,Course fee,Shopping
7316,2024-07-27,4.29,Amazon Marketplace,Amazon Marketplace - Grocery shopping,Shopping
7317,2025-02-04,5.36,Local Taxi,Local Taxi - Lunch with friends,Entertainment
7318,2025-04-17,115.46,Mall Outlet,Mall Outlet - Gas refill,Bills
7319,2024-07-17,14.04,Electric Company,Electric Company - Monthly subscription,Bills
7320,2023-10-16,18.0,Local Taxi,Taxi ride,Travel
7321,2026-07-08,21.09,Ho Ltd,Ho Ltd - Course fee,Health
7322,2024-05-17,42.38,Mall Outlet,Online purchase,Others
7323,2024-09-19,85.88,Hilton Hotels,Hilton Hotels - Lunch with friends,Travel
7324,2023-12-10,25.77,Gas Station,Gas Station - Grocery shopping,Bills
7325,2025-03-09,16.25,Delta Airlines,Delta Airlines - Gas refill,Travel
7326,2026-06-24,5.94,Netflix Streaming,Lunch with friends,Entertainment
7327,2023-12-11,4.26,Mcknight PLC,Mcknight PLC - Hotel stay,Travel
7328,2024-09-19,26.06,Netflix Streaming,Netflix Streaming - Electric bill payment,Entertainment
7329,2025-06-18,16.1,Spotify,Spotify - Taxi ride,Entertainment
7330,2025-07-03,22.51,"Crawford, Rodgers and Scott",Flight booking,Education
7331,2023-09-02,16.47,City Hospital,City Hospital - Lunch with friends,Bills
7332,2024-01-20,4.65,CVS Pharmacy,CVS Pharmacy - Prescription purchase,Health
7333,2025-04-04,14.04,Uber Eats,Monthly subscription,Transport
7334,2024-11-17,5.15,Spotify,Taxi ride,Entertainment
7335,2026-06-15,120.81,White Ltd,White Ltd - Taxi ride,Others
7336,2026-04-04,8.77,City Hospital,City Hospital - Gas refill,Bills
7337,2024-04-18,6.35,CVS Pharmacy,CVS Pharmacy - Grocery shopping,Health
7338,2024-07-26,45.68,Walmart Supercenter,Walmart Supercenter - Hotel stay,Travel
7339,2023-10-29,2.5,Leonard LLC,Leonard LLC - Prescription purchase,Food
7340,2025-03-16,46.19,Rose LLC,Rose LLC - Flight booking,Shopping
7341,2025-08-11,15.68,Martinez-Kidd,Martinez-Kidd - Grocery shopping,Shopping
7342,2024-02-04,26.39,Davis Group,Davis Group - Prescription purchase,Bills
7343,2023-11-30,4.82,Trevino Group,Trevino Group - Online purchase,Others
7344,2024-06-23,5.26,State University,State University - Lunch with friends,Education
7345,2026-06-21,65.85,Amazon Marketplace,Hotel stay,Travel
7346,2026-04-15,32.57,Local Taxi,Course fee,Food
7347,2025-10-12,64.67,Starbucks Coffee,Starbucks Coffee - Grocery shopping,Travel
7348,2024-11-05,7.71,City Hospital,Taxi ride,Food
7349,2026-02-09,82.64,"Ponce, Martin and Smith",Hotel stay,Travel
7350,2026-05-27,55.11,Netflix Streaming,Prescription purchase,Entertainment
7351,2025-11-13,6.53,Lyft,Flight booking,Transport
7352,2025-01-04,30.36,Local High School,Local High School - Online purchase,Education
7353,2026-06-03,11.51,State University,Gas refill,Education
7354,2024-06-12,42.55,Hilton Hotels,Hilton Hotels - Online purchase,Travel
7355,2025-10-06,38.05,Mall Outlet,Taxi ride,Health
7356,2025-11-21,22.13,Powell-Nelson,Course fee,Shopping
7357,2025-03-19,52.6,Johnston-Boone,Johnston-Boone - Course fee,Health
7358,2026-04-03,75.46,Gas Station,Taxi ride,Bills
7359,2024-05-19,1.28,City Hospital,City Hospital - Electric bill payment,Bills
7360,2024-07-08,18.83,Local Taxi,Local Taxi - Electric bill payment,Bills
7361,2026-03-31,44.61,Hilton Hotels,Hilton Hotels - Taxi ride,Travel
7362,2024-05-05,32.75,Corner Grocery,Corner Grocery - Prescription purchase,Education
7363,2023-12-05,10.52,Smith PLC,Monthly subscription,Others
7364,2026-02-19,4.2,Hilton Hotels,Prescription purchase,Travel
7365,2023-09-30,11.14,Torres PLC,Torres PLC - Gas refill,Bills
7366,2023-09-18,43.38,Gonzalez-Flores,Gonzalez-Flores - Hotel stay,Travel
7367,2025-07-26,25.88,Local Taxi,Gas refill,Bills
7368,2026-06-15,72.0,Burke-Jordan,Burke-Jordan - Monthly subscription,Entertainment
7369,2023-10-04,39.47,Corner Grocery,Course fee,Food
7370,2026-06-01,65.54,Lyft,Course fee,Transport
7371,2026-07-28,86.24,Mall Outlet,Mall Outlet - Gas refill,Bills
7372,2023-11-15,3.64,Waterworks,Waterworks - Hotel stay,Travel
7373,2024-12-12,13.42,Electric Company,Electric Company - Online purchase,Bills
7374,2023-10-26,32.28,Turner PLC,Turner PLC - Prescription purchase,Food
7375,2024-08-22,68.58,"Little, Martinez and Taylor","Little, Martinez and Taylor - Lunch with friends",Shopping
7376,2024-03-06,96.93,Joe's Pizza,Hotel stay,Food
7377,2026-07-09,21.37,Lyft,Lyft - Lunch with friends,Transport
7378,2025-01-17,18.14,Lyft,Hotel stay,Transport
7379,2026-08-02,23.04,City Hospital,Taxi ride,Others
7380,2026-08-25,30.34,"Hill, Jacobs and Pena",Grocery shopping,Transport
7381,2023-12-06,16.83,Delta Airlines,Flight booking,Travel
7382,2024-11-02,44.52,Netflix Streaming,Netflix Streaming - Online purchase,Entertainment
7383,2025-04-21,39.9,Waterworks,Waterworks - Flight booking,Bills
7384,2023-09-13,10.57,Spotify,Spotify - Monthly subscription,Entertainment
7385,2025-08-24,9.78,"Cordova, Washington and Franco","Cordova, Washington and Franco - Online purchase",Health
7386,2024-03-19,21.87,"Clark, Jackson and Russell",Prescription purchase,Shopping
7387,2025-08-11,242.69,Lyft,Lyft - Online purchase,Transport
7388,2025-12-18,6.75,Waterworks,Waterworks - Lunch with friends,Bills
7389,2024-06-11,2.64,Carey-Hanna,Lunch with friends,Bills
7390,2024-12-10,35.39,Netflix Streaming,Netflix Streaming - Monthly subscription,Entertainment
7391,2024-01-09,92.57,Spotify,Hotel stay,Travel
7392,2026-01-11,34.75,Netflix Streaming,Netflix Streaming - Course fee,Entertainment
7393,2025-01-17,12.45,Murillo-Boyd,Murillo-Boyd - Monthly subscription,Travel
7394,2024-10-14,86.44,Waterworks,Lunch with friends,Bills
7395,2023-10-08,46.97,"Grant, Davis and Brady","Grant, Davis and Brady - Hotel stay",Travel
7396,2023-09-13,9.59,Starbucks Coffee,Starbucks Coffee - Lunch with friends,Entertainment
7397,2025-06-05,23.16,"Hoover, Bolton and Chen","Hoover, Bolton and Chen - Hotel stay",Travel
7398,2023-10-15,5.27,Local Taxi,Prescription purchase,Education
7399,2025-09-09,1.49,Gas Station,Gas Station - Electric bill payment,Bills
7400,2024-05-12,7.52,Wilson and Sons,Wilson and Sons - Gas refill,Bills
7401,2024-03-19,23.01,Spotify,Grocery shopping,Entertainment
7402,2025-12-18,22.49,Waterworks,Taxi ride,Bills
7403,2025-10-25,18.3,Spotify,Spotify - Online purchase,Entertainment
7404,2026-06-28,20.98,Electric Company,Electric Company - Prescription purchase,Bills
7405,2024-06-06,26.18,Netflix Streaming,Netflix Streaming - Electric bill payment,Entertainment
7406,2023-12-13,37.56,Mall Outlet,Flight booking,Food
7407,2025-01-09,23.96,Mall Outlet,Mall Outlet - Electric bill payment,Bills
7408,2023-11-13,3.14,Delta Airlines,Delta Airlines - Online purchase,Travel
7409,2023-10-16,22.77,"Santos, Lee and Allen",Electric bill payment,Bills
7410,2024-03-11,9.75,Mcintyre-Wilson,Mcintyre-Wilson - Online purchase,Food
7411,2026-04-06,11.77,Uber Eats,Prescription purchase,Transport
7412,2025-09-27,37.81,"Roberts, Krause and Welch","Roberts, Krause and Welch - Grocery shopping",Health
7413,2024-07-13,2.04,Joe's Pizza,Joe's Pizza - Course fee,Food
7414,2025-02-26,99.26,Taylor LLC,Prescription purchase,Travel
7415,2024-05-02,8.48,Lyft,Gas refill,Transport
7416,2024-11-11,3.87,Gas Station,Gas Station - Monthly subscription,Bills
7417,2026-03-13,52.14,Gas Station,Gas Station - Lunch with friends,Bills
7418,2025-08-01,58.28,Waterworks,Grocery shopping,Bills
7419,2024-02-09,21.63,Harris LLC,Prescription purchase,Shopping
7420,2025-07-04,26.74,Waterworks,Waterworks - Gas refill,Bills
7421,2025-11-08,8.05,Bradford Group,Online purchase,Entertainment
7422,2025-12-20,13.19,Amazon Marketplace,Amazon Marketplace - Grocery shopping,Shopping
7423,2024-03-25,14.28,Joe's Pizza,Lunch with friends,Food
7424,2024-06-20,10.54,Mall Outlet,Mall Outlet - Gas refill,Bills
7425,2026-08-01,3.25,Lyft,Lyft - Course fee,Transport
7426,2025-04-01,57.73,Starbucks Coffee,Electric bill payment,Bills
7427,2023-11-09,53.44,Alexander-Bruce,Alexander-Bruce - Grocery shopping,Shopping
7428,2024-09-22,14.06,Nash Inc,Nash Inc - Electric bill payment,Bills
7429,2026-02-04,16.05,Lyft,Lyft - Monthly subscription,Transport
7430,2024-01-20,38.75,State University,State University - Prescription purchase,Education
7431,2025-11-28,4.69,Lyft,Taxi ride,Transport
7432,2024-11-06,7.37,Miles-Barrera,Miles-Barrera - Flight booking,Shopping
7433,2024-05-02,16.77,Waterworks,Flight booking,Bills
7434,2025-07-04,57.68,City Hospital,Course fee,Shopping
7435,2024-08-17,7.64,Thompson-Hicks,Thompson-Hicks - Course fee,Utilities
7436,2025-05-21,39.12,Mall Outlet,Lunch with friends,Transport
7437,2025-10-01,72.69,Amazon Marketplace,Amazon Marketplace - Flight booking,Shopping
7438,2023-10-21,11.28,Uber Eats,Course fee,Transport
7439,2024-12-01,54.96,State University,State University - Grocery shopping,Education
7440,2026-04-23,42.07,Starbucks Coffee,Starbucks Coffee - Taxi ride,Shopping
7441,2026-02-13,60.47,Electric Company,Electric Company - Course fee,Bills
7442,2025-12-30,38.34,Walmart Supercenter,Walmart Supercenter - Taxi ride,Shopping
7443,2026-05-11,33.17,Local Taxi,Course fee,Utilities
7444,2025-10-31,20.71,Miller-Johnson,Grocery shopping,Entertainment
7445,2025-09-17,5.3,Joe's Pizza,Lunch with friends,Food
7446,2026-07-19,14.81,Delta Airlines,Delta Airlines - Monthly subscription,Travel
7447,2024-12-19,18.61,Starbucks Coffee,Starbucks Coffee - Prescription purchase,Food
7448,2026-05-24,16.89,Simmons and Sons,Simmons and Sons - Flight booking,Food
7449,2026-08-25,6.56,Spence-Woods,Spence-Woods - Gas refill,Bills
7450,2023-10-06,39.79,"Wilson, Anderson and Bell","Wilson, Anderson and Bell - Online purchase",Health
7451,2026-08-09,38.49,Waterworks,Waterworks - Hotel stay,Travel
7452,2026-06-05,29.02,Mcdonald-Williams,Gas refill,Bills
7453,2024-08-25,14.08,Cochran-Rodriguez,Cochran-Rodriguez - Grocery shopping,Travel
7454,2024-03-13,37.38,Hopkins and Sons,Course fee,Shopping
7455,2025-11-25,29.65,CVS Pharmacy,CVS Pharmacy - Course fee,Health
7456,2026-07-10,2.33,Starbucks Coffee,Gas refill,Bills
7457,2025-12-20,125.18,"Moody, Miller and Ortiz",Flight booking,Travel
7458,2024-02-18,61.22,Local High School,Grocery shopping,Education
7459,2025-11-18,33.68,Mall Outlet,Mall Outlet - Grocery shopping,Transport
7460,2024-08-12,42.6,Waterworks,Waterworks - Prescription purchase,Bills
7461,2024-08-10,55.27,Netflix Streaming,Netflix Streaming - Grocery shopping,Entertainment
7462,2025-05-13,7.78,Local Taxi,Local Taxi - Lunch with friends,Utilities
7463,2025-01-02,7.45,Local Taxi,Local Taxi - Monthly subscription,Shopping
7464,2025-03-29,13.81,Mall Outlet,Grocery shopping,Food
7465,2025-06-25,3.6,Starbucks Coffee,Hotel stay,Travel
7466,2025-12-27,69.1,Moore Ltd,Moore Ltd - Grocery shopping,Others
7467,2025-01-14,20.04,Amazon Marketplace,Amazon Marketplace - Flight booking,Shopping
7468,2026-07-27,7.03,Leon LLC,Online purchase,Shopping
7469,2025-06-29,7.24,Davis Ltd,Davis Ltd - Electric bill payment,Bills
7470,2026-02-01,42.17,Sandoval PLC,Sandoval PLC - Gas refill,Bills
7471,2026-04-19,48.34,Mall Outlet,Flight booking,Shopping
7472,2024-03-12,35.18,Tucker-Knox,Tucker-Knox - Grocery shopping,Health
7473,2025-11-16,16.02,Electric Company,Lunch with friends,Bills
7474,2026-02-23,1.01,Cohen-Gregory,Cohen-Gregory - Monthly subscription,Transport
7475,2025-06-06,10.02,Gas Station,Hotel stay,Travel
7476,2024-06-14,24.48,Electric Company,Taxi ride,Bills
7477,2023-11-10,11.64,Carpenter-Chase,Carpenter-Chase - Gas refill,Bills
7478,2023-11-26,18.2,Gilbert-Lester,Hotel stay,Travel
7479,2025-09-08,6.1,Waterworks,Waterworks - Taxi ride,Bills
7480,2025-10-25,19.75,Waterworks,Waterworks - Prescription purchase,Bills
7481,2025-06-12,38.25,Netflix Streaming,Netflix Streaming - Course fee,Entertainment
7482,2024-03-05,119.27,Wolfe Ltd,Wolfe Ltd - Prescription purchase,Utilities
7483,2023-10-18,36.63,"Todd, Miller and Mathis","Todd, Miller and Mathis - Monthly subscription",Others
7484,2024-01-18,6.93,Hendrix LLC,Gas refill,Bills
7485,2025-11-02,9.8,"Sosa, Mcintyre and Harvey","Sosa, Mcintyre and Harvey - Monthly subscription",Transport
7486,2026-03-27,52.65,Andersen-Smith,Online purchase,Others
7487,2025-07-12,35.72,Electric Company,Course fee,Bills
7488,2026-04-07,20.01,Mall Outlet,Mall Outlet - Lunch with friends,Others
7489,2024-11-09,6.95,Netflix Streaming,Flight booking,Entertainment
7490,2025-06-01,41.13,Lyft,Online purchase,Transport
7491,2025-09-25,10.58,Perez-Grant,Perez-Grant - Electric bill payment,Bills
7492,2024-05-05,1.22,Starbucks Coffee,Starbucks Coffee - Online purchase,Shopping
7493,2026-05-21,65.16,CVS Pharmacy,CVS Pharmacy - Course fee,Health
7494,2026-01-25,21.06,Starbucks Coffee,Starbucks Coffee - Gas refill,Bills
7495,2024-03-26,14.94,"Juarez, Hernandez and Smith",Prescription purchase,Health
7496,2025-06-15,53.96,Spotify,Gas refill,Entertainment
7497,2023-11-22,13.05,State University,State University - Online purchase,Education
7498,2026-05-27,1.96,Gas Station,Gas Station - Course fee,Bills
7499,2025-03-03,1.15,CVS Pharmacy,CVS Pharmacy - Grocery shopping,Health
7500,2024-09-30,3.97,Bray-Mckenzie,Bray-Mckenzie - Taxi ride,Education
7501,2023-11-02,38.33,Joe's Pizza,Prescription purchase,Food
7502,2026-05-27,32.08,State University,State University - Course fee,Education
7503,2025-11-05,10.8,Spotify,Spotify - Taxi ride,Entertainment
7504,2026-01-25,44.09,Waterworks,Waterworks - Online purchase,Bills
7505,2025-02-03,22.67,Local Taxi,Course fee,Utilities
7506,2024-01-16,47.8,Uber Eats,Taxi ride,Transport
7507,2025-07-26,12.51,Waterworks,Hotel stay,Travel
7508,2024-03-26,35.96,"Sims, Phillips and Guzman",Online purchase,Food
7509,2025-11-22,3.14,Joe's Pizza,Taxi ride,Food
7510,2024-06-05,6.4,Richmond-Norris,Hotel stay,Travel
7511,2024-03-29,50.42,Wilson Ltd,Taxi ride,Utilities
7512,2025-12-03,92.2,Crawford Ltd,Crawford Ltd - Electric bill payment,Bills
7513,2024-01-05,6.56,Gas Station,Gas Station - Online purchase,Bills
7514,2024-06-10,8.46,CVS Pharmacy,Gas refill,Health
7515,2024-04-21,145.87,Electric Company,Electric bill payment,Bills
7516,2026-01-10,20.49,Mall Outlet,Mall Outlet - Lunch with friends,Travel
7517,2025-12-20,18.05,Delta Airlines,Delta Airlines - Hotel stay,Travel
7518,2025-02-07,53.62,"Young, Barnett and Sanchez","Young, Barnett and Sanchez - Flight booking",Utilities
7519,2024-11-06,14.15,CVS Pharmacy,Lunch with friends,Health
7520,2024-07-15,27.32,Gas Station,Lunch with friends,Bills
7521,2025-06-15,3.0,Amazon Marketplace,Amazon Marketplace - Taxi ride,Shopping
7522,2025-10-01,23.01,Electric Company,Electric Company - Electric bill payment,Bills
7523,2024-06-30,1.74,Joe's Pizza,Joe's Pizza - Grocery shopping,Food
7524,2023-09-19,76.5,"Guzman, Kennedy and Hill","Guzman, Kennedy and Hill - Course fee",Utilities
7525,2026-05-05,22.09,Delta Airlines,Electric bill payment,Travel
7526,2024-11-17,31.36,Hilton Hotels,Hilton Hotels - Gas refill,Travel
7527,2025-12-19,5.98,Electric Company,Prescription purchase,Bills
7528,2025-06-07,9.76,Joe's Pizza,Joe's Pizza - Electric bill payment,Food
7529,2025-07-09,20.91,Amazon Marketplace,Course fee,Shopping
7530,2024-03-05,18.27,Spotify,Spotify - Course fee,Entertainment
7531,2024-05-11,21.5,Spotify,Gas refill,Entertainment
7532,2023-11-01,17.2,Gas Station,Online purchase,Bills
7533,2024-09-04,56.57,Netflix Streaming,Netflix Streaming - Monthly subscription,Entertainment
7534,2024-02-13,13.32,"Lopez, Fernandez and Robinson",Monthly subscription,Shopping
7535,2025-10-29,15.1,Rios-Nelson,Rios-Nelson - Monthly subscription,Food
7536,2026-02-08,69.82,"Burton, Clayton and Rodgers",Course fee,Others
7537,2025-06-14,46.86,Estes PLC,Estes PLC - Hotel stay,Travel
7538,2024-12-13,22.8,Waterworks,Waterworks - Prescription purchase,Bills
7539,2025-11-01,82.07,Galloway-Medina,Galloway-Medina - Electric bill payment,Bills
7540,2026-02-04,19.29,"Lester, Ramsey and Wheeler",Flight booking,Entertainment
7541,2024-09-07,9.22,Jenkins-Jones,Jenkins-Jones - Lunch with friends,Entertainment
7542,2023-12-02,124.53,Perez PLC,Perez PLC - Prescription purchase,Food
7543,2026-03-10,7.72,Delta Airlines,Delta Airlines - Electric bill payment,Travel
7544,2023-09-30,1.22,Waterworks,Waterworks - Hotel stay,Travel
7545,2025-11-16,2.62,Uber Eats,Gas refill,Transport
7546,2024-05-28,6.95,Johnson Group,Johnson Group - Taxi ride,Food
7547,2023-09-25,64.99,Netflix Streaming,Gas refill,Entertainment
7548,2026-07-16,10.44,Walmart Supercenter,Walmart Supercenter - Grocery shopping,Shopping
7549,2024-03-22,25.09,Green-Johnson,Hotel stay,Travel
7550,2026-04-13,27.22,Starbucks Coffee,Starbucks Coffee - Course fee,Shopping
7551,2023-12-14,10.18,Walton-Baker,Walton-Baker - Taxi ride,Entertainment
7552,2024-01-24,5.3,State University,Taxi ride,Education
7553,2026-03-22,29.21,Ellis-Perkins,Ellis-Perkins - Online purchase,Food
7554,2023-12-29,28.9,Wright Group,Wright Group - Grocery shopping,Travel
7555,2024-01-05,1.58,Starbucks Coffee,Starbucks Coffee - Course fee,Transport
7556,2024-08-22,10.83,Williams and Sons,Williams and Sons - Online purchase,Others
7557,2024-02-26,26.36,Local High School,Online purchase,Education
7558,2024-12-28,2.66,Starbucks Coffee,Starbucks Coffee - Monthly subscription,Travel
7559,2026-08-02,27.07,Amazon Marketplace,Amazon Marketplace - Prescription purchase,Shopping
7560,2024-03-07,79.09,"Alvarez, Harper and Smith","Alvarez, Harper and Smith - Electric bill payment",Bills
7561,2025-07-26,139.43,Brown-Taylor,Brown-Taylor - Monthly subscription,Others
7562,2025-04-06,69.61,Netflix Streaming,Flight booking,Entertainment
7563,2025-06-12,27.29,"Sherman, Rivera and Carpenter",Flight booking,Food
7564,2024-04-14,4.77,Ford Group,Taxi ride,Shopping
7565,2025-07-28,12.53,Thomas-Reed,Thomas-Reed - Flight booking,Food
7566,2026-01-17,64.27,Perez PLC,Electric bill payment,Bills
7567,2026-06-24,14.46,"Alvarado, Anderson and Payne","Alvarado, Anderson and Payne - Flight booking",Bills
7568,2024-11-02,17.98,Joe's Pizza,Electric bill payment,Food
7569,2025-06-15,2.19,Corner Grocery,Gas refill,Bills
7570,2024-02-24,5.55,Smith-Burns,Gas refill,Bills
7571,2023-10-29,54.56,Gas Station,Gas Station - Gas refill,Bills
7572,2024-10-06,12.07,Todd Inc,Grocery shopping,Education
7573,2024-09-16,14.34,Payne-Daniels,Hotel stay,Travel
7574,2024-11-07,2.38,Waterworks,Taxi ride,Bills
7575,2025-10-28,46.99,Local Taxi,Prescription purchase,Others
7576,2025-02-15,45.55,"Maynard, Martin and Johnson","Maynard, Martin and Johnson - Online purchase",Others
7577,2024-06-12,25.57,Corner Grocery,Corner Grocery - Grocery shopping,Food
7578,2025-06-24,52.14,Mall Outlet,Mall Outlet - Grocery shopping,Food
7579,2025-11-14,10.54,Uber Eats,Prescription purchase,Transport
7580,2023-12-28,1.92,Netflix Streaming,Netflix Streaming - Grocery shopping,Entertainment
7581,2025-05-09,18.52,Oliver-Stokes,Gas refill,Bills
7582,2024-03-19,77.05,Local Taxi,Local Taxi - Lunch with friends,Bills
7583,2024-06-24,5.84,Walmart Supercenter,Walmart Supercenter - Course fee,Shopping
7584,2026-07-31,55.91,George LLC,George LLC - Lunch with friends,Shopping
7585,2026-04-16,90.11,Local High School,Local High School - Course fee,Education
7586,2024-07-06,20.79,Delta Airlines,Delta Airlines - Prescription purchase,Travel
7587,2026-03-03,38.16,Joe's Pizza,Course fee,Food
7588,2026-03-22,61.94,Gas Station,Gas Station - Course fee,Bills
7589,2026-01-22,36.95,City Hospital,City Hospital - Flight booking,Shopping
7590,2024-09-23,33.87,Cooke-Rogers,Lunch with friends,Shopping
7591,2024-09-28,16.27,State University,State University - Lunch with friends,Education
7592,2024-04-08,49.88,Sampson-Ortiz,Sampson-Ortiz - Flight booking,Shopping
7593,2024-01-02,2.02,Local High School,Local High School - Electric bill payment,Education
7594,2024-08-30,1.73,Mall Outlet,Mall Outlet - Hotel stay,Travel
7595,2025-12-30,23.79,Local High School,Local High School - Grocery shopping,Education
7596,2025-07-22,106.82,City Hospital,Prescription purchase,Education
7597,2026-03-09,14.51,Mitchell-Aguilar,Mitchell-Aguilar - Online purchase,Others
7598,2025-03-28,6.54,"Palmer, Garcia and Arnold",Prescription purchase,Shopping
7599,2024-02-23,63.28,Corner Grocery,Corner Grocery - Online purchase,Utilities
7600,2024-10-18,33.03,City Hospital,City Hospital - Grocery shopping,Others
7601,2024-02-28,15.49,"Chandler, Hogan and Barrett","Chandler, Hogan and Barrett - Prescription purchase",Food
7602,2024-08-01,9.56,Lyft,Lyft - Lunch with friends,Transport
7603,2023-12-20,60.63,Uber Eats,Uber Eats - Taxi ride,Transport
7604,2025-08-15,48.12,Local Taxi,Prescription purchase,Travel
7605,2026-06-23,33.29,Joe's Pizza,Course fee,Food
7606,2026-02-01,32.1,Green Group,Green Group - Hotel stay,Travel
7607,2026-01-12,26.5,"Perez, Moore and Meadows",Online purchase,Food
7608,2025-01-17,13.49,Electric Company,Electric Company - Prescription purchase,Bills
7609,2025-06-30,5.0,Mall Outlet,Taxi ride,Food
7610,2025-12-18,2.99,Electric Company,Grocery shopping,Bills
7611,2024-09-07,5.71,Corner Grocery,Corner Grocery - Grocery shopping,Bills
7612,2026-06-03,46.29,"Espinoza, Christian and Gonzalez",Lunch with friends,Others
7613,2024-10-19,41.57,City Hospital,City Hospital - Flight booking,Food
7614,2024-09-29,45.85,City Hospital,City Hospital - Prescription purchase,Food
7615,2024-05-11,14.55,Smith Group,Smith Group - Lunch with friends,Food
7616,2024-12-01,22.71,Corner Grocery,Grocery shopping,Utilities
7617,2025-10-22,5.16,Smith Inc,Electric bill payment,Bills
7618,2026-01-21,44.3,"Martinez, Taylor and Harper",Flight booking,Education
7619,2024-12-03,54.75,Taylor Group,Hotel stay,Travel
7620,2026-08-27,1.04,Local Taxi,Local Taxi - Gas refill,Bills
7621,2025-06-14,9.75,Blackwell-Hardin,Hotel stay,Travel
7622,2023-10-23,52.57,Delta Airlines,Delta Airlines - Electric bill payment,Travel
7623,2024-03-10,10.3,Mall Outlet,Mall Outlet - Course fee,Travel
7624,2026-08-22,42.99,Hilton Hotels,Hilton Hotels - Lunch with friends,Travel
7625,2025-02-08,93.82,Netflix Streaming,Netflix Streaming - Hotel stay,Travel
7626,2024-02-13,2.38,Roberts and Sons,Roberts and Sons - Gas refill,Bills
7627,2025-03-06,47.94,"Young, Bright and Clay","Young, Bright and Clay - Gas refill",Bills
7628,2024-11-23,20.94,Corner Grocery,Corner Grocery - Prescription purchase,Shopping
7629,2026-06-07,30.45,Local High School,Local High School - Flight booking,Education
7630,2023-11-29,19.11,Joe's Pizza,Joe's Pizza - Grocery shopping,Food
7631,2024-04-23,18.91,Netflix Streaming,Hotel stay,Travel
7632,2025-05-02,3.29,Gas Station,Gas Station - Online purchase,Bills
7633,2026-08-10,59.14,Local Taxi,Lunch with friends,Shopping
7634,2025-04-07,12.15,Corner Grocery,Corner Grocery - Flight booking,Others
7635,2026-02-01,50.74,"Fitzgerald, Hawkins and Rodriguez",Electric bill payment,Bills
7636,2026-03-17,34.84,"Anderson, Wilcox and Weaver","Anderson, Wilcox and Weaver - Electric bill payment",Bills
7637,2026-03-16,24.07,City Hospital,City Hospital - Gas refill,Bills
7638,2025-10-28,56.18,Lyft,Online purchase,Transport
7639,2025-04-23,12.41,Matthews-Davis,Matthews-Davis - Grocery shopping,Food
7640,2024-04-16,41.56,Starbucks Coffee,Online purchase,Shopping
7641,2024-11-28,118.04,Johnson-Wallace,Lunch with friends,Shopping
7642,2024-06-04,3.71,CVS Pharmacy,CVS Pharmacy - Hotel stay,Travel
7643,2024-07-14,18.45,State University,Monthly subscription,Education
7644,2023-11-01,37.2,Uber Eats,Uber Eats - Hotel stay,Transport
7645,2024-03-15,86.48,State University,Taxi ride,Education
7646,2026-04-05,28.12,Kelly-Marshall,Lunch with friends,Transport
7647,2025-09-01,51.11,Local High School,Local High School - Prescription purchase,Education
7648,2025-06-14,66.08,Corner Grocery,Corner Grocery - Hotel stay,Travel
7649,2024-10-21,26.37,Torres-Maldonado,Torres-Maldonado - Flight booking,Others
7650,2024-10-10,14.93,Hilton Hotels,Hilton Hotels - Hotel stay,Travel
7651,2026-01-12,14.87,Local Taxi,Hotel stay,Travel
7652,2024-02-29,53.23,Hilton Hotels,Hilton Hotels - Online purchase,Travel
7653,2024-09-27,23.33,Duarte-Green,Duarte-Green - Monthly subscription,Shopping
7654,2025-08-09,10.26,Cole-Coleman,Cole-Coleman - Monthly subscription,Utilities
7655,2025-04-29,32.54,Hilton Hotels,Hilton Hotels - Lunch with friends,Travel
7656,2026-05-28,12.27,Patterson-Sanchez,Patterson-Sanchez - Course fee,Shopping
7657,2025-02-21,25.13,Robles-Palmer,Robles-Palmer - Prescription purchase,Others
7658,2026-07-02,6.0,Spotify,Spotify - Course fee,Entertainment
7659,2025-07-25,22.02,Hilton Hotels,Lunch with friends,Travel
7660,2025-11-18,30.35,CVS Pharmacy,Course fee,Health
7661,2025-09-13,4.82,Oliver PLC,Prescription purchase,Shopping
7662,2025-01-30,10.88,Local High School,Taxi ride,Education
7663,2026-02-25,6.41,Corner Grocery,Corner Grocery - Course fee,Others
7664,2023-09-24,4.44,Corner Grocery,Corner Grocery - Prescription purchase,Utilities
7665,2024-11-08,13.29,Lyft,Lyft - Gas refill,Transport
7666,2024-12-04,32.91,Electric Company,Electric Company - Prescription purchase,Bills
7667,2024-12-25,78.87,Howard Ltd,Taxi ride,Transport
7668,2025-08-12,54.13,Thomas-Le,Thomas-Le - Online purchase,Health
7669,2025-01-08,3.41,"Munoz, King and Jones",Gas refill,Bills
7670,2025-11-23,54.79,Spotify,Course fee,Entertainment
7671,2024-07-02,12.53,Amazon Marketplace,Amazon Marketplace - Lunch with friends,Shopping
7672,2025-05-14,5.98,Dunn-Scott,Flight booking,Others
7673,2024-06-04,30.15,Gas Station,Gas Station - Online purchase,Bills
7674,2026-05-26,48.14,"Martin, Wagner and Branch",Hotel stay,Travel
7675,2024-08-25,4.48,Adams Inc,Lunch with friends,Shopping
7676,2025-12-23,23.54,"Perez, Moyer and Williams","Perez, Moyer and Williams - Monthly subscription",Food
7677,2025-05-17,12.51,Roberts-Watts,Gas refill,Bills
7678,2024-08-31,57.54,Netflix Streaming,Netflix Streaming - Electric bill payment,Entertainment
7679,2026-07-03,21.9,Roberts-Boyd,Roberts-Boyd - Course fee,Others
7680,2025-08-07,22.75,City Hospital,Electric bill payment,Bills
7681,2024-02-29,34.92,Electric Company,Online purchase,Bills
7682,2026-08-21,46.77,Hughes-Potter,Hughes-Potter - Grocery shopping,Shopping
7683,2024-10-27,20.44,City Hospital,City Hospital - Prescription purchase,Others
7684,2026-08-15,32.98,Uber Eats,Uber Eats - Prescription purchase,Transport
7685,2026-08-16,72.81,"Martinez, Garcia and Knight","Martinez, Garcia and Knight - Flight booking",Shopping
7686,2025-08-31,20.85,Electric Company,Flight booking,Bills
7687,2026-04-06,7.16,Mall Outlet,Mall Outlet - Monthly subscription,Health
7688,2024-11-13,4.64,Garrison and Sons,Hotel stay,Travel
7689,2023-10-09,70.41,Gas Station,Gas Station - Course fee,Bills
7690,2024-08-22,3.0,Love-Larson,Love-Larson - Lunch with friends,Transport
7691,2026-04-26,1.11,Waterworks,Flight booking,Bills
7692,2025-08-10,15.02,Joe's Pizza,Joe's Pizza - Monthly subscription,Food
7693,2025-03-18,20.41,Spotify,Spotify - Gas refill,Entertainment
7694,2024-06-30,11.82,Waterworks,Electric bill payment,Bills
7695,2025-03-20,22.78,"Doyle, Newman and Green",Gas refill,Bills
7696,2024-04-18,3.69,Davis-Martin,Grocery shopping,Shopping
7697,2024-07-09,12.56,Alexander PLC,Grocery shopping,Bills
7698,2025-06-18,44.79,Joe's Pizza,Gas refill,Food
7699,2024-03-30,1.6,Gas Station,Gas Station - Prescription purchase,Bills
7700,2025-02-02,65.64,State University,State University - Course fee,Education
7701,2026-02-12,18.0,Uber Eats,Uber Eats - Grocery shopping,Transport
7702,2024-03-06,24.11,CVS Pharmacy,CVS Pharmacy - Prescription purchase,Health
7703,2024-04-13,5.74,City Hospital,Online purchase,Travel
7704,2024-05-09,23.24,Electric Company,Electric Company - Course fee,Bills
7705,2024-06-22,11.83,Gutierrez-Thomas,Gutierrez-Thomas - Prescription purchase,Shopping
7706,2026-05-13,5.5,Uber Eats,Uber Eats - Electric bill payment,Transport
7707,2023-10-13,10.54,Carroll-Sanders,Carroll-Sanders - Gas refill,Bills
7708,2026-05-28,17.83,"Burnett, Jones and Donaldson","Burnett, Jones and Donaldson - Gas refill",Bills
7709,2024-04-23,10.31,"Atkins, Simmons and Butler","Atkins, Simmons and Butler - Lunch with friends",Others
7710,2025-11-28,25.16,Uber Eats,Lunch with friends,Transport
7711,2023-09-10,31.4,Gray-Davis,Gray-Davis - Flight booking,Education
7712,2025-02-17,2.02,CVS Pharmacy,Electric bill payment,Health
7713,2023-08-31,57.22,Brock LLC,Taxi ride,Health
7714,2026-07-17,19.62,Hill-Rivera,Flight booking,Others
7715,2026-05-13,42.33,"Gregory, Lane and Mccarthy","Gregory, Lane and Mccarthy - Lunch with friends",Food
7716,2026-06-15,9.64,Electric Company,Online purchase,Bills
7717,2024-10-30,15.41,State University,Flight booking,Education
7718,2024-01-01,124.25,Waterworks,Hotel stay,Travel
7719,2025-11-18,11.92,Delta Airlines,Delta Airlines - Taxi ride,Travel
7720,2024-06-05,11.86,Local High School,Monthly subscription,Education
7721,2026-05-13,33.2,Amazon Marketplace,Amazon Marketplace - Hotel stay,Travel
7722,2025-04-22,1.04,State University,State University - Flight booking,Education
7723,2024-08-12,33.55,Starbucks Coffee,Starbucks Coffee - Gas refill,Bills
7724,2024-02-21,28.1,"Smith, Barron and Johnson","Smith, Barron and Johnson - Lunch with friends",Bills
7725,2023-09-20,3.77,Spotify,Taxi ride,Entertainment
7726,2024-10-26,50.5,Hilton Hotels,Online purchase,Travel
7727,2025-10-22,36.2,Waterworks,Monthly subscription,Bills
7728,2026-08-19,27.24,Marquez-Espinoza,Marquez-Espinoza - Online purchase,Transport
7729,2026-05-19,4.06,Walmart Supercenter,Walmart Supercenter - Lunch with friends,Shopping
7730,2023-12-17,15.72,Mall Outlet,Flight booking,Food
7731,2023-12-29,75.12,Electric Company,Electric Company - Gas refill,Bills
7732,2024-06-17,8.39,Bell-Watson,Bell-Watson - Flight booking,Others
7733,2026-07-30,24.68,Walmart Supercenter,Flight booking,Shopping
7734,2025-02-16,53.23,Local High School,Local High School - Grocery shopping,Education
7735,2026-03-16,56.73,Starbucks Coffee,Starbucks Coffee - Online purchase,Entertainment
7736,2024-08-09,12.94,Mall Outlet,Mall Outlet - Taxi ride,Food
7737,2025-11-28,38.95,Local Taxi,Local Taxi - Online purchase,Shopping
7738,2023-12-19,30.16,Mall Outlet,Mall Outlet - Hotel stay,Travel
7739,2026-06-25,17.15,Corner Grocery,Prescription purchase,Utilities
7740,2023-10-22,1.06,Local High School,Online purchase,Education
7741,2023-12-31,58.15,Hilton Hotels,Hilton Hotels - Online purchase,Travel
7742,2026-05-24,1.98,"Carter, Zavala and Carter","Carter, Zavala and Carter - Flight booking",Entertainment
7743,2024-10-12,14.33,Spotify,Spotify - Online purchase,Entertainment
7744,2025-06-09,49.83,Local Taxi,Local Taxi - Grocery shopping,Others
7745,2026-01-18,18.95,Electric Company,Electric Company - Course fee,Bills
7746,2025-06-16,2.63,CVS Pharmacy,Online purchase,Health
7747,2025-11-22,40.55,Floyd-Stephens,Floyd-Stephens - Lunch with friends,Shopping
7748,2026-03-22,32.4,Uber Eats,Uber Eats - Course fee,Transport
7749,2025-05-16,8.47,Corner Grocery,Taxi ride,Others
7750,2024-11-25,8.99,"Jones, Skinner and Garrison","Jones, Skinner and Garrison - Hotel stay",Travel
7751,2026-01-10,54.32,"Mejia, Davis and Weaver","Mejia, Davis and Weaver - Grocery shopping",Food
7752,2026-07-20,82.04,Lee Group,Hotel stay,Travel
7753,2024-05-25,7.2,Delta Airlines,Delta Airlines - Grocery shopping,Travel
7754,2026-02-11,16.46,Walmart Supercenter,Walmart Supercenter - Course fee,Shopping
7755,2025-11-21,42.79,State University,Grocery shopping,Education
7756,2024-07-23,111.23,Netflix Streaming,Netflix Streaming - Gas refill,Entertainment
7757,2026-04-01,88.66,Carter-Doyle,Carter-Doyle - Electric bill payment,Bills
7758,2025-02-19,1.77,Amazon Marketplace,Online purchase,Shopping
7759,2024-10-06,20.76,Delgado-Smith,Delgado-Smith - Online purchase,Utilities
7760,2023-09-28,13.43,CVS Pharmacy,CVS Pharmacy - Prescription purchase,Health
7761,2025-08-13,5.05,Netflix Streaming,Netflix Streaming - Flight booking,Entertainment
7762,2026-06-14,13.07,"Vargas, Cherry and Jackson",Taxi ride,Bills
7763,2024-02-11,2.41,Amazon Marketplace,Electric bill payment,Shopping
7764,2024-02-13,8.13,"Maldonado, Hughes and Jones","Maldonado, Hughes and Jones - Online purchase",Travel
7765,2024-10-18,10.29,Whitaker PLC,Whitaker PLC - Course fee,Shopping
7766,2025-12-16,28.58,City Hospital,Prescription purchase,Shopping
7767,2024-11-26,24.25,Cannon Inc,Cannon Inc - Electric bill payment,Bills
7768,2025-03-13,1.48,Lyft,Lyft - Gas refill,Transport
7769,2024-08-26,16.48,Gas Station,Gas Station - Taxi ride,Bills
7770,2026-04-10,24.49,Spotify,Spotify - Online purchase,Entertainment
7771,2023-10-15,4.69,Delta Airlines,Monthly subscription,Travel
7772,2025-03-05,12.77,State University,Grocery shopping,Education
7773,2024-07-23,37.74,"Harrison, Stein and Thomas","Harrison, Stein and Thomas - Lunch with friends",Food
7774,2024-06-29,32.49,Gas Station,Gas Station - Course fee,Bills
7775,2024-02-22,27.39,Spotify,Spotify - Online purchase,Entertainment
7776,2024-05-04,21.53,Amazon Marketplace,Gas refill,Shopping
7777,2026-08-22,43.45,Netflix Streaming,Netflix Streaming - Prescription purchase,Entertainment
7778,2025-03-28,14.57,State University,State University - Gas refill,Education
7779,2025-03-14,31.13,Mall Outlet,Mall Outlet - Hotel stay,Travel
7780,2025-08-04,115.91,Local High School,Local High School - Electric bill payment,Education
7781,2025-04-05,30.18,Uber Eats,Uber Eats - Online purchase,Transport
7782,2023-09-13,39.98,Hilton Hotels,Hilton Hotels - Course fee,Travel
7783,2025-01-25,3.84,Local Taxi,Grocery shopping,Shopping
7784,2024-02-20,9.19,Ramirez-Brown,Online purchase,Shopping
7785,2025-01-18,25.89,City Hospital,City Hospital - Monthly subscription,Shopping
7786,2024-06-26,41.49,Edwards-Singh,Edwards-Singh - Hotel stay,Travel
7787,2026-08-17,49.73,Amazon Marketplace,Taxi ride,Shopping
7788,2023-10-31,7.85,Salinas-Allen,Taxi ride,Food
7789,2023-11-28,21.75,Amazon Marketplace,Amazon Marketplace - Taxi ride,Shopping
7790,2025-11-09,20.05,"Brown, Daniel and Joseph","Brown, Daniel and Joseph - Taxi ride",Food
7791,2025-12-18,7.91,Local High School,Local High School - Prescription purchase,Education
7792,2023-09-27,25.96,Uber Eats,Uber Eats - Hotel stay,Transport
7793,2026-04-22,56.72,Hilton Hotels,Hilton Hotels - Course fee,Travel
7794,2024-08-23,102.73,Starbucks Coffee,Starbucks Coffee - Hotel stay,Travel
7795,2024-09-21,27.14,Starbucks Coffee,Lunch with friends,Food
7796,2023-08-30,36.56,Local Taxi,Local Taxi - Course fee,Health
7797,2026-05-02,36.58,Amazon Marketplace,Flight booking,Shopping
7798,2025-10-23,38.39,Gas Station,Grocery shopping,Bills
7799,2025-09-11,62.25,Steele and Sons,Flight booking,Transport
7800,2026-07-05,41.12,City Hospital,City Hospital - Electric bill payment,Bills
7801,2025-01-14,8.27,Local Taxi,Local Taxi - Online purchase,Bills
7802,2025-02-18,22.71,Starbucks Coffee,Flight booking,Food
7803,2023-10-31,1.48,Uber Eats,Uber Eats - Hotel stay,Transport
7804,2023-09-12,34.48,Netflix Streaming,Netflix Streaming - Flight booking,Entertainment
7805,2024-01-27,54.4,Waterworks,Waterworks - Grocery shopping,Bills
7806,2024-04-09,49.79,Mall Outlet,Online purchase,Utilities
7807,2025-01-08,5.92,Waterworks,Waterworks - Taxi ride,Bills
7808,2025-02-16,36.33,Starbucks Coffee,Online purchase,Shopping
7809,2026-06-17,52.95,Rodriguez-Fisher,Electric bill payment,Bills
7810,2026-07-21,42.18,City Hospital,City Hospital - Electric bill payment,Bills
7811,2026-06-12,28.76,Mall Outlet,Mall Outlet - Flight booking,Travel
7812,2025-03-16,2.45,"Stuart, Watson and Dunn","Stuart, Watson and Dunn - Flight booking",Bills
7813,2026-03-28,171.38,"Brown, Webb and Hoffman","Brown, Webb and Hoffman - Electric bill payment",Bills
7814,2026-02-05,21.69,"Williams, Bass and Young","Williams, Bass and Young - Prescription purchase",Education
7815,2026-08-27,166.76,CVS Pharmacy,CVS Pharmacy - Monthly subscription,Health
7816,2025-03-30,75.4,Amazon Marketplace,Amazon Marketplace - Grocery shopping,Shopping
7817,2026-06-18,16.89,Electric Company,Electric Company - Lunch with friends,Bills
7818,2024-11-11,2.27,Local Taxi,Electric bill payment,Bills
7819,2024-08-13,16.0,Local High School,Grocery shopping,Education
7820,2025-10-14,12.88,Netflix Streaming,Netflix Streaming - Grocery shopping,Entertainment
7821,2025-10-11,2.61,"Dudley, Long and Gonzalez",Grocery shopping,Utilities
7822,2023-09-07,26.74,Amazon Marketplace,Online purchase,Shopping
7823,2025-06-09,27.29,State University,Lunch with friends,Education
7824,2025-07-09,48.32,"Mason, Brown and Hunt","Mason, Brown and Hunt - Flight booking",Transport
7825,2026-01-25,58.38,Lyft,Grocery shopping,Transport
7826,2025-02-24,34.73,CVS Pharmacy,CVS Pharmacy - Taxi ride,Health
7827,2025-02-14,64.09,Lyft,Lyft - Flight booking,Transport
7828,2024-11-17,31.63,City Hospital,City Hospital - Electric bill payment,Bills
7829,2023-10-18,35.67,Hilton Hotels,Hilton Hotels - Flight booking,Travel
7830,2023-12-04,28.06,Mall Outlet,Mall Outlet - Electric bill payment,Bills
7831,2024-02-12,10.61,Crawford PLC,Crawford PLC - Course fee,Health
7832,2026-04-22,31.23,Spotify,Spotify - Electric bill payment,Entertainment
7833,2024-07-31,15.89,Amazon Marketplace,Amazon Marketplace - Hotel stay,Travel
7834,2024-11-19,14.62,CVS Pharmacy,Hotel stay,Travel
7835,2026-02-16,12.89,Starbucks Coffee,Starbucks Coffee - Lunch with friends,Food
7836,2024-05-08,18.87,Strickland-Reynolds,Gas refill,Bills
7837,2024-08-10,18.13,Hilton Hotels,Gas refill,Travel
7838,2024-04-04,9.58,City Hospital,City Hospital - Prescription purchase,Others
7839,2025-03-09,11.93,City Hospital,Electric bill payment,Bills
7840,2023-12-18,6.07,Local High School,Local High School - Monthly subscription,Education
7841,2025-03-10,77.68,Kelley Group,Kelley Group - Flight booking,Entertainment
7842,2024-02-25,26.1,CVS Pharmacy,Taxi ride,Health
7843,2024-05-25,5.01,CVS Pharmacy,Prescription purchase,Health
7844,2025-07-15,20.1,Uber Eats,Uber Eats - Lunch with friends,Transport
7845,2026-03-05,87.71,Electric Company,Taxi ride,Bills
7846,2024-11-03,10.92,Mall Outlet,Mall Outlet - Prescription purchase,Food
7847,2025-01-05,53.49,CVS Pharmacy,Hotel stay,Travel
7848,2023-11-08,165.77,CVS Pharmacy,Electric bill payment,Health
7849,2024-07-14,17.55,Gas Station,Electric bill payment,Bills
7850,2023-11-08,6.23,Hilton Hotels,Hilton Hotels - Monthly subscription,Travel
7851,2026-01-31,63.17,Lyft,Lyft - Taxi ride,Transport
7852,2025-07-28,17.48,Rojas-Walters,Rojas-Walters - Gas refill,Bills
7853,2024-07-30,19.0,Williams Ltd,Electric bill payment,Bills
7854,2026-06-20,9.54,Hilton Hotels,Hilton Hotels - Online purchase,Travel
7855,2024-09-04,1.02,Lyft,Lyft - Hotel stay,Transport
7856,2025-02-16,14.26,Spotify,Spotify - Hotel stay,Travel
7857,2026-06-24,2.45,Delta Airlines,Taxi ride,Travel
7858,2023-09-03,15.72,"Thompson, Harrell and Mcfarland","Thompson, Harrell and Mcfarland - Taxi ride",Utilities
7859,2024-07-26,15.61,Joe's Pizza,Joe's Pizza - Flight booking,Food
7860,2026-01-24,53.56,Amazon Marketplace,Amazon Marketplace - Hotel stay,Travel
7861,2026-05-06,10.57,State University,Taxi ride,Education
7862,2026-01-19,1.27,Joe's Pizza,Joe's Pizza - Monthly subscription,Food
7863,2025-02-18,19.76,White-Shah,Online purchase,Shopping
7864,2024-12-19,28.81,City Hospital,City Hospital - Grocery shopping,Transport
7865,2024-01-25,13.33,Starbucks Coffee,Prescription purchase,Transport
7866,2024-11-15,1.14,Netflix Streaming,Netflix Streaming - Prescription purchase,Entertainment
7867,2025-12-23,40.6,"Conway, Franklin and Jenkins",Hotel stay,Travel
7868,2026-08-24,3.24,Waterworks,Waterworks - Lunch with friends,Bills
7869,2023-08-31,17.62,Uber Eats,Uber Eats - Course fee,Transport
7870,2024-11-06,55.94,CVS Pharmacy,CVS Pharmacy - Electric bill payment,Health
7871,2025-10-12,26.93,"Alvarez, Matthews and Greene",Electric bill payment,Bills
7872,2025-12-02,4.83,Hilton Hotels,Hotel stay,Travel
7873,2025-07-18,8.85,Spotify,Online purchase,Entertainment
7874,2025-11-27,10.94,White Group,White Group - Electric bill payment,Bills
7875,2025-08-10,28.23,Leonard-Rodriguez,Leonard-Rodriguez - Prescription purchase,Travel
7876,2025-03-03,4.78,Cox and Sons,Prescription purchase,Others
7877,2025-12-31,1.16,Clark Inc,Hotel stay,Travel
7878,2026-01-20,66.1,Hudson and Sons,Prescription purchase,Food
7879,2025-12-31,70.18,City Hospital,Lunch with friends,Shopping
7880,2024-08-04,34.42,Lyft,Lyft - Monthly subscription,Transport
7881,2025-02-28,19.63,City Hospital,Course fee,Travel
7882,2024-07-08,73.06,Lyft,Monthly subscription,Transport
7883,2024-04-28,10.61,Mall Outlet,Course fee,Travel
7884,2024-09-09,65.75,Netflix Streaming,Netflix Streaming - Prescription purchase,Entertainment
7885,2025-10-22,18.69,Waterworks,Waterworks - Prescription purchase,Bills
7886,2024-08-06,20.77,Waterworks,Waterworks - Flight booking,Bills
7887,2025-10-04,15.39,Campbell-May,Campbell-May - Hotel stay,Travel
7888,2025-12-31,9.09,Romero LLC,Hotel stay,Travel
7889,2024-04-19,11.9,Spotify,Spotify - Flight booking,Entertainment
7890,2023-10-11,12.9,Jones-Jones,Online purchase,Utilities
7891,2025-02-24,21.06,Daniels PLC,Daniels PLC - Lunch with friends,Food
7892,2026-02-19,133.67,Thomas LLC,Hotel stay,Travel
7893,2023-11-27,51.74,Spotify,Spotify - Taxi ride,Entertainment
7894,2024-12-30,45.01,"Harvey, Hatfield and Preston","Harvey, Hatfield and Preston - Monthly subscription",Food
7895,2025-02-14,1.59,Local High School,Local High School - Lunch with friends,Education
7896,2026-05-06,25.71,Waterworks,Grocery shopping,Bills
7897,2026-07-01,6.24,"Garcia, Le and Johnson","Garcia, Le and Johnson - Course fee",Shopping
7898,2025-12-12,5.7,City Hospital,City Hospital - Hotel stay,Travel
7899,2024-06-11,47.66,Netflix Streaming,Netflix Streaming - Gas refill,Entertainment
7900,2025-07-05,67.12,Joe's Pizza,Flight booking,Food
7901,2023-09-13,17.87,Joe's Pizza,Joe's Pizza - Course fee,Food
7902,2025-04-25,6.99,Delta Airlines,Delta Airlines - Prescription purchase,Travel
7903,2025-08-08,40.54,Hickman-Camacho,Hickman-Camacho - Flight booking,Food
7904,2024-02-25,20.16,Hanna-Oconnor,Hotel stay,Travel
7905,2023-09-28,33.83,Corner Grocery,Corner Grocery - Course fee,Food
7906,2025-07-06,9.97,Spotify,Spotify - Grocery shopping,Entertainment
7907,2026-01-06,50.93,Thompson-Stevens,Monthly subscription,Shopping
7908,2026-07-08,27.05,City Hospital,Taxi ride,Health
7909,2026-06-05,17.61,Starbucks Coffee,Starbucks Coffee - Monthly subscription,Utilities
7910,2026-04-25,44.57,Odom-Hernandez,Grocery shopping,Food
7911,2023-11-15,2.48,Hardin-Parsons,Course fee,Others
7912,2024-06-23,20.42,Mall Outlet,Mall Outlet - Lunch with friends,Entertainment
7913,2024-03-17,25.15,Collins Inc,Collins Inc - Flight booking,Others
7914,2025-05-25,11.66,Uber Eats,Taxi ride,Transport
7915,2024-09-19,3.49,Local High School,Local High School - Taxi ride,Education
7916,2025-06-23,8.39,Electric Company,Electric Company - Monthly subscription,Bills
7917,2024-02-25,9.26,Horton Ltd,Horton Ltd - Gas refill,Bills
7918,2025-08-18,34.13,Delta Airlines,Delta Airlines - Hotel stay,Travel
7919,2025-07-05,19.72,Stewart-Anderson,Gas refill,Bills
7920,2024-12-11,73.76,Delta Airlines,Course fee,Travel
7921,2023-09-08,30.93,CVS Pharmacy,Grocery shopping,Health
7922,2026-06-22,36.74,"Allison, Thomas and Ward","Allison, Thomas and Ward - Gas refill",Bills
7923,2025-01-25,3.22,Delta Airlines,Online purchase,Travel
7924,2025-10-28,132.7,Netflix Streaming,Netflix Streaming - Electric bill payment,Entertainment
7925,2025-08-13,1.18,Electric Company,Electric Company - Course fee,Bills
7926,2026-06-12,41.55,Electric Company,Electric Company - Grocery shopping,Bills
7927,2026-02-05,4.52,Uber Eats,Uber Eats - Course fee,Transport
7928,2025-03-16,170.14,Corner Grocery,Flight booking,Shopping
7929,2024-02-19,48.5,CVS Pharmacy,CVS Pharmacy - Gas refill,Health
7930,2025-09-02,39.72,Walmart Supercenter,Taxi ride,Shopping
7931,2023-11-17,18.46,Amazon Marketplace,Hotel stay,Travel
7932,2024-03-29,72.5,Delta Airlines,Delta Airlines - Flight booking,Travel
7933,2024-12-30,19.83,Harris-Taylor,Harris-Taylor - Flight booking,Utilities
7934,2025-07-09,8.9,Netflix Streaming,Prescription purchase,Entertainment
7935,2026-05-17,8.12,CVS Pharmacy,CVS Pharmacy - Prescription purchase,Health
7936,2026-03-13,49.0,Local High School,Local High School - Grocery shopping,Education
7937,2026-02-20,12.67,Joe's Pizza,Joe's Pizza - Hotel stay,Food
7938,2026-06-14,71.69,Sanchez PLC,Flight booking,Entertainment
7939,2024-04-13,108.14,Zhang Ltd,Zhang Ltd - Gas refill,Bills
7940,2025-10-31,37.47,Walmart Supercenter,Walmart Supercenter - Taxi ride,Shopping
7941,2024-12-15,52.59,Mcgee-Bush,Hotel stay,Travel
7942,2025-06-28,31.55,Arnold-Flowers,Arnold-Flowers - Monthly subscription,Food
7943,2024-08-22,21.04,Joe's Pizza,Joe's Pizza - Electric bill payment,Food
7944,2026-03-11,58.23,Corner Grocery,Corner Grocery - Monthly subscription,Shopping
7945,2025-06-29,26.55,Wright Ltd,Wright Ltd - Lunch with friends,Shopping
7946,2026-03-17,19.84,Corner Grocery,Corner Grocery - Lunch with friends,Others
7947,2024-10-02,51.62,Hilton Hotels,Hotel stay,Travel
7948,2026-01-10,1.97,Lyft,Course fee,Transport
7949,2023-11-18,39.71,Lee Ltd,Lee Ltd - Prescription purchase,Utilities
7950,2024-08-05,19.67,CVS Pharmacy,Course fee,Health
7951,2026-08-05,32.14,"Lewis, Mcintyre and Ward","Lewis, Mcintyre and Ward - Monthly subscription",Health
7952,2023-12-07,5.33,"Bender, Anderson and Clark",Prescription purchase,Shopping
7953,2024-06-17,1.69,Rogers Ltd,Taxi ride,Shopping
7954,2024-01-28,32.85,Corner Grocery,Corner Grocery - Prescription purchase,Others
7955,2025-08-28,44.59,Starbucks Coffee,Electric bill payment,Bills
7956,2026-01-19,18.19,Sanchez Group,Lunch with friends,Others
7957,2023-12-07,2.52,Fisher-Cummings,Fisher-Cummings - Grocery shopping,Food
7958,2025-04-29,44.13,Amazon Marketplace,Amazon Marketplace - Taxi ride,Shopping
7959,2025-12-07,32.53,Myers LLC,Myers LLC - Grocery shopping,Travel
7960,2025-11-21,12.98,Joe's Pizza,Joe's Pizza - Electric bill payment,Food
7961,2026-08-20,61.6,Netflix Streaming,Netflix Streaming - Electric bill payment,Entertainment
7962,2024-04-22,63.09,Mall Outlet,Mall Outlet - Electric bill payment,Bills
7963,2026-02-03,35.14,Local Taxi,Local Taxi - Online purchase,Shopping
7964,2026-08-17,11.13,Lyft,Lyft - Prescription purchase,Transport
7965,2025-12-26,6.61,Hilton Hotels,Hilton Hotels - Hotel stay,Travel
7966,2026-02-09,18.73,Spencer LLC,Spencer LLC - Gas refill,Bills
7967,2025-02-28,147.61,"Kent, Rogers and Wilson","Kent, Rogers and Wilson - Hotel stay",Travel
7968,2023-12-08,31.59,Gates-Cole,Taxi ride,Food
7969,2025-09-19,29.86,Hill-Hayes,Course fee,Food
7970,2026-04-25,1.78,City Hospital,City Hospital - Lunch with friends,Food
7971,2024-10-16,87.58,Delta Airlines,Delta Airlines - Electric bill payment,Travel
7972,2023-09-05,21.11,Uber Eats,Online purchase,Transport
7973,2025-05-19,44.64,Waterworks,Waterworks - Monthly subscription,Bills
7974,2024-08-02,1.07,Electric Company,Electric Company - Lunch with friends,Bills
7975,2023-12-25,3.42,Electric Company,Electric Company - Monthly subscription,Bills
7976,2024-03-22,8.37,"Holt, Haynes and Grimes","Holt, Haynes and Grimes - Gas refill",Bills
7977,2026-04-16,38.02,Local High School,Local High School - Grocery shopping,Education
7978,2025-10-22,3.61,City Hospital,Online purchase,Shopping
7979,2024-10-11,19.81,Starbucks Coffee,Starbucks Coffee - Online purchase,Transport
7980,2026-08-15,6.43,Hilton Hotels,Hilton Hotels - Online purchase,Travel
7981,2025-12-25,37.79,Delta Airlines,Gas refill,Travel
7982,2024-08-24,62.0,Local High School,Electric bill payment,Education
7983,2023-09-11,99.92,Strong and Sons,Monthly subscription,Transport
7984,2024-02-27,18.3,"Williams, Carter and Murphy",Online purchase,Travel
7985,2024-05-14,14.66,Delta Airlines,Delta Airlines - Flight booking,Travel
7986,2023-10-21,12.81,Faulkner-Smith,Faulkner-Smith - Taxi ride,Others
7987,2026-05-31,5.32,CVS Pharmacy,CVS Pharmacy - Lunch with friends,Health
7988,2023-11-26,17.34,City Hospital,City Hospital - Hotel stay,Travel
7989,2026-02-07,47.11,Netflix Streaming,Flight booking,Entertainment
7990,2025-03-18,70.95,Local Taxi,Flight booking,Shopping
7991,2025-10-08,8.92,"Cook, Bowen and Daugherty","Cook, Bowen and Daugherty - Gas refill",Bills
7992,2025-05-20,10.75,Amazon Marketplace,Amazon Marketplace - Online purchase,Shopping
7993,2026-03-26,47.45,CVS Pharmacy,Lunch with friends,Health
7994,2025-02-09,13.0,Joe's Pizza,Joe's Pizza - Prescription purchase,Food
7995,2025-11-18,25.6,"Nguyen, Fletcher and Page",Prescription purchase,Shopping
7996,2024-06-03,73.65,Local High School,Online purchase,Education
7997,2023-09-24,18.08,Morgan-Price,Prescription purchase,Others
7998,2025-05-25,60.02,Cooper-Guzman,Cooper-Guzman - Monthly subscription,Health
7999,2025-11-20,2.0,Mall Outlet,Lunch with friends,Shopping
8000,2025-01-10,3.48,Campbell-Smith,Campbell-Smith - Lunch with friends,Shopping
8001,2024-01-27,31.4,Walmart Supercenter,Online purchase,Shopping
8002,2025-10-09,32.8,Solis-Taylor,Monthly subscription,Food
8003,2025-08-07,18.61,Hilton Hotels,Prescription purchase,Travel
8004,2026-03-22,41.82,Joe's Pizza,Joe's Pizza - Flight booking,Food
8005,2024-09-12,38.41,Local Taxi,Online purchase,Travel
8006,2025-06-10,5.82,"Miller, Weber and Joyce",Grocery shopping,Shopping
8007,2026-01-16,100.33,"Obrien, Berg and Rowe",Lunch with friends,Bills
8008,2024-03-31,13.96,Mall Outlet,Taxi ride,Shopping
8009,2026-04-20,4.16,Webster PLC,Taxi ride,Others
8010,2023-10-22,25.56,Gas Station,Gas Station - Grocery shopping,Bills
8011,2025-11-16,23.4,Wolfe-Williams,Wolfe-Williams - Prescription purchase,Travel
8012,2025-10-30,35.16,Duran PLC,Prescription purchase,Others
8013,2025-12-01,10.98,Corner Grocery,Taxi ride,Others
8014,2024-06-05,66.48,Starbucks Coffee,Prescription purchase,Shopping
8015,2026-03-05,36.81,CVS Pharmacy,Lunch with friends,Health
8016,2025-04-27,2.84,Hilton Hotels,Hilton Hotels - Prescription purchase,Travel
8017,2026-04-23,57.0,State University,State University - Flight booking,Education
8018,2024-04-03,3.13,Gas Station,Gas Station - Prescription purchase,Bills
8019,2025-09-18,16.83,State University,Online purchase,Education
8020,2025-02-17,19.24,Local High School,Local High School - Monthly subscription,Education
8021,2025-05-27,110.16,Spotify,Spotify - Electric bill payment,Entertainment
8022,2025-06-30,10.85,Lyft,Lyft - Lunch with friends,Transport
8023,2023-12-06,11.8,Uber Eats,Uber Eats - Monthly subscription,Transport
8024,2024-10-01,8.87,Spotify,Electric bill payment,Entertainment
8025,2024-12-16,28.46,Netflix Streaming,Netflix Streaming - Monthly subscription,Entertainment
8026,2024-03-18,1.98,Corner Grocery,Corner Grocery - Taxi ride,Others
8027,2024-02-29,88.54,Spotify,Flight booking,Entertainment
8028,2025-03-21,88.64,Electric Company,Electric bill payment,Bills
8029,2026-04-20,31.43,Joe's Pizza,Joe's Pizza - Course fee,Food
8030,2024-09-04,68.41,Gas Station,Electric bill payment,Bills
8031,2026-05-14,2.66,Local Taxi,Local Taxi - Monthly subscription,Transport
8032,2024-11-01,44.33,"Watkins, Rivera and Lewis","Watkins, Rivera and Lewis - Electric bill payment",Bills
8033,2026-01-11,11.01,"May, Quinn and Rodriguez",Taxi ride,Others
8034,2023-11-21,16.96,Davis-Rogers,Davis-Rogers - Lunch with friends,Others
8035,2024-02-18,5.62,Hicks Group,Gas refill,Bills
8036,2025-08-13,22.13,Starbucks Coffee,Starbucks Coffee - Flight booking,Shopping
8037,2025-04-09,36.81,Starbucks Coffee,Starbucks Coffee - Electric bill payment,Bills
8038,2025-10-04,37.75,Ross LLC,Ross LLC - Online purchase,Shopping
8039,2025-07-14,10.85,Lyft,Lyft - Gas refill,Transport
8040,2024-03-18,34.35,Joe's Pizza,Flight booking,Food
8041,2024-10-28,40.18,Electric Company,Online purchase,Bills
8042,2023-11-28,45.28,Netflix Streaming,Netflix Streaming - Grocery shopping,Entertainment
8043,2026-01-29,13.85,Corner Grocery,Corner Grocery - Hotel stay,Travel
8044,2026-08-14,21.44,Matthews Ltd,Gas refill,Bills
8045,2025-10-12,20.37,City Hospital,Flight booking,Shopping
8046,2024-06-14,24.85,Moore-Reed,Moore-Reed - Hotel stay,Travel
8047,2023-11-21,7.8,Gill-Chase,Online purchase,Entertainment
8048,2023-11-02,5.64,CVS Pharmacy,CVS Pharmacy - Monthly subscription,Health
8049,2025-09-27,144.13,Netflix Streaming,Prescription purchase,Entertainment
8050,2025-06-02,110.44,Gas Station,Gas Station - Hotel stay,Travel
8051,2025-02-18,10.33,Ramirez and Sons,Flight booking,Transport
8052,2025-11-20,56.47,Local High School,Local High School - Course fee,Education
8053,2026-01-23,26.51,Netflix Streaming,Monthly subscription,Entertainment
8054,2026-05-10,8.14,Waterworks,Course fee,Bills
8055,2025-02-18,63.94,Electric Company,Electric Company - Flight booking,Bills
8056,2025-02-25,50.89,Mall Outlet,Electric bill payment,Bills
8057,2026-05-12,12.23,State University,Flight booking,Education
8058,2025-11-03,21.64,Walmart Supercenter,Walmart Supercenter - Gas refill,Shopping
8059,2024-07-26,11.6,Amazon Marketplace,Amazon Marketplace - Lunch with friends,Shopping
8060,2024-06-21,96.32,"Mccarty, Obrien and Combs","Mccarty, Obrien and Combs - Monthly subscription",Food
8061,2023-10-30,82.87,Brown-Anderson,Brown-Anderson - Prescription purchase,Others
8062,2026-06-11,1.66,"Hopkins, Jenkins and Alvarez",Taxi ride,Shopping
8063,2025-06-20,77.13,"Williams, Sosa and Castro","Williams, Sosa and Castro - Grocery shopping",Shopping
8064,2024-09-11,17.52,Hancock-Rodriguez,Grocery shopping,Shopping
8065,2025-11-13,39.85,Joe's Pizza,Course fee,Food
8066,2026-02-26,33.97,Sellers LLC,Sellers LLC - Gas refill,Bills
8067,2025-11-25,53.46,"Brown, Thompson and Simpson",Grocery shopping,Shopping
8068,2023-10-24,8.21,Richards-Morrison,Hotel stay,Travel
8069,2026-06-18,61.38,Hilton Hotels,Taxi ride,Travel
8070,2024-07-16,37.57,Walmart Supercenter,Gas refill,Shopping
8071,2023-09-01,52.79,Mall Outlet,Mall Outlet - Grocery shopping,Transport
8072,2025-02-09,12.64,Stout-Spencer,Grocery shopping,Bills
8073,2025-06-09,16.41,CVS Pharmacy,CVS Pharmacy - Course fee,Health
8074,2026-08-24,15.73,Mccormick-Conrad,Mccormick-Conrad - Hotel stay,Travel
8075,2025-09-15,82.49,Walmart Supercenter,Walmart Supercenter - Gas refill,Shopping
8076,2026-01-31,28.92,Thomas LLC,Thomas LLC - Hotel stay,Travel
8077,2024-11-10,26.49,Starbucks Coffee,Starbucks Coffee - Hotel stay,Travel
8078,2024-02-14,26.0,Joe's Pizza,Online purchase,Food
8079,2024-06-05,46.55,City Hospital,City Hospital - Lunch with friends,Education
8080,2024-12-25,19.23,Corner Grocery,Corner Grocery - Electric bill payment,Bills
8081,2023-09-20,15.45,"Pearson, Lopez and Frank","Pearson, Lopez and Frank - Hotel stay",Travel
8082,2025-12-14,18.99,Gas Station,Monthly subscription,Bills
8083,2023-09-12,27.73,Spotify,Spotify - Grocery shopping,Entertainment
8084,2026-04-09,90.7,Daniel-Wise,Daniel-Wise - Prescription purchase,Entertainment
8085,2024-07-01,23.31,Walmart Supercenter,Walmart Supercenter - Electric bill payment,Shopping
8086,2024-03-25,16.97,Davenport Inc,Davenport Inc - Hotel stay,Travel
8087,2024-01-19,81.5,Johnson Inc,Course fee,Others
8088,2025-08-16,15.24,"Mason, Lee and Mclaughlin","Mason, Lee and Mclaughlin - Prescription purchase",Transport
8089,2026-01-08,1.35,Local High School,Taxi ride,Education
8090,2024-09-30,14.03,Walmart Supercenter,Monthly subscription,Shopping
8091,2023-11-07,30.99,"Perkins, Green and Little","Perkins, Green and Little - Monthly subscription",Bills
8092,2026-07-12,15.85,Uber Eats,Uber Eats - Online purchase,Transport
8093,2024-04-22,44.93,Scott-Hoover,Grocery shopping,Others
8094,2024-07-29,32.28,State University,State University - Course fee,Education
8095,2024-10-22,1.27,Garrett-Vargas,Lunch with friends,Bills
8096,2024-05-25,89.5,Spotify,Spotify - Electric bill payment,Entertainment
8097,2024-06-02,4.46,CVS Pharmacy,CVS Pharmacy - Lunch with friends,Health
8098,2026-06-25,48.24,Mall Outlet,Course fee,Travel
8099,2025-08-31,21.86,City Hospital,City Hospital - Hotel stay,Travel
8100,2026-01-15,9.04,Waterworks,Taxi ride,Bills
8101,2025-06-26,51.98,Brooks-Pratt,Taxi ride,Health
8102,2024-06-07,18.57,Amazon Marketplace,Amazon Marketplace - Course fee,Shopping
8103,2023-11-13,15.2,Uber Eats,Uber Eats - Grocery shopping,Transport
8104,2025-05-06,64.82,Corner Grocery,Corner Grocery - Online purchase,Shopping
8105,2024-10-09,9.4,Waterworks,Waterworks - Taxi ride,Bills
8106,2024-11-27,61.0,Mitchell-Boyd,Grocery shopping,Food
8107,2025-10-12,9.15,Torres PLC,Torres PLC - Monthly subscription,Shopping
8108,2024-10-09,15.39,Campbell PLC,Grocery shopping,Utilities
8109,2023-09-08,19.12,"Rodriguez, Bates and Brown","Rodriguez, Bates and Brown - Course fee",Bills
8110,2026-03-02,46.81,Hardin LLC,Hardin LLC - Course fee,Health
8111,2026-05-15,23.54,State University,Lunch with friends,Education
8112,2024-07-06,102.53,Lyft,Flight booking,Transport
8113,2026-02-05,33.38,Johnson PLC,Johnson PLC - Course fee,Food
8114,2023-09-08,56.93,Corner Grocery,Corner Grocery - Electric bill payment,Bills
8115,2024-04-28,54.64,Russell-Barrett,Russell-Barrett - Monthly subscription,Food
8116,2026-02-10,23.3,Local High School,Prescription purchase,Education
8117,2026-03-30,26.77,Mall Outlet,Mall Outlet - Taxi ride,Food
8118,2023-09-23,174.8,Netflix Streaming,Netflix Streaming - Flight booking,Entertainment
8119,2024-05-12,62.69,Gas Station,Electric bill payment,Bills
8120,2025-06-27,14.04,Morse LLC,Gas refill,Bills
8121,2023-11-30,21.49,Local High School,Local High School - Flight booking,Education
8122,2025-12-19,11.26,Uber Eats,Uber Eats - Taxi ride,Transport
8123,2025-08-14,82.39,Amazon Marketplace,Amazon Marketplace - Online purchase,Shopping
8124,2024-09-28,4.54,"Peterson, Nguyen and Barajas","Peterson, Nguyen and Barajas - Online purchase",Shopping
8125,2024-01-29,76.91,Uber Eats,Uber Eats - Online purchase,Transport
8126,2025-12-10,35.37,Joe's Pizza,Joe's Pizza - Taxi ride,Food
8127,2025-06-17,65.19,Johnson PLC,Johnson PLC - Taxi ride,Entertainment
8128,2024-07-23,38.98,Spotify,Spotify - Grocery shopping,Entertainment
8129,2025-01-30,33.19,Hammond-Lloyd,Course fee,Travel
8130,2023-12-10,107.82,Savage-Rocha,Savage-Rocha - Electric bill payment,Bills
8131,2024-11-10,59.73,Joe's Pizza,Joe's Pizza - Flight booking,Food
8132,2025-06-06,4.75,State University,State University - Electric bill payment,Education
8133,2025-06-14,29.21,Lyft,Lyft - Electric bill payment,Transport
8134,2026-05-03,27.13,Stewart-Hill,Course fee,Food
8135,2025-08-12,4.6,Electric Company,Electric Company - Hotel stay,Travel
8136,2025-01-11,19.99,Smith PLC,Grocery shopping,Shopping
8137,2024-01-24,29.68,Walmart Supercenter,Walmart Supercenter - Prescription purchase,Shopping
8138,2026-03-09,25.3,Joe's Pizza,Joe's Pizza - Lunch with friends,Food
8139,2025-10-06,11.57,Mall Outlet,Flight booking,Food
8140,2024-12-04,2.03,Massey Group,Hotel stay,Travel
8141,2025-11-10,30.95,Gas Station,Gas Station - Prescription purchase,Bills
8142,2025-08-13,1.47,Starbucks Coffee,Starbucks Coffee - Grocery shopping,Food
8143,2024-09-08,35.64,Vasquez-Green,Lunch with friends,Shopping
8144,2024-04-14,1.92,Waterworks,Waterworks - Taxi ride,Bills
8145,2025-04-20,59.17,Lopez-James,Lopez-James - Gas refill,Bills
8146,2025-11-08,56.48,Joe's Pizza,Course fee,Food
8147,2023-12-31,14.23,Cook Ltd,Cook Ltd - Prescription purchase,Entertainment
8148,2025-03-25,9.06,Gas Station,Gas Station - Electric bill payment,Bills
8149,2024-02-20,12.65,CVS Pharmacy,CVS Pharmacy - Hotel stay,Travel
8150,2026-03-31,31.43,State University,Grocery shopping,Education
8151,2026-07-23,9.01,Adams Ltd,Adams Ltd - Prescription purchase,Entertainment
8152,2024-02-24,5.44,Walmart Supercenter,Gas refill,Shopping
8153,2024-01-12,22.74,Lyft,Lyft - Online purchase,Transport
8154,2025-07-13,1.08,Walmart Supercenter,Monthly subscription,Shopping
8155,2026-03-13,56.89,State University,State University - Taxi ride,Education
8156,2025-05-23,1.4,Waterworks,Waterworks - Electric bill payment,Bills
8157,2025-12-17,100.28,"Perez, Norris and Boyd","Perez, Norris and Boyd - Flight booking",Food
8158,2026-07-28,84.89,"Taylor, Graves and Horn","Taylor, Graves and Horn - Gas refill",Bills
8159,2025-05-21,5.82,Uber Eats,Uber Eats - Monthly subscription,Transport
8160,2025-10-03,3.2,"Roman, Spencer and Reeves",Course fee,Others
8161,2026-08-15,2.06,Dean-Johnson,Dean-Johnson - Electric bill payment,Bills
8162,2023-12-04,184.6,Joe's Pizza,Online purchase,Food
8163,2025-09-23,14.3,Mall Outlet,Electric bill payment,Bills
8164,2025-09-19,4.67,Delta Airlines,Monthly subscription,Travel
8165,2025-11-04,55.25,Walmart Supercenter,Walmart Supercenter - Flight booking,Shopping
8166,2024-03-29,15.13,Zimmerman-Elliott,Zimmerman-Elliott - Grocery shopping,Bills
8167,2024-12-03,20.49,Starbucks Coffee,Lunch with friends,Food
8168,2026-02-10,12.8,"Evans, Snyder and Harvey","Evans, Snyder and Harvey - Electric bill payment",Bills
8169,2024-01-19,4.55,Carlson-Williams,Course fee,Entertainment
8170,2025-02-24,5.71,Netflix Streaming,Gas refill,Entertainment
8171,2026-03-02,2.13,Corner Grocery,Corner Grocery - Prescription purchase,Transport
8172,2026-08-16,20.36,Corner Grocery,Corner Grocery - Electric bill payment,Bills
8173,2026-02-04,20.45,Joe's Pizza,Joe's Pizza - Course fee,Food
8174,2026-03-07,10.17,Mall Outlet,Gas refill,Bills
8175,2025-10-04,9.83,Spencer-Campbell,Spencer-Campbell - Hotel stay,Travel
8176,2026-08-23,46.11,CVS Pharmacy,Online purchase,Health
8177,2025-03-05,8.07,Local High School,Local High School - Course fee,Education
8178,2025-08-02,19.99,"Jackson, Morgan and Lopez",Flight booking,Food
8179,2026-07-04,61.33,Local High School,Local High School - Electric bill payment,Education
8180,2024-03-22,7.23,CVS Pharmacy,CVS Pharmacy - Grocery shopping,Health
8181,2026-02-23,25.02,Uber Eats,Online purchase,Transport
8182,2025-05-26,20.5,Delta Airlines,Taxi ride,Travel
8183,2026-06-20,46.98,State University,Grocery shopping,Education
8184,2024-02-25,20.14,Uber Eats,Gas refill,Transport
8185,2024-04-11,19.35,City Hospital,Electric bill payment,Bills
8186,2023-12-05,1.89,Amazon Marketplace,Monthly subscription,Shopping
8187,2024-03-09,1.92,Gas Station,Gas Station - Course fee,Bills
8188,2025-09-25,29.06,Delta Airlines,Delta Airlines - Gas refill,Travel
8189,2025-08-03,6.13,Hilton Hotels,Hilton Hotels - Gas refill,Travel
8190,2026-01-24,17.71,Corner Grocery,Hotel stay,Travel
8191,2025-11-13,53.37,Gas Station,Gas Station - Taxi ride,Bills
8192,2025-07-13,12.37,"Porter, Smith and Smith",Taxi ride,Shopping
8193,2023-11-02,27.96,Hamilton and Sons,Hamilton and Sons - Online purchase,Health
8194,2024-10-30,13.28,City Hospital,City Hospital - Taxi ride,Shopping
8195,2024-03-08,11.25,Spotify,Flight booking,Entertainment
8196,2024-03-26,2.49,State University,State University - Taxi ride,Education
8197,2025-09-30,14.85,Powers-Green,Powers-Green - Hotel stay,Travel
8198,2023-11-07,16.65,Amazon Marketplace,Amazon Marketplace - Gas refill,Shopping
8199,2026-04-15,60.31,Walmart Supercenter,Grocery shopping,Shopping
8200,2023-11-29,20.59,"Simmons, Butler and Johnson",Course fee,Food
8201,2024-04-24,47.49,Joe's Pizza,Joe's Pizza - Monthly subscription,Food
8202,2024-10-11,17.65,Brown Group,Taxi ride,Shopping
8203,2025-11-21,8.7,Corner Grocery,Corner Grocery - Grocery shopping,Bills
8204,2023-09-24,6.49,Gas Station,Online purchase,Bills
8205,2024-07-11,31.77,Uber Eats,Hotel stay,Transport
8206,2024-11-18,46.18,Local Taxi,Electric bill payment,Bills
8207,2025-04-19,18.64,Lyft,Electric bill payment,Transport
8208,2024-01-18,2.52,Corner Grocery,Electric bill payment,Bills
8209,2026-08-08,44.81,Amazon Marketplace,Online purchase,Shopping
8210,2023-11-07,24.4,Thompson-Rodriguez,Taxi ride,Food
8211,2024-04-09,5.05,Amazon Marketplace,Amazon Marketplace - Gas refill,Shopping
8212,2025-09-22,2.6,Local High School,Local High School - Flight booking,Education
8213,2024-04-27,2.84,Delta Airlines,Delta Airlines - Taxi ride,Travel
8214,2025-03-12,1.02,Hilton Hotels,Hilton Hotels - Flight booking,Travel
8215,2024-06-30,17.02,Electric Company,Electric Company - Electric bill payment,Bills
8216,2025-01-15,13.29,"Tran, Watson and Perez",Hotel stay,Travel
8217,2024-02-15,15.51,Delta Airlines,Delta Airlines - Taxi ride,Travel
8218,2024-09-24,7.15,Spotify,Spotify - Taxi ride,Entertainment
8219,2026-08-13,20.99,Shelton-Bennett,Shelton-Bennett - Monthly subscription,Shopping
8220,2025-07-08,35.06,Lam-Woods,Lam-Woods - Online purchase,Food
8221,2026-08-20,19.36,Local High School,Local High School - Hotel stay,Travel
8222,2024-06-23,69.05,"Foster, Walters and Steele",Hotel stay,Travel
8223,2024-06-30,64.63,"Ellis, Chavez and Powell",Lunch with friends,Bills
8224,2026-07-04,31.6,"Alexander, Bishop and Butler",Grocery shopping,Bills
8225,2025-09-08,11.08,Joseph-Beard,Joseph-Beard - Course fee,Health
8226,2024-07-25,52.82,"Savage, Gonzales and Fletcher","Savage, Gonzales and Fletcher - Course fee",Travel
8227,2026-01-04,26.44,Guzman-Paul,Electric bill payment,Bills
8228,2025-01-08,27.7,Uber Eats,Uber Eats - Grocery shopping,Transport
8229,2024-08-15,38.41,Arroyo PLC,Arroyo PLC - Electric bill payment,Bills
8230,2026-08-27,31.06,Johnson-Cruz,Johnson-Cruz - Monthly subscription,Shopping
8231,2026-04-28,45.54,"Hendricks, Chavez and Conway","Hendricks, Chavez and Conway - Monthly subscription",Health
8232,2025-12-07,54.27,Starbucks Coffee,Electric bill payment,Bills
8233,2024-11-27,30.64,Corner Grocery,Corner Grocery - Gas refill,Bills
8234,2023-11-21,30.37,Hilton Hotels,Hilton Hotels - Grocery shopping,Travel
8235,2024-11-20,20.08,Mall Outlet,Mall Outlet - Prescription purchase,Food
8236,2024-11-01,145.54,Amazon Marketplace,Electric bill payment,Shopping
8237,2025-07-23,5.03,"Alexander, Murphy and Gross",Gas refill,Bills
8238,2025-02-23,3.57,"Murphy, Lawson and Smith","Murphy, Lawson and Smith - Course fee",Entertainment
8239,2026-05-26,15.73,Lyft,Lyft - Monthly subscription,Transport
8240,2025-07-04,7.73,Amazon Marketplace,Hotel stay,Travel
8241,2024-05-11,54.96,Electric Company,Electric Company - Lunch with friends,Bills
8242,2024-09-20,31.22,Hilton Hotels,Hilton Hotels - Hotel stay,Travel
8243,2026-06-10,1.64,Hilton Hotels,Monthly subscription,Travel
8244,2026-01-26,6.08,Graves Ltd,Hotel stay,Travel
8245,2025-06-15,13.07,Electric Company,Electric Company - Online purchase,Bills
8246,2024-11-29,50.72,State University,State University - Online purchase,Education
8247,2026-03-28,36.92,Walmart Supercenter,Taxi ride,Shopping
8248,2026-03-13,50.97,Local High School,Electric bill payment,Education
8249,2024-02-20,19.33,Local High School,Local High School - Taxi ride,Education
8250,2025-10-01,35.73,Mall Outlet,Mall Outlet - Monthly subscription,Transport
8251,2024-04-23,13.08,Bennett Group,Online purchase,Education
8252,2026-07-23,18.17,"Collier, Foster and Watson","Collier, Foster and Watson - Monthly subscription",Food
8253,2025-07-28,42.01,Starbucks Coffee,Course fee,Others
8254,2024-08-06,60.81,Delta Airlines,Delta Airlines - Hotel stay,Travel
8255,2026-03-30,31.29,Netflix Streaming,Netflix Streaming - Prescription purchase,Entertainment
8256,2025-03-02,77.82,Delta Airlines,Electric bill payment,Travel
8257,2026-03-08,48.31,State University,State University - Grocery shopping,Education
8258,2026-05-19,13.68,Johnson-Blackwell,Johnson-Blackwell - Taxi ride,Travel
8259,2025-03-04,54.79,Electric Company,Online purchase,Bills
8260,2025-11-05,48.49,Hilton Hotels,Hilton Hotels - Course fee,Travel
8261,2026-06-27,6.77,Delta Airlines,Electric bill payment,Travel
8262,2025-01-03,14.78,Saunders Inc,Saunders Inc - Electric bill payment,Bills
8263,2026-04-15,73.53,City Hospital,City Hospital - Monthly subscription,Travel
8264,2025-09-03,105.98,Lyft,Electric bill payment,Transport
8265,2025-11-11,8.97,Lyft,Hotel stay,Transport
8266,2025-08-05,57.74,Hilton Hotels,Monthly subscription,Travel
8267,2024-01-27,34.51,Local High School,Local High School - Lunch with friends,Education
8268,2024-05-27,4.44,Moore-Hunter,Moore-Hunter - Taxi ride,Bills
8269,2025-06-13,2.53,King Inc,King Inc - Taxi ride,Shopping
8270,2025-12-07,6.73,Joseph LLC,Joseph LLC - Grocery shopping,Travel
8271,2025-10-11,4.16,Netflix Streaming,Netflix Streaming - Course fee,Entertainment
8272,2024-11-03,70.57,Joe's Pizza,Joe's Pizza - Flight booking,Food
8273,2025-03-12,6.31,State University,State University - Electric bill payment,Education
8274,2025-05-12,20.2,CVS Pharmacy,CVS Pharmacy - Gas refill,Health
8275,2026-06-22,20.0,CVS Pharmacy,CVS Pharmacy - Course fee,Health
8276,2025-12-12,25.85,"Walker, Young and Moody",Online purchase,Food
8277,2024-11-25,20.0,Spotify,Taxi ride,Entertainment
8278,2024-03-19,36.02,Spotify,Spotify - Lunch with friends,Entertainment
8279,2024-08-06,113.09,Netflix Streaming,Netflix Streaming - Hotel stay,Travel
8280,2024-09-13,52.96,Uber Eats,Uber Eats - Electric bill payment,Transport
8281,2024-08-12,21.95,"Clements, Hunter and Baker",Electric bill payment,Bills
8282,2025-06-22,2.04,Johnson Inc,Johnson Inc - Course fee,Shopping
8283,2023-10-22,23.85,Mall Outlet,Mall Outlet - Online purchase,Travel
8284,2025-09-21,5.16,Hilton Hotels,Hilton Hotels - Hotel stay,Travel
8285,2024-03-12,11.54,Lee-Wright,Lee-Wright - Prescription purchase,Education
8286,2024-05-25,30.23,Cordova LLC,Hotel stay,Travel
8287,2023-12-05,41.27,Hilton Hotels,Hotel stay,Travel
8288,2023-11-07,26.71,Joe's Pizza,Course fee,Food
8289,2024-01-06,10.74,"Mitchell, Gutierrez and Reid","Mitchell, Gutierrez and Reid - Gas refill",Bills
8290,2024-10-10,70.49,Uber Eats,Uber Eats - Electric bill payment,Transport
8291,2024-04-30,70.57,Local Taxi,Course fee,Shopping
8292,2025-08-12,7.9,State University,Hotel stay,Travel
8293,2025-07-09,37.71,Wells-Meyer,Wells-Meyer - Monthly subscription,Education
8294,2024-05-10,15.95,"Burch, Levine and Smith","Burch, Levine and Smith - Lunch with friends",Utilities
8295,2024-11-11,17.4,Waterworks,Waterworks - Gas refill,Bills
8296,2024-12-30,23.41,Hayes LLC,Gas refill,Bills
8297,2026-02-10,21.63,Ortega-Kent,Monthly subscription,Transport
8298,2025-03-10,17.7,Anderson-Warner,Anderson-Warner - Online purchase,Transport
8299,2026-03-20,2.05,Mall Outlet,Gas refill,Bills
8300,2026-07-23,9.9,Gas Station,Gas Station - Prescription purchase,Bills
8301,2025-05-04,19.53,State University,Gas refill,Education
8302,2026-01-11,11.79,Corner Grocery,Monthly subscription,Entertainment
8303,2024-02-09,20.37,Lyft,Lyft - Taxi ride,Transport
8304,2024-10-22,9.04,"Lee, Mccarthy and Lopez","Lee, Mccarthy and Lopez - Electric bill payment",Bills
8305,2024-05-03,56.8,Waterworks,Waterworks - Course fee,Bills
8306,2024-08-08,24.56,Lyft,Lyft - Flight booking,Transport
8307,2026-01-14,41.69,Mall Outlet,Mall Outlet - Hotel stay,Travel
8308,2026-07-12,20.36,Local Taxi,Electric bill payment,Bills
8309,2024-01-04,12.68,"Jensen, Silva and Wilkinson","Jensen, Silva and Wilkinson - Flight booking",Travel
8310,2024-10-09,13.24,Terry-Martinez,Terry-Martinez - Hotel stay,Travel
8311,2026-06-03,159.52,Campbell-Lee,Campbell-Lee - Hotel stay,Travel
8312,2025-09-21,2.58,Burgess Group,Burgess Group - Lunch with friends,Food
8313,2024-02-11,20.26,Starbucks Coffee,Starbucks Coffee - Course fee,Shopping
8314,2025-07-07,4.79,City Hospital,City Hospital - Course fee,Food
8315,2023-11-24,9.39,Becker-Smith,Gas refill,Bills
8316,2024-01-04,3.88,Mall Outlet,Mall Outlet - Grocery shopping,Food
8317,2025-11-20,13.05,Jones-Sims,Taxi ride,Others
8318,2026-06-18,12.38,Browning-Smith,Browning-Smith - Lunch with friends,Utilities
8319,2026-01-25,29.02,Starbucks Coffee,Starbucks Coffee - Flight booking,Entertainment
8320,2025-08-15,10.71,Spotify,Flight booking,Entertainment
8321,2026-07-15,10.89,"Wise, Foster and Hall","Wise, Foster and Hall - Electric bill payment",Bills
8322,2025-08-22,163.78,Netflix Streaming,Grocery shopping,Entertainment
8323,2024-01-24,21.29,Electric Company,Electric Company - Electric bill payment,Bills
8324,2024-04-18,62.57,Corner Grocery,Taxi ride,Others
8325,2025-02-23,32.66,Netflix Streaming,Monthly subscription,Entertainment
8326,2024-07-13,10.7,Davis-Adams,Prescription purchase,Health
8327,2025-08-13,29.5,State University,State University - Electric bill payment,Education
8328,2025-09-15,22.71,Joe's Pizza,Taxi ride,Food
8329,2024-06-23,14.87,Delta Airlines,Hotel stay,Travel
8330,2025-09-16,9.28,CVS Pharmacy,Taxi ride,Health
8331,2026-07-15,83.91,Local High School,Local High School - Electric bill payment,Education
8332,2025-07-29,41.9,Mall Outlet,Monthly subscription,Others
8333,2024-04-07,15.75,Local Taxi,Taxi ride,Food
8334,2024-03-16,70.5,City Hospital,City Hospital - Grocery shopping,Food
8335,2026-05-10,1.4,State University,State University - Hotel stay,Travel
8336,2025-03-18,33.42,Terry-Ibarra,Terry-Ibarra - Course fee,Food
8337,2025-07-02,15.25,Spotify,Lunch with friends,Entertainment
8338,2024-08-12,92.91,Amazon Marketplace,Taxi ride,Shopping
8339,2024-05-10,10.33,Holden Group,Gas refill,Bills
8340,2026-04-24,23.09,Kennedy Group,Prescription purchase,Shopping
8341,2025-04-23,17.8,Lucas-Harrison,Electric bill payment,Bills
8342,2023-09-30,35.88,Local High School,Local High School - Course fee,Education
8343,2025-09-02,11.61,Delta Airlines,Delta Airlines - Hotel stay,Travel
8344,2023-12-09,49.29,Yu Group,Yu Group - Lunch with friends,Entertainment
8345,2024-10-13,12.29,Rangel-Conley,Course fee,Shopping
8346,2026-05-20,83.16,"Moore, Williams and Holt","Moore, Williams and Holt - Hotel stay",Travel
8347,2026-08-06,21.59,CVS Pharmacy,CVS Pharmacy - Flight booking,Health
8348,2025-11-07,13.58,Delta Airlines,Electric bill payment,Travel
8349,2026-02-01,2.23,Brooks Ltd,Brooks Ltd - Electric bill payment,Bills
8350,2023-11-11,56.43,City Hospital,Gas refill,Bills
8351,2025-05-14,13.12,Joe's Pizza,Joe's Pizza - Lunch with friends,Food
8352,2026-07-19,19.41,Joe's Pizza,Joe's Pizza - Prescription purchase,Food
8353,2026-04-06,2.08,Netflix Streaming,Netflix Streaming - Lunch with friends,Entertainment
8354,2026-01-29,32.28,"Ware, Hernandez and Mccarty","Ware, Hernandez and Mccarty - Electric bill payment",Bills
8355,2026-06-03,15.36,Hernandez-Butler,Prescription purchase,Food
8356,2024-10-25,44.84,Hilton Hotels,Hilton Hotels - Grocery shopping,Travel
8357,2025-01-12,28.05,City Hospital,Prescription purchase,Travel
8358,2023-12-20,19.82,Walmart Supercenter,Gas refill,Shopping
8359,2025-08-17,14.12,Local High School,Prescription purchase,Education
8360,2026-08-20,10.71,Walmart Supercenter,Walmart Supercenter - Taxi ride,Shopping
8361,2025-11-10,1.4,Joe's Pizza,Joe's Pizza - Grocery shopping,Food
8362,2025-07-12,9.21,"Love, Lee and Sims",Prescription purchase,Transport
8363,2026-04-13,16.0,Spotify,Electric bill payment,Entertainment
8364,2024-03-07,20.42,"Medina, Fletcher and Moore","Medina, Fletcher and Moore - Taxi ride",Entertainment
8365,2025-07-25,8.13,Uber Eats,Monthly subscription,Transport
8366,2024-04-23,7.48,Netflix Streaming,Course fee,Entertainment
8367,2023-10-08,11.34,"Gallegos, Nunez and Parks","Gallegos, Nunez and Parks - Course fee",Shopping
8368,2023-11-04,17.52,Moore Group,Flight booking,Shopping
8369,2026-03-02,1.18,Amazon Marketplace,Flight booking,Shopping
8370,2024-04-09,48.96,"Beard, Obrien and Thomas",Monthly subscription,Travel
8371,2025-12-12,13.94,Corner Grocery,Corner Grocery - Prescription purchase,Transport
8372,2025-01-06,69.97,Local High School,Local High School - Gas refill,Education
8373,2023-11-02,34.37,Spotify,Taxi ride,Entertainment
8374,2023-10-10,3.8,Joe's Pizza,Joe's Pizza - Course fee,Food
8375,2024-03-09,17.67,Rodriguez LLC,Gas refill,Bills
8376,2024-08-17,55.4,Local High School,Local High School - Lunch with friends,Education
8377,2024-07-11,6.97,Parker PLC,Grocery shopping,Others
8378,2025-11-04,4.89,"Cunningham, Giles and Mckenzie",Hotel stay,Travel
8379,2025-02-07,8.68,Waterworks,Flight booking,Bills
8380,2025-07-30,33.97,Local Taxi,Local Taxi - Grocery shopping,Bills
8381,2025-07-15,36.92,Starbucks Coffee,Starbucks Coffee - Taxi ride,Transport
8382,2024-11-12,35.19,Glass-Fisher,Flight booking,Shopping
8383,2023-12-12,5.0,Wells PLC,Grocery shopping,Entertainment
8384,2024-01-28,37.76,Amazon Marketplace,Prescription purchase,Shopping
8385,2026-02-23,7.22,Roman Inc,Hotel stay,Travel
8386,2024-07-28,36.04,Meadows Inc,Meadows Inc - Gas refill,Bills
8387,2023-09-18,18.48,Hilton Hotels,Monthly subscription,Travel
8388,2023-11-08,33.88,Bass-Williams,Bass-Williams - Monthly subscription,Transport
8389,2026-08-14,30.62,Local High School,Local High School - Course fee,Education
8390,2023-12-20,51.5,"Lloyd, Garcia and Schmidt","Lloyd, Garcia and Schmidt - Grocery shopping",Shopping
8391,2025-12-07,32.84,CVS Pharmacy,CVS Pharmacy - Flight booking,Health
8392,2026-01-22,22.89,Local High School,Local High School - Hotel stay,Travel
8393,2025-04-20,15.89,Electric Company,Electric Company - Hotel stay,Travel
8394,2025-10-18,16.49,Amazon Marketplace,Amazon Marketplace - Lunch with friends,Shopping
8395,2026-07-24,11.98,Netflix Streaming,Netflix Streaming - Grocery shopping,Entertainment
8396,2026-08-01,2.76,Williams-Lee,Online purchase,Food
8397,2025-06-28,17.82,Rios Ltd,Rios Ltd - Gas refill,Bills
8398,2026-08-17,8.21,Waterworks,Hotel stay,Travel
8399,2024-11-12,26.99,Barnes-Powell,Flight booking,Transport
8400,2024-06-08,3.8,City Hospital,City Hospital - Prescription purchase,Bills
8401,2025-03-08,6.47,Starbucks Coffee,Online purchase,Shopping
8402,2025-03-07,133.63,Hilton Hotels,Grocery shopping,Travel
8403,2024-05-05,69.2,"Young, Williams and Adams","Young, Williams and Adams - Taxi ride",Travel
8404,2026-06-03,33.82,"Davis, Barrett and Anderson","Davis, Barrett and Anderson - Monthly subscription",Travel
8405,2025-06-25,4.42,Corner Grocery,Corner Grocery - Flight booking,Others
8406,2025-06-02,19.57,Watkins and Sons,Watkins and Sons - Electric bill payment,Bills
8407,2023-09-07,37.63,Local Taxi,Local Taxi - Online purchase,Others
8408,2025-12-15,49.49,Walmart Supercenter,Online purchase,Shopping
8409,2026-08-21,30.25,"Wright, Alexander and Hall","Wright, Alexander and Hall - Online purchase",Travel
8410,2023-09-16,26.48,"Walker, Watkins and Hobbs",Electric bill payment,Bills
8411,2025-10-08,12.93,City Hospital,Electric bill payment,Bills
8412,2024-10-16,5.62,Gas Station,Gas Station - Prescription purchase,Bills
8413,2024-01-25,7.17,"Ross, Perez and Giles",Grocery shopping,Shopping
8414,2026-05-23,8.47,Spotify,Spotify - Electric bill payment,Entertainment
8415,2024-05-16,77.7,Waterworks,Waterworks - Prescription purchase,Bills
8416,2024-02-21,6.11,Walmart Supercenter,Lunch with friends,Shopping
8417,2026-07-19,22.76,Uber Eats,Uber Eats - Course fee,Transport
8418,2026-07-21,91.78,Nguyen and Sons,Nguyen and Sons - Taxi ride,Food
8419,2026-06-19,62.87,Walmart Supercenter,Flight booking,Shopping
8420,2023-10-19,17.32,Local High School,Local High School - Flight booking,Education
8421,2024-10-21,3.69,Starbucks Coffee,Starbucks Coffee - Course fee,Food
8422,2024-08-21,19.57,"Ford, Perez and Moore","Ford, Perez and Moore - Monthly subscription",Shopping
8423,2026-04-23,26.41,Waterworks,Waterworks - Taxi ride,Bills
8424,2025-05-09,48.67,State University,Online purchase,Education
8425,2025-07-12,34.04,State University,State University - Flight booking,Education
8426,2026-07-14,90.05,Corner Grocery,Flight booking,Others
8427,2026-01-01,4.35,Wagner Ltd,Wagner Ltd - Hotel stay,Travel
8428,2024-12-26,18.25,Lyft,Lyft - Grocery shopping,Transport
8429,2025-04-30,27.55,Gas Station,Gas Station - Flight booking,Bills
8430,2026-05-23,58.83,Starbucks Coffee,Starbucks Coffee - Course fee,Bills
8431,2025-11-09,95.97,Wilson-Arnold,Course fee,Food
8432,2025-04-18,43.76,Mall Outlet,Mall Outlet - Hotel stay,Travel
8433,2025-06-20,95.21,CVS Pharmacy,Lunch with friends,Health
8434,2025-02-26,31.6,State University,State University - Grocery shopping,Education
8435,2025-02-20,60.74,White and Sons,Prescription purchase,Entertainment
8436,2025-04-27,79.2,Mall Outlet,Hotel stay,Travel
8437,2026-04-06,17.68,CVS Pharmacy,Electric bill payment,Health
8438,2024-05-26,22.18,Wang-Armstrong,Wang-Armstrong - Online purchase,Shopping
8439,2024-09-02,10.84,Uber Eats,Uber Eats - Grocery shopping,Transport
8440,2024-11-15,50.43,City Hospital,City Hospital - Hotel stay,Travel
8441,2024-08-02,33.32,Walmart Supercenter,Walmart Supercenter - Monthly subscription,Shopping
8442,2026-04-30,21.32,Electric Company,Electric Company - Prescription purchase,Bills
8443,2026-08-11,53.1,Netflix Streaming,Netflix Streaming - Prescription purchase,Entertainment
8444,2025-03-20,42.51,Joe's Pizza,Joe's Pizza - Monthly subscription,Food
8445,2023-10-08,6.52,Bennett LLC,Monthly subscription,Shopping
8446,2024-01-06,33.61,Starbucks Coffee,Monthly subscription,Education
8447,2023-09-29,61.23,City Hospital,Online purchase,Shopping
8448,2025-05-07,29.06,Welch PLC,Grocery shopping,Others
8449,2024-07-20,66.59,Spotify,Spotify - Prescription purchase,Entertainment
8450,2024-03-16,13.41,Amazon Marketplace,Amazon Marketplace - Electric bill payment,Shopping
8451,2026-06-26,60.82,Spotify,Prescription purchase,Entertainment
8452,2024-10-06,31.27,Gas Station,Monthly subscription,Bills
8453,2024-01-05,1.35,Lyft,Gas refill,Transport
8454,2026-07-09,2.59,Corner Grocery,Corner Grocery - Online purchase,Transport
8455,2025-07-13,31.33,CVS Pharmacy,CVS Pharmacy - Taxi ride,Health
8456,2024-12-10,11.15,Gas Station,Gas Station - Prescription purchase,Bills
8457,2026-05-19,6.8,Reyes Group,Hotel stay,Travel
8458,2024-01-15,10.31,"Reed, Deleon and Parker",Monthly subscription,Shopping
8459,2024-12-22,31.16,City Hospital,Course fee,Entertainment
8460,2025-05-05,6.79,Local High School,Grocery shopping,Education
8461,2025-01-01,18.35,Corner Grocery,Corner Grocery - Electric bill payment,Bills
8462,2025-11-12,8.04,Lewis Inc,Lewis Inc - Electric bill payment,Bills
8463,2026-07-06,10.17,Joe's Pizza,Grocery shopping,Food
8464,2023-09-27,22.87,Waterworks,Gas refill,Bills
8465,2026-06-24,75.82,Uber Eats,Uber Eats - Flight booking,Transport
8466,2024-10-27,41.64,Walmart Supercenter,Flight booking,Shopping
8467,2026-02-21,6.93,Starbucks Coffee,Starbucks Coffee - Hotel stay,Travel
8468,2024-07-26,29.59,"Vargas, Williams and Rangel",Electric bill payment,Bills
8469,2025-11-12,42.78,City Hospital,City Hospital - Monthly subscription,Transport
8470,2024-11-29,54.64,Lyft,Lyft - Prescription purchase,Transport
8471,2026-03-03,4.45,"Hess, Miller and Jenkins","Hess, Miller and Jenkins - Grocery shopping",Travel
8472,2024-03-31,9.14,Weeks-Williams,Weeks-Williams - Taxi ride,Food
8473,2025-07-01,3.92,Valentine-Peterson,Prescription purchase,Bills
8474,2025-08-28,7.02,Smith Ltd,Smith Ltd - Monthly subscription,Food
8475,2024-03-11,70.28,City Hospital,City Hospital - Online purchase,Transport
8476,2024-05-27,51.26,Mall Outlet,Mall Outlet - Grocery shopping,Food
8477,2025-03-12,3.93,"Glover, Jones and Bennett","Glover, Jones and Bennett - Taxi ride",Shopping
8478,2023-11-28,61.27,Spotify,Spotify - Online purchase,Entertainment
8479,2025-08-24,1.32,Mall Outlet,Mall Outlet - Prescription purchase,Shopping
8480,2024-06-03,4.73,City Hospital,Electric bill payment,Bills
8481,2025-10-12,36.95,Joe's Pizza,Joe's Pizza - Electric bill payment,Food
8482,2026-04-07,89.85,Spotify,Spotify - Course fee,Entertainment
8483,2024-10-18,3.62,Gas Station,Gas Station - Gas refill,Bills
8484,2024-01-11,7.17,Walmart Supercenter,Walmart Supercenter - Monthly subscription,Shopping
8485,2025-02-03,4.16,Mosley LLC,Mosley LLC - Lunch with friends,Travel
8486,2025-03-29,20.15,Gas Station,Gas refill,Bills
8487,2026-07-07,23.6,CVS Pharmacy,CVS Pharmacy - Taxi ride,Health
8488,2025-07-21,9.64,Duke-Allison,Online purchase,Utilities
8489,2024-05-27,2.01,"Smith, Owens and Williams",Course fee,Shopping
8490,2025-04-20,139.79,Local Taxi,Course fee,Education
8491,2023-12-11,36.65,Corner Grocery,Online purchase,Utilities
8492,2023-11-02,1.2,State University,Online purchase,Education
8493,2025-03-15,6.61,Gonzalez Group,Hotel stay,Travel
8494,2023-12-12,27.5,State University,State University - Monthly subscription,Education
8495,2023-09-09,76.52,Gas Station,Gas Station - Online purchase,Bills
8496,2024-05-08,48.96,Hilton Hotels,Hilton Hotels - Prescription purchase,Travel
8497,2024-08-10,58.13,Local Taxi,Local Taxi - Taxi ride,Entertainment
8498,2025-08-31,24.22,Waterworks,Online purchase,Bills
8499,2026-04-04,75.21,Waterworks,Lunch with friends,Bills
8500,2024-12-27,19.77,Netflix Streaming,Monthly subscription,Entertainment
8501,2025-11-07,59.39,Hilton Hotels,Hilton Hotels - Monthly subscription,Travel
8502,2026-05-18,27.85,Uber Eats,Uber Eats - Monthly subscription,Transport
8503,2025-04-27,28.61,Wong PLC,Hotel stay,Travel
8504,2025-09-23,3.47,"Hays, Marks and Williamson","Hays, Marks and Williamson - Online purchase",Food
8505,2025-01-02,17.94,Uber Eats,Course fee,Transport
8506,2024-02-26,1.11,Corner Grocery,Corner Grocery - Monthly subscription,Food
8507,2025-07-08,21.86,Netflix Streaming,Grocery shopping,Entertainment
8508,2026-03-09,1.28,Electric Company,Hotel stay,Travel
8509,2026-03-24,41.25,Lam LLC,Lam LLC - Taxi ride,Food
8510,2023-10-05,31.01,"Mendoza, Rodriguez and Sanchez","Mendoza, Rodriguez and Sanchez - Course fee",Food
8511,2025-01-06,12.68,Gas Station,Gas Station - Online purchase,Bills
8512,2023-09-14,11.6,Ritter-Morrison,Ritter-Morrison - Lunch with friends,Food
8513,2026-06-21,44.16,Joe's Pizza,Prescription purchase,Food
8514,2024-04-18,9.59,City Hospital,Prescription purchase,Others
8515,2024-11-26,20.64,Corner Grocery,Corner Grocery - Electric bill payment,Bills
8516,2023-12-29,10.24,Gas Station,Gas Station - Lunch with friends,Bills
8517,2026-06-29,52.25,Wilson LLC,Wilson LLC - Gas refill,Bills
8518,2024-01-06,76.08,Amazon Marketplace,Flight booking,Shopping
8519,2024-12-21,21.74,"Adams, Burgess and Stout","Adams, Burgess and Stout - Grocery shopping",Health
8520,2026-03-27,33.41,Waterworks,Hotel stay,Travel
8521,2024-06-01,74.95,Corner Grocery,Online purchase,Travel
8522,2023-08-31,7.17,CVS Pharmacy,CVS Pharmacy - Flight booking,Health
8523,2025-07-20,25.87,Corner Grocery,Corner Grocery - Prescription purchase,Food
8524,2026-05-24,25.26,CVS Pharmacy,CVS Pharmacy - Taxi ride,Health
8525,2025-12-08,41.04,Delta Airlines,Delta Airlines - Online purchase,Travel
8526,2024-02-25,45.41,Mall Outlet,Mall Outlet - Taxi ride,Entertainment
8527,2024-02-29,39.52,Waterworks,Electric bill payment,Bills
8528,2024-12-07,26.55,CVS Pharmacy,CVS Pharmacy - Online purchase,Health
8529,2024-03-08,5.89,Amazon Marketplace,Taxi ride,Shopping
8530,2026-05-02,20.41,Netflix Streaming,Netflix Streaming - Gas refill,Entertainment
8531,2026-01-22,5.76,CVS Pharmacy,CVS Pharmacy - Electric bill payment,Health
8532,2025-08-26,139.53,Local High School,Local High School - Hotel stay,Travel
8533,2024-07-27,37.18,Amazon Marketplace,Gas refill,Shopping
8534,2025-04-22,2.13,Gas Station,Gas refill,Bills
8535,2025-07-14,84.39,Mall Outlet,Mall Outlet - Gas refill,Bills
8536,2026-02-16,11.9,Hunt Group,Electric bill payment,Bills
8537,2025-07-29,2.85,Rodriguez-Rosales,Rodriguez-Rosales - Flight booking,Utilities
8538,2025-10-09,6.11,Local High School,Flight booking,Education
8539,2026-05-06,5.77,Henderson-Alexander,Flight booking,Utilities
8540,2025-10-01,5.01,Delta Airlines,Delta Airlines - Monthly subscription,Travel
8541,2025-06-05,29.87,CVS Pharmacy,CVS Pharmacy - Electric bill payment,Health
8542,2025-04-27,50.53,Garcia-Page,Garcia-Page - Lunch with friends,Others
8543,2024-12-15,26.28,City Hospital,Prescription purchase,Entertainment
8544,2024-06-03,16.62,Armstrong-Shah,Armstrong-Shah - Prescription purchase,Others
8545,2024-12-11,56.92,Starbucks Coffee,Starbucks Coffee - Online purchase,Entertainment
8546,2026-03-04,4.98,Cox Group,Cox Group - Electric bill payment,Bills
8547,2025-12-17,42.55,"Campos, Collier and Hampton",Course fee,Entertainment
8548,2025-02-27,4.98,Waterworks,Waterworks - Course fee,Bills
8549,2025-07-08,90.57,Delta Airlines,Online purchase,Travel
8550,2025-08-06,10.1,State University,State University - Grocery shopping,Education
8551,2025-04-21,18.05,Starbucks Coffee,Starbucks Coffee - Lunch with friends,Food
8552,2025-09-10,65.62,Ross LLC,Ross LLC - Course fee,Shopping
8553,2026-03-27,71.77,Pena-Baldwin,Flight booking,Shopping
8554,2024-09-16,2.54,"Clarke, White and Weiss",Electric bill payment,Bills
8555,2024-05-04,3.51,Glenn-Castillo,Glenn-Castillo - Gas refill,Bills
8556,2025-02-05,21.97,Local Taxi,Local Taxi - Course fee,Bills
8557,2023-11-23,9.48,Smith-Raymond,Gas refill,Bills
8558,2024-04-16,53.06,Local High School,Local High School - Grocery shopping,Education
8559,2025-01-21,39.08,State University,Gas refill,Education
8560,2025-06-09,13.22,Electric Company,Electric Company - Hotel stay,Travel
8561,2025-07-27,18.46,Corner Grocery,Corner Grocery - Gas refill,Bills
8562,2024-05-18,51.93,"Gray, Vargas and Richardson","Gray, Vargas and Richardson - Grocery shopping",Bills
8563,2025-01-18,4.25,Netflix Streaming,Netflix Streaming - Lunch with friends,Entertainment
8564,2026-04-01,142.35,"Haynes, Rodriguez and Smith","Haynes, Rodriguez and Smith - Taxi ride",Food
8565,2024-02-16,18.99,Stewart-Knapp,Flight booking,Bills
8566,2025-07-05,82.08,"Barnes, Jacobs and Navarro","Barnes, Jacobs and Navarro - Hotel stay",Travel
8567,2024-11-11,52.12,Local Taxi,Local Taxi - Online purchase,Shopping
8568,2023-10-10,10.36,Hilton Hotels,Hilton Hotels - Lunch with friends,Travel
8569,2023-12-09,22.84,Walmart Supercenter,Walmart Supercenter - Lunch with friends,Shopping
8570,2026-02-11,28.24,Walmart Supercenter,Walmart Supercenter - Flight booking,Shopping
8571,2026-02-01,21.25,Bennett Ltd,Bennett Ltd - Hotel stay,Travel
8572,2024-04-06,1.01,"Brewer, Robinson and Smith","Brewer, Robinson and Smith - Hotel stay",Travel
8573,2025-04-22,2.54,State University,Electric bill payment,Education
8574,2023-12-15,11.33,Uber Eats,Monthly subscription,Transport
8575,2023-11-14,8.65,Corner Grocery,Online purchase,Utilities
8576,2024-02-12,1.88,CVS Pharmacy,CVS Pharmacy - Course fee,Health
8577,2024-11-04,3.66,White Ltd,White Ltd - Monthly subscription,Shopping
8578,2024-02-15,1.66,City Hospital,City Hospital - Electric bill payment,Bills
8579,2024-08-06,41.81,Joe's Pizza,Joe's Pizza - Taxi ride,Food
8580,2026-07-24,18.7,Electric Company,Electric Company - Flight booking,Bills
8581,2024-07-01,3.36,"Hurst, Williams and Thompson","Hurst, Williams and Thompson - Grocery shopping",Utilities
8582,2025-10-18,41.45,City Hospital,City Hospital - Monthly subscription,Food
8583,2026-04-06,23.36,Smith Inc,Smith Inc - Grocery shopping,Entertainment
8584,2025-12-30,69.06,Gas Station,Electric bill payment,Bills
8585,2025-03-13,4.43,Johnson Ltd,Johnson Ltd - Gas refill,Bills
8586,2026-02-26,2.9,Schmitt-Austin,Schmitt-Austin - Course fee,Education
8587,2025-03-08,24.04,Corner Grocery,Corner Grocery - Online purchase,Food
8588,2025-01-07,96.46,Local Taxi,Local Taxi - Online purchase,Others
8589,2025-08-12,80.79,"Jackson, Moran and Lopez","Jackson, Moran and Lopez - Course fee",Food
8590,2026-08-12,56.05,White Group,White Group - Gas refill,Bills
8591,2025-03-02,5.99,Russell PLC,Flight booking,Food
8592,2026-08-13,28.26,Harrington-Garcia,Harrington-Garcia - Monthly subscription,Others
8593,2024-01-25,55.22,Walmart Supercenter,Flight booking,Shopping
8594,2025-06-16,15.98,Snyder LLC,Online purchase,Shopping
8595,2025-05-10,34.96,Local Taxi,Prescription purchase,Food
8596,2026-07-24,27.81,Spotify,Grocery shopping,Entertainment
8597,2025-10-02,11.55,"Bartlett, Christian and Bautista",Lunch with friends,Bills
8598,2026-03-31,3.98,Bryant LLC,Course fee,Food
8599,2025-01-28,22.74,Gas Station,Gas Station - Monthly subscription,Bills
8600,2024-03-26,24.82,City Hospital,Prescription purchase,Transport
8601,2023-12-07,15.4,Hobbs Group,Monthly subscription,Others
8602,2024-08-10,17.42,Spotify,Prescription purchase,Entertainment
8603,2024-06-06,30.07,Freeman PLC,Flight booking,Shopping
8604,2023-11-03,7.09,Spotify,Hotel stay,Travel
8605,2024-03-19,19.21,Smith-Perry,Smith-Perry - Gas refill,Bills
8606,2023-09-03,5.32,State University,State University - Course fee,Education
8607,2025-10-26,8.85,Waterworks,Waterworks - Prescription purchase,Bills
8608,2026-07-28,53.07,Amazon Marketplace,Flight booking,Shopping
8609,2024-01-24,42.35,Amazon Marketplace,Amazon Marketplace - Flight booking,Shopping
8610,2026-02-08,28.32,Lyft,Lyft - Gas refill,Transport
8611,2024-10-31,34.1,Brennan and Sons,Taxi ride,Travel
8612,2026-02-26,45.1,Farley and Sons,Farley and Sons - Monthly subscription,Entertainment
8613,2024-01-22,25.38,City Hospital,City Hospital - Hotel stay,Travel
8614,2024-08-03,63.93,Delta Airlines,Delta Airlines - Taxi ride,Travel
8615,2025-10-21,17.24,Local Taxi,Local Taxi - Course fee,Shopping
8616,2026-01-05,7.11,Amazon Marketplace,Amazon Marketplace - Electric bill payment,Shopping
8617,2025-03-16,11.18,State University,Course fee,Education
8618,2024-02-28,54.04,Joe's Pizza,Lunch with friends,Food
8619,2024-08-13,29.01,Burgess-Cole,Burgess-Cole - Prescription purchase,Entertainment
8620,2023-09-04,18.78,Byrd PLC,Byrd PLC - Monthly subscription,Others
8621,2025-07-31,36.94,"Galvan, Molina and Jackson","Galvan, Molina and Jackson - Taxi ride",Shopping
8622,2026-04-18,1.28,Amazon Marketplace,Amazon Marketplace - Electric bill payment,Shopping
8623,2024-09-30,62.44,Corner Grocery,Corner Grocery - Grocery shopping,Entertainment
8624,2026-04-07,21.28,Lyft,Electric bill payment,Transport
8625,2025-06-08,21.27,"Wallace, Robinson and Evans","Wallace, Robinson and Evans - Lunch with friends",Transport
8626,2025-09-19,8.36,Jordan LLC,Jordan LLC - Flight booking,Others
8627,2026-02-26,45.88,Bowen-Johns,Bowen-Johns - Gas refill,Bills
8628,2025-09-15,11.02,Uber Eats,Lunch with friends,Transport
8629,2026-01-22,35.96,Joe's Pizza,Joe's Pizza - Gas refill,Food
8630,2025-09-12,8.58,Mall Outlet,Mall Outlet - Online purchase,Food
8631,2026-02-02,22.32,City Hospital,City Hospital - Electric bill payment,Bills
8632,2025-03-12,37.55,"Rogers, Williams and Reed","Rogers, Williams and Reed - Flight booking",Travel
8633,2026-07-01,54.11,Local High School,Local High School - Lunch with friends,Education
8634,2024-04-01,36.36,Starbucks Coffee,Hotel stay,Travel
8635,2026-06-28,22.36,Bartlett Ltd,Bartlett Ltd - Flight booking,Shopping
8636,2025-04-19,1.72,CVS Pharmacy,CVS Pharmacy - Prescription purchase,Health
8637,2025-09-23,6.58,Turner-Mcgee,Turner-Mcgee - Course fee,Utilities
8638,2024-02-03,12.31,Electric Company,Online purchase,Bills
8639,2024-08-23,23.69,Stewart PLC,Monthly subscription,Entertainment
8640,2024-04-29,22.19,Mall Outlet,Grocery shopping,Others
8641,2026-03-31,28.55,State University,State University - Prescription purchase,Education
8642,2025-02-02,108.27,State University,Prescription purchase,Education
8643,2025-05-05,68.75,Spotify,Spotify - Grocery shopping,Entertainment
8644,2025-09-03,15.53,Gas Station,Gas Station - Grocery shopping,Bills
8645,2024-01-31,18.52,Gas Station,Monthly subscription,Bills
8646,2024-04-30,48.36,Sawyer Group,Sawyer Group - Lunch with friends,Others
8647,2024-03-20,7.28,Starbucks Coffee,Course fee,Transport
8648,2024-06-19,83.96,Martinez Inc,Online purchase,Bills
8649,2024-06-17,10.59,Moran Inc,Grocery shopping,Bills
8650,2025-09-17,44.63,Riley-Austin,Riley-Austin - Grocery shopping,Food
8651,2025-05-24,23.8,"Farrell, Simon and Hunter","Farrell, Simon and Hunter - Taxi ride",Transport
8652,2023-10-03,24.45,Bowman Ltd,Monthly subscription,Transport
8653,2026-06-09,4.26,Amazon Marketplace,Amazon Marketplace - Course fee,Shopping
8654,2023-09-14,2.87,Mall Outlet,Electric bill payment,Bills
8655,2026-07-21,26.68,Local Taxi,Local Taxi - Online purchase,Entertainment
8656,2025-01-24,12.49,Local High School,Gas refill,Education
8657,2026-05-13,27.47,Dixon and Sons,Lunch with friends,Travel
8658,2026-06-21,33.54,Spotify,Spotify - Gas refill,Entertainment
8659,2023-11-24,28.61,"Fischer, Lee and Alvarado","Fischer, Lee and Alvarado - Course fee",Travel
8660,2026-04-16,14.68,Amazon Marketplace,Amazon Marketplace - Online purchase,Shopping
8661,2025-08-07,31.02,Lyft,Flight booking,Transport
8662,2025-06-23,9.42,Local High School,Gas refill,Education
8663,2023-10-22,125.08,Lyft,Lyft - Hotel stay,Transport
8664,2026-05-20,191.39,Local Taxi,Electric bill payment,Bills
8665,2025-06-30,26.59,Netflix Streaming,Netflix Streaming - Hotel stay,Travel
8666,2026-03-18,25.87,Mall Outlet,Mall Outlet - Gas refill,Bills
8667,2026-03-17,14.5,Waterworks,Waterworks - Flight booking,Bills
8668,2024-05-11,36.68,Corner Grocery,Corner Grocery - Electric bill payment,Bills
8669,2024-05-15,179.64,Mall Outlet,Mall Outlet - Taxi ride,Others
8670,2025-12-10,14.62,Local Taxi,Local Taxi - Prescription purchase,Travel
8671,2025-12-12,20.35,Corner Grocery,Corner Grocery - Flight booking,Food
8672,2025-12-19,27.47,Starbucks Coffee,Starbucks Coffee - Electric bill payment,Bills
8673,2025-05-31,6.9,Netflix Streaming,Netflix Streaming - Gas refill,Entertainment
8674,2025-11-07,41.19,Spotify,Taxi ride,Entertainment
8675,2025-04-09,233.94,Smith-Robertson,Lunch with friends,Shopping
8676,2025-05-18,4.88,Delta Airlines,Delta Airlines - Flight booking,Travel
8677,2026-08-23,35.09,Corner Grocery,Gas refill,Bills
8678,2026-04-11,71.75,Waterworks,Waterworks - Prescription purchase,Bills
8679,2024-11-01,67.81,Corner Grocery,Corner Grocery - Gas refill,Bills
8680,2025-02-02,13.19,Tucker-Parker,Tucker-Parker - Taxi ride,Bills
8681,2026-03-31,39.68,Electric Company,Electric Company - Online purchase,Bills
8682,2026-06-29,12.62,Electric Company,Flight booking,Bills
8683,2024-03-30,34.18,Walmart Supercenter,Flight booking,Shopping
8684,2024-07-10,13.85,Local High School,Local High School - Online purchase,Education
8685,2023-11-01,78.63,Clark-James,Clark-James - Online purchase,Transport
8686,2025-07-19,42.71,CVS Pharmacy,CVS Pharmacy - Taxi ride,Health
8687,2026-06-17,58.69,Joe's Pizza,Taxi ride,Food
8688,2024-12-31,20.85,Pierce Ltd,Pierce Ltd - Course fee,Food
8689,2024-12-14,20.43,Hilton Hotels,Grocery shopping,Travel
8690,2026-06-17,26.43,Hilton Hotels,Hilton Hotels - Grocery shopping,Travel
8691,2025-09-13,7.47,Waterworks,Grocery shopping,Bills
8692,2026-06-12,5.52,Spotify,Spotify - Online purchase,Entertainment
8693,2026-01-10,64.45,Smith LLC,Smith LLC - Gas refill,Bills
8694,2026-08-21,67.48,Uber Eats,Uber Eats - Grocery shopping,Transport
8695,2024-06-02,36.5,Crosby and Sons,Lunch with friends,Utilities
8696,2026-08-25,16.89,Bowman-Moore,Lunch with friends,Entertainment
8697,2024-12-14,19.99,Local High School,Local High School - Flight booking,Education
8698,2024-01-01,35.57,"Harrison, Coleman and Acosta",Gas refill,Bills
8699,2024-12-28,23.83,Hilton Hotels,Hilton Hotels - Lunch with friends,Travel
8700,2025-12-12,16.12,Amazon Marketplace,Amazon Marketplace - Online purchase,Shopping
8701,2026-05-21,1.1,Gas Station,Gas Station - Grocery shopping,Bills
8702,2024-11-17,25.55,Hilton Hotels,Hilton Hotels - Hotel stay,Travel
8703,2025-11-06,81.84,Bradley-Sanchez,Grocery shopping,Utilities
8704,2025-07-27,10.29,Delta Airlines,Delta Airlines - Grocery shopping,Travel
8705,2025-11-22,34.15,Mall Outlet,Flight booking,Others
8706,2025-01-31,27.13,City Hospital,City Hospital - Taxi ride,Travel
8707,2024-12-09,91.61,City Hospital,City Hospital - Gas refill,Bills
8708,2024-06-09,21.38,Perez-Maxwell,Perez-Maxwell - Monthly subscription,Shopping
8709,2026-07-30,28.98,Hilton Hotels,Hilton Hotels - Flight booking,Travel
8710,2024-08-21,25.51,Gentry-Newton,Gentry-Newton - Online purchase,Others
8711,2026-02-28,3.63,Walmart Supercenter,Walmart Supercenter - Prescription purchase,Shopping
8712,2023-12-01,23.04,Adams and Sons,Hotel stay,Travel
8713,2025-05-19,2.18,Electric Company,Electric Company - Grocery shopping,Bills
8714,2025-12-04,40.92,Goodwin-Vargas,Monthly subscription,Bills
8715,2025-08-08,72.41,Starbucks Coffee,Starbucks Coffee - Monthly subscription,Food
8716,2024-10-31,15.03,Walmart Supercenter,Prescription purchase,Shopping
8717,2025-04-10,22.65,Local Taxi,Local Taxi - Monthly subscription,Transport
8718,2026-05-02,34.54,Netflix Streaming,Electric bill payment,Entertainment
8719,2024-08-06,4.66,Starbucks Coffee,Starbucks Coffee - Lunch with friends,Food
8720,2024-04-01,39.28,Delta Airlines,Taxi ride,Travel
8721,2026-08-08,84.11,Hilton Hotels,Course fee,Travel
8722,2026-05-21,10.05,Burton-Cervantes,Burton-Cervantes - Taxi ride,Shopping
8723,2024-03-01,44.71,Warner Group,Warner Group - Electric bill payment,Bills
8724,2026-08-19,14.74,Local Taxi,Taxi ride,Food
8725,2024-02-16,3.7,Wright Group,Flight booking,Health
8726,2025-11-11,7.03,Spotify,Spotify - Grocery shopping,Entertainment
8727,2023-10-02,7.5,"Harper, Stafford and Yu",Monthly subscription,Shopping
8728,2024-06-06,31.45,Gas Station,Electric bill payment,Bills
8729,2025-04-09,19.68,Spotify,Grocery shopping,Entertainment
8730,2026-01-20,71.6,Brown Ltd,Brown Ltd - Online purchase,Transport
8731,2025-10-02,58.58,"Reyes, Perez and Hatfield",Electric bill payment,Bills
8732,2023-11-09,41.01,Delta Airlines,Delta Airlines - Monthly subscription,Travel
8733,2025-02-07,30.31,"Tanner, Dunlap and Dougherty","Tanner, Dunlap and Dougherty - Prescription purchase",Education
8734,2025-11-12,5.75,Delta Airlines,Delta Airlines - Taxi ride,Travel
8735,2025-07-07,29.87,Delta Airlines,Electric bill payment,Travel
8736,2025-03-30,21.11,Walmart Supercenter,Walmart Supercenter - Hotel stay,Travel
8737,2024-03-22,58.24,Gas Station,Gas Station - Online purchase,Bills
8738,2026-02-09,18.28,Walmart Supercenter,Walmart Supercenter - Prescription purchase,Shopping
8739,2026-06-18,96.96,Collins LLC,Collins LLC - Hotel stay,Travel
8740,2024-03-18,33.8,Stevenson-Powers,Grocery shopping,Food
8741,2024-09-20,20.82,State University,State University - Taxi ride,Education
8742,2024-01-08,21.56,Lyft,Hotel stay,Transport
8743,2025-04-19,1.62,Amazon Marketplace,Grocery shopping,Shopping
8744,2025-03-27,43.34,"Morris, Thompson and Rogers",Taxi ride,Shopping
8745,2025-08-19,16.84,Amazon Marketplace,Amazon Marketplace - Electric bill payment,Shopping
8746,2025-07-02,9.01,Starbucks Coffee,Starbucks Coffee - Hotel stay,Travel
8747,2023-09-23,30.19,Joe's Pizza,Hotel stay,Food
8748,2025-11-30,59.78,"Williams, Payne and Nguyen","Williams, Payne and Nguyen - Lunch with friends",Travel
8749,2024-03-13,1.23,Lamb-Johnson,Lamb-Johnson - Monthly subscription,Shopping
8750,2026-06-19,9.05,Weaver PLC,Grocery shopping,Shopping
8751,2024-11-02,8.87,"Williams, Rios and Harrell",Lunch with friends,Food
8752,2025-10-19,12.28,Mall Outlet,Mall Outlet - Taxi ride,Food
8753,2025-10-15,30.85,State University,State University - Taxi ride,Education
8754,2025-11-01,26.97,Local Taxi,Local Taxi - Grocery shopping,Others
8755,2025-11-08,10.96,Mall Outlet,Mall Outlet - Hotel stay,Travel
8756,2024-02-01,72.57,"Jackson, Harrison and Torres",Taxi ride,Food
8757,2024-10-15,1.16,Delta Airlines,Delta Airlines - Lunch with friends,Travel
8758,2026-08-06,8.64,Smith-Simon,Smith-Simon - Taxi ride,Transport
8759,2025-09-24,29.13,"Zimmerman, Hoover and Walsh",Electric bill payment,Bills
8760,2023-11-19,12.54,Brown Group,Brown Group - Gas refill,Bills
8761,2026-07-13,4.62,Local Taxi,Electric bill payment,Bills
8762,2023-11-11,3.56,Walmart Supercenter,Walmart Supercenter - Taxi ride,Shopping
8763,2025-11-21,19.9,City Hospital,Hotel stay,Travel
8764,2024-11-18,9.21,Electric Company,Course fee,Bills
8765,2025-03-02,56.09,Delta Airlines,Delta Airlines - Lunch with friends,Travel
8766,2025-06-03,23.65,Lyft,Gas refill,Transport
8767,2024-03-12,39.95,Waterworks,Waterworks - Lunch with friends,Bills
8768,2025-12-01,17.53,State University,State University - Gas refill,Education
8769,2024-08-04,1.13,City Hospital,Prescription purchase,Food
8770,2024-10-30,17.69,Manning PLC,Manning PLC - Online purchase,Food
8771,2026-04-11,1.93,Davidson-Fernandez,Davidson-Fernandez - Gas refill,Bills
8772,2024-11-25,18.97,Joe's Pizza,Joe's Pizza - Gas refill,Food
8773,2025-12-13,9.51,"Park, Alvarez and Powell","Park, Alvarez and Powell - Electric bill payment",Bills
8774,2025-09-21,33.93,"Brady, Lee and Harris","Brady, Lee and Harris - Prescription purchase",Entertainment
8775,2023-09-13,13.71,"Richardson, Walsh and Brown",Grocery shopping,Entertainment
8776,2026-08-24,13.23,Joe's Pizza,Lunch with friends,Food
8777,2025-12-22,1.38,Todd-Sharp,Electric bill payment,Bills
8778,2024-03-19,10.45,Netflix Streaming,Prescription purchase,Entertainment
8779,2025-07-30,50.82,Uber Eats,Flight booking,Transport
8780,2024-04-12,91.19,Campos PLC,Campos PLC - Hotel stay,Travel
8781,2025-09-19,3.93,Mall Outlet,Mall Outlet - Prescription purchase,Travel
8782,2026-08-02,53.4,Waterworks,Waterworks - Flight booking,Bills
8783,2024-11-14,11.28,Lyft,Electric bill payment,Transport
8784,2023-11-25,3.78,Electric Company,Electric Company - Grocery shopping,Bills
8785,2024-02-17,28.67,Netflix Streaming,Netflix Streaming - Course fee,Entertainment
8786,2025-01-04,44.94,Uber Eats,Uber Eats - Electric bill payment,Transport
8787,2026-02-26,10.13,Electric Company,Hotel stay,Travel
8788,2025-06-22,5.36,Benitez-Dominguez,Online purchase,Shopping
8789,2025-01-21,94.12,"Johnson, Coleman and Diaz","Johnson, Coleman and Diaz - Gas refill",Bills
8790,2025-10-16,17.28,Amazon Marketplace,Amazon Marketplace - Monthly subscription,Shopping
8791,2025-05-14,47.1,Electric Company,Electric bill payment,Bills
8792,2026-01-30,18.43,Local High School,Monthly subscription,Education
8793,2024-03-26,2.66,Waterworks,Taxi ride,Bills
8794,2024-01-25,22.03,Local Taxi,Gas refill,Bills
8795,2025-05-10,22.85,Mckee-Jensen,Mckee-Jensen - Hotel stay,Travel
8796,2025-09-27,4.16,Local Taxi,Grocery shopping,Entertainment
8797,2026-07-17,7.73,Uber Eats,Taxi ride,Transport
8798,2026-03-09,19.91,State University,State University - Flight booking,Education
8799,2023-10-02,54.42,State University,State University - Electric bill payment,Education
8800,2023-12-18,24.96,Griffin Inc,Griffin Inc - Hotel stay,Travel
8801,2024-07-19,26.19,Thompson and Sons,Electric bill payment,Bills
8802,2023-11-20,13.67,Electric Company,Electric Company - Electric bill payment,Bills
8803,2024-03-09,12.46,Davis-Jackson,Davis-Jackson - Electric bill payment,Bills
8804,2024-02-23,53.23,Walmart Supercenter,Walmart Supercenter - Prescription purchase,Shopping
8805,2024-12-05,16.25,Amazon Marketplace,Amazon Marketplace - Flight booking,Shopping
8806,2024-06-25,47.35,"Molina, Vazquez and Harrison","Molina, Vazquez and Harrison - Electric bill payment",Bills
8807,2025-01-29,23.91,Netflix Streaming,Netflix Streaming - Electric bill payment,Entertainment
8808,2023-11-28,53.91,"Garcia, Perez and Davies","Garcia, Perez and Davies - Lunch with friends",Shopping
8809,2024-12-22,53.56,State University,State University - Flight booking,Education
8810,2026-01-14,5.81,Netflix Streaming,Taxi ride,Entertainment
8811,2025-10-15,28.49,Fernandez-Kirby,Monthly subscription,Utilities
8812,2025-05-25,79.83,Lyft,Lyft - Course fee,Transport
8813,2026-04-10,5.5,Lawrence-Clark,Prescription purchase,Others
8814,2025-04-24,6.3,Starbucks Coffee,Starbucks Coffee - Taxi ride,Shopping
8815,2025-01-20,57.71,Mall Outlet,Mall Outlet - Online purchase,Others
8816,2023-11-01,18.1,"Contreras, Carter and Ibarra","Contreras, Carter and Ibarra - Electric bill payment",Bills
8817,2025-12-05,59.1,Jones-White,Jones-White - Taxi ride,Travel
8818,2024-08-27,24.16,"Martin, Walker and Potter","Martin, Walker and Potter - Monthly subscription",Shopping
8819,2025-11-05,16.05,"Williamson, Smith and Coleman",Grocery shopping,Entertainment
8820,2024-09-23,49.12,Wagner-Carpenter,Flight booking,Health
8821,2024-10-09,4.9,Joe's Pizza,Course fee,Food
8822,2025-11-10,23.64,Mall Outlet,Mall Outlet - Hotel stay,Travel
8823,2024-07-12,10.76,Corner Grocery,Lunch with friends,Travel
8824,2026-04-14,32.02,Schwartz-Clark,Schwartz-Clark - Monthly subscription,Entertainment
8825,2024-08-15,66.96,Local Taxi,Local Taxi - Monthly subscription,Health
8826,2025-11-11,19.68,Corner Grocery,Taxi ride,Shopping
8827,2025-06-22,18.32,Starbucks Coffee,Prescription purchase,Transport
8828,2025-03-07,15.84,City Hospital,City Hospital - Prescription purchase,Food
8829,2025-05-17,4.61,Scott LLC,Scott LLC - Hotel stay,Travel
8830,2024-04-01,21.9,Spotify,Course fee,Entertainment
8831,2024-09-02,154.48,"Obrien, Mclean and Sanchez",Lunch with friends,Utilities
8832,2025-08-22,12.31,Hilton Hotels,Monthly subscription,Travel
8833,2025-02-06,43.06,Hilton Hotels,Hilton Hotels - Gas refill,Travel
8834,2026-01-13,18.32,Joe's Pizza,Lunch with friends,Food
8835,2024-12-07,34.67,Delta Airlines,Delta Airlines - Taxi ride,Travel
8836,2024-05-27,33.41,CVS Pharmacy,CVS Pharmacy - Hotel stay,Travel
8837,2026-06-11,12.14,"Rogers, Lee and Patterson","Rogers, Lee and Patterson - Taxi ride",Health
8838,2023-09-30,4.35,City Hospital,City Hospital - Electric bill payment,Bills
8839,2026-05-06,29.6,"Jones, Elliott and Moore",Flight booking,Food
8840,2024-02-20,59.93,Cruz-Moon,Prescription purchase,Shopping
8841,2026-06-06,15.84,Cortez-Armstrong,Flight booking,Food
8842,2023-09-17,71.6,Waterworks,Waterworks - Electric bill payment,Bills
8843,2025-11-29,8.88,Amazon Marketplace,Amazon Marketplace - Online purchase,Shopping
8844,2024-03-11,12.54,Mall Outlet,Online purchase,Others
8845,2026-01-18,9.24,Starbucks Coffee,Gas refill,Bills
8846,2024-02-11,17.32,Joe's Pizza,Joe's Pizza - Monthly subscription,Food
8847,2023-09-28,21.86,Gas Station,Electric bill payment,Bills
8848,2024-06-29,10.94,Peterson Inc,Peterson Inc - Prescription purchase,Shopping
8849,2025-11-08,18.2,Netflix Streaming,Netflix Streaming - Course fee,Entertainment
8850,2023-11-08,44.47,"Craig, York and Edwards",Online purchase,Transport
8851,2024-08-11,21.25,Waterworks,Waterworks - Taxi ride,Bills
8852,2023-11-04,55.73,"Hayes, Kelly and Lopez",Prescription purchase,Bills
8853,2025-11-30,68.75,"Woods, Miller and Kelly",Taxi ride,Bills
8854,2024-03-20,7.45,Lyft,Online purchase,Transport
8855,2026-08-03,6.31,State University,Online purchase,Education
8856,2024-09-27,7.42,Gonzalez-Scott,Gonzalez-Scott - Taxi ride,Shopping
8857,2023-10-09,2.82,Waterworks,Waterworks - Course fee,Bills
8858,2024-06-27,12.52,Corner Grocery,Monthly subscription,Travel
8859,2025-10-21,18.75,Local Taxi,Monthly subscription,Utilities
8860,2025-01-29,6.82,Starbucks Coffee,Course fee,Entertainment
8861,2024-04-11,22.32,"Russell, Sherman and Barrett",Monthly subscription,Transport
8862,2024-11-19,55.13,Waterworks,Electric bill payment,Bills
8863,2025-09-16,30.91,Smith-Miller,Smith-Miller - Monthly subscription,Travel
8864,2026-01-24,2.33,Local High School,Local High School - Electric bill payment,Education
8865,2025-05-27,36.17,Uber Eats,Monthly subscription,Transport
8866,2026-03-15,33.6,Netflix Streaming,Netflix Streaming - Electric bill payment,Entertainment
8867,2024-10-24,31.7,Mall Outlet,Mall Outlet - Prescription purchase,Education
8868,2025-03-10,4.62,Netflix Streaming,Netflix Streaming - Monthly subscription,Entertainment
8869,2026-01-27,71.29,Taylor PLC,Monthly subscription,Others
8870,2024-02-05,86.18,CVS Pharmacy,Grocery shopping,Health
8871,2023-10-24,10.42,Delta Airlines,Delta Airlines - Online purchase,Travel
8872,2025-02-21,7.52,Blanchard-Bean,Blanchard-Bean - Gas refill,Bills
8873,2026-02-13,3.33,Local High School,Local High School - Taxi ride,Education
8874,2023-12-07,64.12,Uber Eats,Lunch with friends,Transport
8875,2026-03-05,5.93,Kramer-Perez,Kramer-Perez - Flight booking,Shopping
8876,2026-06-10,1.14,Gas Station,Gas Station - Online purchase,Bills
8877,2025-01-17,34.27,Rosales-Johnson,Gas refill,Bills
8878,2024-11-17,62.41,Caldwell-Davis,Grocery shopping,Utilities
8879,2025-08-10,38.88,Starbucks Coffee,Flight booking,Food
8880,2025-04-23,30.3,City Hospital,City Hospital - Monthly subscription,Food
8881,2023-10-11,30.25,City Hospital,City Hospital - Grocery shopping,Utilities
8882,2025-12-31,11.43,Lyft,Taxi ride,Transport
8883,2023-09-28,190.1,Electric Company,Grocery shopping,Bills
8884,2025-09-27,27.3,Mall Outlet,Electric bill payment,Bills
8885,2024-03-17,41.32,Local High School,Local High School - Online purchase,Education
8886,2026-06-26,31.07,Blevins-Cline,Online purchase,Entertainment
8887,2025-11-27,64.84,Netflix Streaming,Electric bill payment,Entertainment
8888,2025-10-07,96.44,Walmart Supercenter,Online purchase,Shopping
8889,2026-06-04,31.97,"Rogers, Howard and Reilly","Rogers, Howard and Reilly - Monthly subscription",Others
8890,2024-10-02,6.64,Local High School,Local High School - Electric bill payment,Education
8891,2026-02-21,24.4,Electric Company,Electric Company - Lunch with friends,Bills
8892,2023-11-17,17.21,CVS Pharmacy,CVS Pharmacy - Hotel stay,Travel
8893,2025-03-02,7.88,CVS Pharmacy,Hotel stay,Travel
8894,2025-08-25,28.04,Spotify,Spotify - Course fee,Entertainment
8895,2024-05-13,3.36,Hilton Hotels,Hilton Hotels - Taxi ride,Travel
8896,2023-12-31,11.24,Mall Outlet,Mall Outlet - Electric bill payment,Bills
8897,2024-09-07,26.59,"Brown, Harris and Mccoy","Brown, Harris and Mccoy - Prescription purchase",Others
8898,2024-05-10,22.1,Hilton Hotels,Hilton Hotels - Gas refill,Travel
8899,2025-04-17,8.74,Pearson-Young,Taxi ride,Travel
8900,2023-11-11,39.81,Local High School,Local High School - Gas refill,Education
8901,2025-02-20,54.15,Local Taxi,Online purchase,Shopping
8902,2024-06-23,50.11,Spotify,Flight booking,Entertainment
8903,2025-08-29,36.03,Walmart Supercenter,Course fee,Shopping
8904,2024-03-01,4.55,Hilton Hotels,Hilton Hotels - Hotel stay,Travel
8905,2026-01-13,1.79,Cooper-Martinez,Grocery shopping,Travel
8906,2026-02-22,11.94,"Jordan, Miranda and Todd","Jordan, Miranda and Todd - Taxi ride",Travel
8907,2024-01-24,25.43,Amazon Marketplace,Amazon Marketplace - Grocery shopping,Shopping
8908,2026-03-11,5.4,CVS Pharmacy,CVS Pharmacy - Monthly subscription,Health
8909,2024-04-29,4.07,Nelson PLC,Nelson PLC - Lunch with friends,Shopping
8910,2026-07-27,3.03,Waterworks,Waterworks - Taxi ride,Bills
8911,2024-03-07,1.92,Delta Airlines,Course fee,Travel
8912,2024-07-27,89.07,CVS Pharmacy,CVS Pharmacy - Lunch with friends,Health
8913,2026-04-23,51.6,Duran-Jones,Duran-Jones - Monthly subscription,Shopping
8914,2023-12-18,62.16,Starbucks Coffee,Starbucks Coffee - Prescription purchase,Bills
8915,2024-09-21,42.58,Flores PLC,Flight booking,Others
8916,2025-06-24,5.03,"Chapman, Ford and Sanders","Chapman, Ford and Sanders - Taxi ride",Entertainment
8917,2026-01-07,12.18,Spotify,Spotify - Grocery shopping,Entertainment
8918,2026-07-21,10.78,Joe's Pizza,Course fee,Food
8919,2024-01-27,46.93,Spotify,Spotify - Course fee,Entertainment
8920,2025-10-31,10.37,State University,State University - Grocery shopping,Education
8921,2024-12-11,21.67,Baker Group,Taxi ride,Utilities
8922,2023-12-13,3.47,Dixon PLC,Dixon PLC - Prescription purchase,Food
8923,2023-11-15,1.26,Mall Outlet,Mall Outlet - Gas refill,Bills
8924,2026-04-15,9.47,Hilton Hotels,Course fee,Travel
8925,2024-12-31,7.81,Anthony-Stone,Anthony-Stone - Electric bill payment,Bills
8926,2026-06-03,56.87,Thomas Group,Thomas Group - Prescription purchase,Food
8927,2024-08-25,25.1,Hammond and Sons,Taxi ride,Utilities
8928,2024-06-16,12.64,Amazon Marketplace,Amazon Marketplace - Lunch with friends,Shopping
8929,2026-04-25,26.88,Joe's Pizza,Joe's Pizza - Prescription purchase,Food
8930,2026-03-21,59.45,Waterworks,Taxi ride,Bills
8931,2023-12-30,34.47,Electric Company,Grocery shopping,Bills
8932,2024-11-26,15.82,Starbucks Coffee,Starbucks Coffee - Hotel stay,Travel
8933,2025-05-14,43.4,"Blake, Mitchell and Leon","Blake, Mitchell and Leon - Lunch with friends",Utilities
8934,2024-05-24,13.71,Lopez and Sons,Lopez and Sons - Flight booking,Food
8935,2024-01-03,65.21,"Baker, Ramirez and Lowe",Hotel stay,Travel
8936,2026-08-11,11.19,Netflix Streaming,Netflix Streaming - Grocery shopping,Entertainment
8937,2023-09-25,6.01,Hudson-Joyce,Online purchase,Others
8938,2024-01-13,58.38,Hilton Hotels,Monthly subscription,Travel
8939,2025-02-04,5.73,Mcdaniel Group,Mcdaniel Group - Taxi ride,Bills
8940,2026-03-14,1.36,Joe's Pizza,Joe's Pizza - Online purchase,Food
8941,2025-08-21,15.09,Gas Station,Gas Station - Grocery shopping,Bills
8942,2025-01-06,37.9,Uber Eats,Grocery shopping,Transport
8943,2026-07-01,62.14,City Hospital,Monthly subscription,Shopping
8944,2025-09-23,124.36,CVS Pharmacy,CVS Pharmacy - Electric bill payment,Health
8945,2025-03-23,6.05,State University,State University - Grocery shopping,Education
8946,2026-04-30,46.39,Starbucks Coffee,Starbucks Coffee - Hotel stay,Travel
8947,2026-05-26,71.83,Gas Station,Hotel stay,Travel
8948,2024-09-27,38.06,Lyft,Lyft - Prescription purchase,Transport
8949,2026-07-18,15.22,Evans-Williams,Evans-Williams - Electric bill payment,Bills
8950,2026-07-05,172.26,Alvarez Ltd,Alvarez Ltd - Online purchase,Others
8951,2025-12-17,9.96,Corner Grocery,Corner Grocery - Gas refill,Bills
8952,2024-07-13,13.78,Mall Outlet,Mall Outlet - Grocery shopping,Travel
8953,2023-12-11,34.27,Perry-Hernandez,Hotel stay,Travel
8954,2025-03-10,6.73,Freeman Inc,Lunch with friends,Entertainment
8955,2024-08-22,46.09,Mall Outlet,Mall Outlet - Online purchase,Entertainment
8956,2024-03-29,98.12,Lyft,Lyft - Monthly subscription,Transport
8957,2025-08-21,22.94,"Stephens, Smith and Bates","Stephens, Smith and Bates - Prescription purchase",Others
8958,2023-11-04,3.91,Uber Eats,Uber Eats - Gas refill,Transport
8959,2024-12-17,59.33,Gas Station,Gas Station - Online purchase,Bills
8960,2024-07-08,11.63,Joe's Pizza,Joe's Pizza - Course fee,Food
8961,2025-12-31,14.73,"Anderson, Dean and Hendricks",Taxi ride,Health
8962,2023-12-13,17.77,Walmart Supercenter,Taxi ride,Shopping
8963,2026-03-15,10.7,"Parks, Bates and Stuart","Parks, Bates and Stuart - Electric bill payment",Bills
8964,2025-05-08,24.52,Walmart Supercenter,Hotel stay,Travel
8965,2025-08-03,47.88,Netflix Streaming,Taxi ride,Entertainment
8966,2023-12-30,5.36,City Hospital,City Hospital - Monthly subscription,Travel
8967,2026-03-06,6.81,Christensen-Gordon,Christensen-Gordon - Lunch with friends,Entertainment
8968,2026-01-01,5.88,Uber Eats,Hotel stay,Transport
8969,2024-01-26,66.02,Uber Eats,Gas refill,Transport
8970,2026-06-19,121.22,Ross Ltd,Online purchase,Utilities
8971,2023-11-19,112.04,State University,State University - Course fee,Education
8972,2025-03-05,15.28,Johnson and Sons,Johnson and Sons - Online purchase,Transport
8973,2026-03-25,42.21,Gas Station,Gas Station - Grocery shopping,Bills
8974,2025-01-09,51.78,Frazier-Sparks,Electric bill payment,Bills
8975,2023-09-18,60.05,Local Taxi,Taxi ride,Utilities
8976,2024-06-24,44.0,Local High School,Gas refill,Education
8977,2024-12-20,21.21,Joe's Pizza,Joe's Pizza - Flight booking,Food
8978,2026-01-19,7.36,Bennett-Gibson,Online purchase,Utilities
8979,2024-04-23,2.96,Uber Eats,Uber Eats - Grocery shopping,Transport
8980,2025-08-29,9.68,"Greer, Peterson and Hill","Greer, Peterson and Hill - Hotel stay",Travel
8981,2024-08-30,5.8,Uber Eats,Uber Eats - Lunch with friends,Transport
8982,2024-01-23,42.3,Lee Ltd,Taxi ride,Travel
8983,2024-03-11,28.68,CVS Pharmacy,CVS Pharmacy - Hotel stay,Travel
8984,2023-10-30,37.77,"Garcia, Jenkins and Cruz","Garcia, Jenkins and Cruz - Monthly subscription",Travel
8985,2025-11-09,70.98,Gas Station,Gas Station - Grocery shopping,Bills
8986,2024-03-13,6.13,Local High School,Local High School - Prescription purchase,Education
8987,2025-07-27,12.31,Welch-Walters,Gas refill,Bills
8988,2026-06-08,19.36,Waterworks,Waterworks - Course fee,Bills
8989,2025-06-14,8.72,"Nielsen, Williams and Mendoza",Course fee,Bills
8990,2024-01-12,102.76,CVS Pharmacy,Monthly subscription,Health
8991,2024-03-19,74.73,City Hospital,Course fee,Shopping
8992,2025-12-24,126.68,Netflix Streaming,Netflix Streaming - Flight booking,Entertainment
8993,2026-05-07,72.63,Uber Eats,Uber Eats - Taxi ride,Transport
8994,2023-10-01,40.92,CVS Pharmacy,CVS Pharmacy - Hotel stay,Travel
8995,2024-07-31,53.9,Andersen-Morgan,Andersen-Morgan - Prescription purchase,Shopping
8996,2025-07-22,1.83,Uber Eats,Uber Eats - Hotel stay,Transport
8997,2023-12-01,30.98,Local Taxi,Local Taxi - Online purchase,Entertainment
8998,2025-09-02,18.43,Electric Company,Online purchase,Bills
8999,2023-11-12,4.04,Ferrell LLC,Ferrell LLC - Hotel stay,Travel
9000,2026-03-13,3.41,Mall Outlet,Mall Outlet - Prescription purchase,Shopping
9001,2025-04-18,20.53,Netflix Streaming,Online purchase,Entertainment
9002,2025-09-09,10.51,Netflix Streaming,Taxi ride,Entertainment
9003,2025-11-10,28.56,Gas Station,Lunch with friends,Bills
9004,2026-01-10,40.36,Gill LLC,Taxi ride,Food
9005,2024-05-29,32.63,Daniels-Mcdaniel,Daniels-Mcdaniel - Online purchase,Travel
9006,2025-12-26,13.77,Walmart Supercenter,Walmart Supercenter - Hotel stay,Travel
9007,2025-06-03,19.0,Local High School,Hotel stay,Travel
9008,2023-09-20,3.25,Randolph and Sons,Randolph and Sons - Lunch with friends,Food
9009,2023-12-12,7.36,"Sanchez, Nolan and Webb",Monthly subscription,Transport
9010,2026-07-25,9.16,Uber Eats,Uber Eats - Hotel stay,Transport
9011,2024-02-19,8.7,"Hall, Burton and Castillo","Hall, Burton and Castillo - Grocery shopping",Shopping
9012,2025-09-27,9.84,Starbucks Coffee,Starbucks Coffee - Gas refill,Bills
9013,2026-03-05,9.08,Electric Company,Electric Company - Lunch with friends,Bills
9014,2025-11-28,47.23,"Jordan, Salazar and Shaffer",Gas refill,Bills
9015,2025-04-15,40.18,Jennings-Smith,Online purchase,Health
9016,2024-08-23,29.54,Joe's Pizza,Joe's Pizza - Online purchase,Food
9017,2025-07-25,49.21,"Carter, Ferguson and Perez",Hotel stay,Travel
9018,2024-12-07,36.24,Starbucks Coffee,Starbucks Coffee - Hotel stay,Travel
9019,2026-03-18,13.32,Hilton Hotels,Hilton Hotels - Prescription purchase,Travel
9020,2024-11-24,179.0,Mall Outlet,Grocery shopping,Education
9021,2023-09-13,6.59,"Evans, Hernandez and Tran",Online purchase,Transport
9022,2024-05-26,52.52,Walmart Supercenter,Hotel stay,Travel
9023,2025-07-09,6.34,Netflix Streaming,Netflix Streaming - Lunch with friends,Entertainment
9024,2024-05-31,61.27,"Brown, Brown and Simmons",Taxi ride,Food
9025,2024-03-11,17.48,Banks PLC,Banks PLC - Grocery shopping,Food
9026,2024-04-30,7.34,Spotify,Spotify - Hotel stay,Travel
9027,2024-05-20,24.79,Bailey-Martin,Hotel stay,Travel
9028,2024-04-16,78.3,City Hospital,City Hospital - Electric bill payment,Bills
9029,2024-03-18,8.9,State University,Online purchase,Education
9030,2025-02-12,10.63,Netflix Streaming,Netflix Streaming - Flight booking,Entertainment
9031,2026-06-15,83.14,Netflix Streaming,Netflix Streaming - Online purchase,Entertainment
9032,2025-02-19,11.6,Spotify,Spotify - Online purchase,Entertainment
9033,2026-05-11,9.17,Lyft,Gas refill,Transport
9034,2023-12-16,53.84,Local Taxi,Electric bill payment,Bills
9035,2023-09-05,38.55,Amazon Marketplace,Taxi ride,Shopping
9036,2026-06-18,12.81,Joe's Pizza,Joe's Pizza - Hotel stay,Food
9037,2025-08-08,2.39,Netflix Streaming,Netflix Streaming - Prescription purchase,Entertainment
9038,2025-10-03,83.08,Vargas PLC,Vargas PLC - Course fee,Bills
9039,2025-07-20,19.55,"Henson, Pugh and Walker","Henson, Pugh and Walker - Hotel stay",Travel
9040,2026-02-07,17.15,Lyft,Lyft - Gas refill,Transport
9041,2025-10-04,3.12,Perry-Foster,Monthly subscription,Utilities
9042,2026-04-11,29.94,Uber Eats,Lunch with friends,Transport
9043,2026-02-18,103.15,Netflix Streaming,Netflix Streaming - Lunch with friends,Entertainment
9044,2024-02-24,7.1,Hilton Hotels,Hilton Hotels - Online purchase,Travel
9045,2025-12-17,26.36,"Gomez, Taylor and Perez","Gomez, Taylor and Perez - Online purchase",Utilities
9046,2024-03-23,26.97,"Brown, Perez and Cardenas","Brown, Perez and Cardenas - Taxi ride",Travel
9047,2024-04-12,1.28,Amazon Marketplace,Taxi ride,Shopping
9048,2026-08-03,30.36,"Brown, Peterson and Johnson","Brown, Peterson and Johnson - Online purchase",Shopping
9049,2024-06-13,8.75,Local Taxi,Local Taxi - Course fee,Travel
9050,2025-01-31,17.85,Johnson PLC,Johnson PLC - Flight booking,Travel
9051,2026-02-10,7.87,Joe's Pizza,Monthly subscription,Food
9052,2025-03-24,11.2,Hilton Hotels,Monthly subscription,Travel
9053,2025-01-24,2.73,Spotify,Spotify - Online purchase,Entertainment
9054,2023-12-22,26.16,Netflix Streaming,Netflix Streaming - Monthly subscription,Entertainment
9055,2024-11-30,36.9,Wright-Hunter,Wright-Hunter - Grocery shopping,Shopping
9056,2024-01-03,8.24,Electric Company,Electric Company - Grocery shopping,Bills
9057,2024-09-13,15.39,Electric Company,Electric Company - Prescription purchase,Bills
9058,2026-05-28,20.72,Local Taxi,Online purchase,Others
9059,2024-11-04,6.82,Hilton Hotels,Grocery shopping,Travel
9060,2024-11-10,39.25,CVS Pharmacy,Hotel stay,Travel
9061,2023-10-26,78.15,Hilton Hotels,Lunch with friends,Travel
9062,2026-08-09,7.9,Netflix Streaming,Netflix Streaming - Taxi ride,Entertainment
9063,2025-02-23,28.64,Cooper-Davidson,Flight booking,Shopping
9064,2023-10-29,1.92,Webster-Johnson,Webster-Johnson - Hotel stay,Travel
9065,2025-09-26,73.08,Local High School,Local High School - Gas refill,Education
9066,2024-02-19,74.74,Joe's Pizza,Gas refill,Food
9067,2025-09-01,3.65,Gonzalez-Smith,Gonzalez-Smith - Grocery shopping,Food
9068,2026-07-01,27.44,Waterworks,Waterworks - Grocery shopping,Bills
9069,2025-10-09,7.26,CVS Pharmacy,Electric bill payment,Health
9070,2024-02-24,2.85,Uber Eats,Uber Eats - Taxi ride,Transport
9071,2025-02-11,40.39,Amazon Marketplace,Amazon Marketplace - Monthly subscription,Shopping
9072,2025-03-10,108.86,"Adams, Johnson and Martinez",Monthly subscription,Food
9073,2024-10-14,1.97,Scott Ltd,Lunch with friends,Transport
9074,2024-06-12,18.26,Weaver-Grant,Weaver-Grant - Flight booking,Food
9075,2024-03-14,20.02,"Jones, Wilson and Rubio",Taxi ride,Travel
9076,2026-02-07,55.9,Phelps Ltd,Phelps Ltd - Prescription purchase,Transport
9077,2024-10-29,96.96,Corner Grocery,Corner Grocery - Prescription purchase,Others
9078,2023-09-27,5.88,Walmart Supercenter,Course fee,Shopping
9079,2026-03-30,12.88,State University,State University - Course fee,Education
9080,2026-08-04,22.36,"Ross, Murray and Anderson",Hotel stay,Travel
9081,2024-02-01,4.47,CVS Pharmacy,CVS Pharmacy - Prescription purchase,Health
9082,2024-07-12,11.96,Starbucks Coffee,Starbucks Coffee - Hotel stay,Travel
9083,2026-07-04,13.26,Mall Outlet,Mall Outlet - Monthly subscription,Food
9084,2025-08-25,17.74,Rodriguez Inc,Rodriguez Inc - Prescription purchase,Entertainment
9085,2023-09-08,25.9,Lyft,Flight booking,Transport
9086,2025-08-05,74.36,State University,Electric bill payment,Education
9087,2023-10-15,2.95,Gas Station,Lunch with friends,Bills
9088,2025-09-28,9.08,Joe's Pizza,Taxi ride,Food
9089,2025-04-13,10.01,Amazon Marketplace,Online purchase,Shopping
9090,2026-07-01,79.42,Waterworks,Waterworks - Monthly subscription,Bills
9091,2024-07-07,20.31,King-House,King-House - Lunch with friends,Shopping
9092,2024-12-03,12.45,Local Taxi,Local Taxi - Online purchase,Health
9093,2024-01-29,29.06,Lyft,Lyft - Monthly subscription,Transport
9094,2025-05-02,13.94,Young-Romero,Online purchase,Travel
9095,2023-12-06,2.61,Local High School,Taxi ride,Education
9096,2024-03-13,77.79,"Schultz, Buck and Brown",Grocery shopping,Food
9097,2024-01-27,16.09,Local High School,Local High School - Grocery shopping,Education
9098,2025-03-03,52.39,City Hospital,City Hospital - Hotel stay,Travel
9099,2026-01-24,8.97,Walmart Supercenter,Electric bill payment,Shopping
9100,2024-02-15,37.72,Local High School,Local High School - Flight booking,Education
9101,2024-09-20,55.87,Richard Group,Richard Group - Grocery shopping,Food
9102,2023-11-22,40.87,Amazon Marketplace,Amazon Marketplace - Gas refill,Shopping
9103,2026-02-17,22.29,Local Taxi,Local Taxi - Lunch with friends,Shopping
9104,2024-06-09,31.75,Uber Eats,Prescription purchase,Transport
9105,2024-03-20,26.85,"Garcia, Fleming and Harper",Electric bill payment,Bills
9106,2024-10-20,35.26,Waterworks,Waterworks - Hotel stay,Travel
9107,2024-08-11,33.73,Local High School,Gas refill,Education
9108,2026-05-08,58.1,Hilton Hotels,Hilton Hotels - Taxi ride,Travel
9109,2025-11-10,34.24,Delta Airlines,Lunch with friends,Travel
9110,2026-08-09,2.72,Starbucks Coffee,Starbucks Coffee - Prescription purchase,Entertainment
9111,2026-02-04,16.14,Spotify,Gas refill,Entertainment
9112,2024-05-29,13.45,Joe's Pizza,Joe's Pizza - Gas refill,Food
9113,2025-04-29,12.49,City Hospital,Hotel stay,Travel
9114,2023-11-29,2.44,Conley-Chandler,Conley-Chandler - Gas refill,Bills
9115,2025-07-28,6.0,Rodriguez and Sons,Rodriguez and Sons - Electric bill payment,Bills
9116,2023-10-23,33.2,Mall Outlet,Mall Outlet - Prescription purchase,Food
9117,2023-11-13,180.62,Murray-Bates,Murray-Bates - Taxi ride,Travel
9118,2026-05-14,6.56,Lyft,Flight booking,Transport
9119,2023-10-05,62.11,Netflix Streaming,Netflix Streaming - Lunch with friends,Entertainment
9120,2023-12-08,2.42,Gas Station,Gas Station - Hotel stay,Travel
9121,2025-06-30,66.02,State University,State University - Hotel stay,Travel
9122,2024-05-15,4.75,Joe's Pizza,Joe's Pizza - Taxi ride,Food
9123,2026-07-29,3.19,Netflix Streaming,Netflix Streaming - Lunch with friends,Entertainment
9124,2025-08-08,4.55,Lyft,Gas refill,Transport
9125,2026-08-07,86.2,Starbucks Coffee,Starbucks Coffee - Taxi ride,Travel
9126,2023-10-27,67.57,Netflix Streaming,Netflix Streaming - Course fee,Entertainment
9127,2026-03-11,4.29,Shelton-Gallagher,Shelton-Gallagher - Lunch with friends,Others
9128,2025-04-12,28.71,"Randolph, Romero and Stephens","Randolph, Romero and Stephens - Flight booking",Food
9129,2026-05-22,12.92,Lyft,Lyft - Prescription purchase,Transport
9130,2025-05-07,21.03,Walmart Supercenter,Walmart Supercenter - Prescription purchase,Shopping
9131,2024-07-03,8.26,James-Aguilar,James-Aguilar - Course fee,Utilities
9132,2024-04-27,67.37,Electric Company,Hotel stay,Travel
9133,2026-02-01,3.39,Starbucks Coffee,Starbucks Coffee - Prescription purchase,Shopping
9134,2024-01-15,9.73,Lyft,Gas refill,Transport
9135,2026-05-27,8.42,Fox LLC,Online purchase,Food
9136,2024-07-04,20.63,Blackwell Group,Blackwell Group - Prescription purchase,Bills
9137,2026-04-17,14.99,Joe's Pizza,Joe's Pizza - Electric bill payment,Food
9138,2025-01-31,43.98,Bridges-Donaldson,Hotel stay,Travel
9139,2026-01-08,19.33,CVS Pharmacy,Flight booking,Health
9140,2025-01-16,42.48,Amazon Marketplace,Gas refill,Shopping
9141,2023-12-08,13.76,Amazon Marketplace,Amazon Marketplace - Course fee,Shopping
9142,2024-03-04,46.58,Delta Airlines,Electric bill payment,Travel
9143,2025-04-07,6.59,Walmart Supercenter,Walmart Supercenter - Hotel stay,Travel
9144,2025-01-01,16.76,Horton-Perez,Online purchase,Others
9145,2025-04-12,165.71,Lyft,Lyft - Flight booking,Transport
9146,2023-10-11,19.6,Waterworks,Waterworks - Flight booking,Bills
9147,2025-06-14,26.8,Spotify,Flight booking,Entertainment
9148,2024-04-17,47.58,Local Taxi,Local Taxi - Electric bill payment,Bills
9149,2024-09-15,30.52,Walmart Supercenter,Grocery shopping,Shopping
9150,2025-07-02,50.42,"Morgan, Wu and Sherman","Morgan, Wu and Sherman - Taxi ride",Utilities
9151,2025-11-06,5.95,"Jackson, Lewis and Robertson","Jackson, Lewis and Robertson - Lunch with friends",Others
9152,2025-11-14,2.0,Local High School,Local High School - Flight booking,Education
9153,2025-09-15,20.23,Gas Station,Gas Station - Course fee,Bills
9154,2026-07-23,103.38,Local High School,Local High School - Electric bill payment,Education
9155,2024-04-28,32.09,Johnson-Hughes,Johnson-Hughes - Gas refill,Bills
9156,2025-03-16,50.73,State University,Flight booking,Education
9157,2026-01-30,59.56,Spotify,Taxi ride,Entertainment
9158,2026-01-06,11.24,Corner Grocery,Lunch with friends,Shopping
9159,2026-01-16,69.19,Walmart Supercenter,Lunch with friends,Shopping
9160,2024-09-09,20.1,Uber Eats,Uber Eats - Prescription purchase,Transport
9161,2025-01-11,65.86,"Raymond, Hernandez and Thomas",Electric bill payment,Bills
9162,2025-01-05,2.43,Graham-Adams,Graham-Adams - Monthly subscription,Utilities
9163,2026-02-12,7.87,Hall-Rodriguez,Online purchase,Utilities
9164,2025-01-24,13.19,Lyft,Lyft - Lunch with friends,Transport
9165,2026-04-19,27.85,Walmart Supercenter,Walmart Supercenter - Grocery shopping,Shopping
9166,2025-09-26,14.37,Mall Outlet,Mall Outlet - Course fee,Education
9167,2023-09-11,60.14,Lyft,Lyft - Online purchase,Transport
9168,2025-04-16,54.9,"Gray, Becker and Martinez","Gray, Becker and Martinez - Flight booking",Food
9169,2026-03-28,2.22,Figueroa Inc,Online purchase,Travel
9170,2025-11-27,40.37,Rodriguez-Moon,Rodriguez-Moon - Lunch with friends,Others
9171,2026-08-20,4.0,Mall Outlet,Gas refill,Bills
9172,2025-07-23,1.11,Johnson and Sons,Lunch with friends,Travel
9173,2026-08-09,6.59,Gas Station,Flight booking,Bills
9174,2024-05-04,27.11,Zuniga and Sons,Hotel stay,Travel
9175,2023-11-03,65.84,Weaver-Roberts,Prescription purchase,Shopping
9176,2023-10-27,132.51,"Taylor, French and Gordon","Taylor, French and Gordon - Online purchase",Utilities
9177,2024-09-03,5.74,Starbucks Coffee,Starbucks Coffee - Grocery shopping,Others
9178,2024-03-14,11.07,"Evans, Moore and Jones","Evans, Moore and Jones - Course fee",Others
9179,2024-09-21,27.01,Corner Grocery,Corner Grocery - Flight booking,Utilities
9180,2026-06-16,12.67,Electric Company,Electric Company - Course fee,Bills
9181,2024-12-03,18.38,Amazon Marketplace,Course fee,Shopping
9182,2023-11-16,3.95,Keller and Sons,Keller and Sons - Taxi ride,Travel
9183,2024-07-22,44.95,Moreno-Prince,Gas refill,Bills
9184,2023-10-25,21.18,"Miller, Cook and Hoover",Lunch with friends,Entertainment
9185,2026-08-24,13.81,Local Taxi,Electric bill payment,Bills
9186,2026-03-05,10.5,Amazon Marketplace,Amazon Marketplace - Gas refill,Shopping
9187,2025-12-05,4.53,CVS Pharmacy,Monthly subscription,Health
9188,2024-12-12,3.91,"Pineda, Williamson and Robinson","Pineda, Williamson and Robinson - Course fee",Food
9189,2024-07-20,74.48,Anderson-Lane,Grocery shopping,Shopping
9190,2024-08-30,6.75,Netflix Streaming,Netflix Streaming - Grocery shopping,Entertainment
9191,2024-11-09,21.21,Curry Ltd,Curry Ltd - Flight booking,Shopping
9192,2024-07-24,10.49,Sanchez-Mckinney,Sanchez-Mckinney - Electric bill payment,Bills
9193,2024-02-27,75.41,Delta Airlines,Delta Airlines - Grocery shopping,Travel
9194,2026-01-06,8.96,Delta Airlines,Delta Airlines - Prescription purchase,Travel
9195,2024-04-17,164.41,Walmart Supercenter,Online purchase,Shopping
9196,2026-05-30,5.65,Local High School,Local High School - Monthly subscription,Education
9197,2026-03-15,9.35,Mall Outlet,Prescription purchase,Bills
9198,2026-05-28,55.77,"Campbell, Price and Greene",Prescription purchase,Travel
9199,2026-07-25,55.1,Lee Inc,Lee Inc - Hotel stay,Travel
9200,2024-02-05,27.81,Netflix Streaming,Hotel stay,Travel
9201,2024-05-02,10.77,Local High School,Local High School - Lunch with friends,Education
9202,2024-08-17,20.2,Walmart Supercenter,Hotel stay,Travel
9203,2025-07-02,3.83,Corner Grocery,Corner Grocery - Course fee,Food
9204,2026-07-30,4.61,CVS Pharmacy,Grocery shopping,Health
9205,2024-12-24,30.65,State University,Lunch with friends,Education
9206,2023-12-28,12.18,Local High School,Flight booking,Education
9207,2025-07-09,15.36,Hilton Hotels,Hilton Hotels - Gas refill,Travel
9208,2024-03-30,20.79,Massey PLC,Massey PLC - Electric bill payment,Bills
9209,2024-12-28,7.86,Walmart Supercenter,Walmart Supercenter - Electric bill payment,Shopping
9210,2024-07-17,66.13,Local Taxi,Local Taxi - Prescription purchase,Shopping
9211,2024-10-03,33.33,Riley-Osborne,Riley-Osborne - Gas refill,Bills
9212,2025-06-10,77.16,Mall Outlet,Electric bill payment,Bills
9213,2026-03-05,14.47,Sharp and Sons,Sharp and Sons - Course fee,Others
9214,2025-08-30,8.92,Amazon Marketplace,Amazon Marketplace - Prescription purchase,Shopping
9215,2023-09-06,29.47,"Palmer, Jones and Collins","Palmer, Jones and Collins - Monthly subscription",Education
9216,2026-02-09,21.96,Waterworks,Prescription purchase,Bills
9217,2024-11-10,61.84,Lyft,Flight booking,Transport
9218,2025-05-05,72.86,Hamilton-Flores,Hamilton-Flores - Electric bill payment,Bills
9219,2023-11-28,13.7,Waterworks,Waterworks - Electric bill payment,Bills
9220,2025-06-28,38.87,CVS Pharmacy,CVS Pharmacy - Prescription purchase,Health
9221,2026-05-16,25.29,Starbucks Coffee,Starbucks Coffee - Course fee,Shopping
9222,2026-07-19,27.16,Young-Harper,Young-Harper - Electric bill payment,Bills
9223,2024-03-07,30.03,Netflix Streaming,Netflix Streaming - Course fee,Entertainment
9224,2025-07-28,1.78,CVS Pharmacy,CVS Pharmacy - Taxi ride,Health
9225,2023-11-14,47.86,Gas Station,Gas Station - Lunch with friends,Bills
9226,2024-08-16,18.97,Starbucks Coffee,Electric bill payment,Bills
9227,2024-02-15,16.59,Hilton Hotels,Hilton Hotels - Hotel stay,Travel
9228,2024-04-14,38.95,Walmart Supercenter,Course fee,Shopping
9229,2025-04-15,15.33,CVS Pharmacy,CVS Pharmacy - Grocery shopping,Health
9230,2023-12-30,18.91,State University,State University - Grocery shopping,Education
9231,2024-02-08,19.86,Local Taxi,Lunch with friends,Food
9232,2026-07-31,1.26,Corner Grocery,Hotel stay,Travel
9233,2023-12-03,12.34,Joe's Pizza,Joe's Pizza - Hotel stay,Food
9234,2025-09-21,10.76,Cisneros LLC,Cisneros LLC - Grocery shopping,Food
9235,2024-03-12,14.36,Gas Station,Hotel stay,Travel
9236,2024-06-17,16.28,Uber Eats,Uber Eats - Grocery shopping,Transport
9237,2025-06-30,2.32,"Kennedy, Christian and Nguyen","Kennedy, Christian and Nguyen - Flight booking",Others
9238,2025-09-01,18.24,CVS Pharmacy,CVS Pharmacy - Prescription purchase,Health
9239,2026-08-28,6.23,Waterworks,Waterworks - Prescription purchase,Bills
9240,2026-03-14,82.46,Mall Outlet,Online purchase,Bills
9241,2025-08-30,59.68,Moore-White,Hotel stay,Travel
9242,2025-08-11,8.62,Joe's Pizza,Online purchase,Food
9243,2026-03-17,77.44,Netflix Streaming,Netflix Streaming - Electric bill payment,Entertainment
9244,2026-05-01,9.32,Donaldson LLC,Donaldson LLC - Grocery shopping,Food
9245,2026-07-01,17.49,Humphrey Inc,Gas refill,Bills
9246,2024-11-21,43.83,Hernandez-Walters,Electric bill payment,Bills
9247,2025-12-24,2.16,Williams PLC,Gas refill,Bills
9248,2025-10-04,19.33,Local Taxi,Local Taxi - Course fee,Shopping
9249,2025-11-26,79.07,James-Webb,James-Webb - Electric bill payment,Bills
9250,2025-12-23,8.64,Lyft,Taxi ride,Transport
9251,2024-08-08,15.98,Miller Inc,Electric bill payment,Bills
9252,2024-05-20,25.67,"Cannon, Tucker and Jones","Cannon, Tucker and Jones - Gas refill",Bills
9253,2024-06-30,20.01,Delta Airlines,Delta Airlines - Prescription purchase,Travel
9254,2025-09-12,13.77,Uber Eats,Online purchase,Transport
9255,2025-01-19,27.89,Corner Grocery,Corner Grocery - Taxi ride,Shopping
9256,2025-01-16,9.4,Garcia-Noble,Online purchase,Health
9257,2023-10-23,8.08,Spotify,Course fee,Entertainment
9258,2025-03-22,120.05,Simon LLC,Simon LLC - Taxi ride,Entertainment
9259,2025-05-16,6.41,"Olson, Robinson and Gonzalez","Olson, Robinson and Gonzalez - Grocery shopping",Shopping
9260,2024-03-04,42.28,Owens Ltd,Lunch with friends,Utilities
9261,2024-07-28,5.86,Walmart Supercenter,Hotel stay,Travel
9262,2025-07-07,7.1,Joe's Pizza,Joe's Pizza - Prescription purchase,Food
9263,2026-08-15,4.27,Heath and Sons,Heath and Sons - Hotel stay,Travel
9264,2025-05-16,38.78,Hilton Hotels,Hilton Hotels - Lunch with friends,Travel
9265,2025-09-02,15.94,"Vang, Lopez and Moore","Vang, Lopez and Moore - Lunch with friends",Food
9266,2024-05-20,31.41,CVS Pharmacy,CVS Pharmacy - Grocery shopping,Health
9267,2024-03-06,171.79,Starbucks Coffee,Starbucks Coffee - Online purchase,Health
9268,2023-11-26,28.67,Corner Grocery,Corner Grocery - Taxi ride,Shopping
9269,2025-07-05,1.15,Foster and Sons,Hotel stay,Travel
9270,2024-11-17,75.25,Hilton Hotels,Online purchase,Travel
9271,2026-04-07,9.7,"Patterson, Freeman and Johnson","Patterson, Freeman and Johnson - Monthly subscription",Entertainment
9272,2024-09-15,8.91,Netflix Streaming,Gas refill,Entertainment
9273,2026-02-17,60.67,Corner Grocery,Corner Grocery - Course fee,Entertainment
9274,2024-11-02,54.6,"Chang, Edwards and Wheeler",Grocery shopping,Health
9275,2026-05-10,34.4,Wilson PLC,Wilson PLC - Monthly subscription,Entertainment
9276,2024-12-15,2.09,Electric Company,Hotel stay,Travel
9277,2025-02-07,16.54,Hilton Hotels,Hilton Hotels - Gas refill,Travel
9278,2024-06-02,34.16,Munoz Inc,Munoz Inc - Lunch with friends,Travel
9279,2025-10-19,26.75,Ramirez and Sons,Ramirez and Sons - Monthly subscription,Utilities
9280,2024-06-14,19.65,Walmart Supercenter,Walmart Supercenter - Gas refill,Shopping
9281,2024-02-02,35.74,Johnson-Guzman,Electric bill payment,Bills
9282,2026-02-14,12.54,CVS Pharmacy,CVS Pharmacy - Monthly subscription,Health
9283,2026-05-07,51.81,Netflix Streaming,Netflix Streaming - Online purchase,Entertainment
9284,2025-03-08,5.54,Turner PLC,Monthly subscription,Travel
9285,2024-01-25,21.13,City Hospital,Hotel stay,Travel
9286,2024-10-25,80.19,Gas Station,Gas Station - Lunch with friends,Bills
9287,2024-01-22,4.93,Joe's Pizza,Electric bill payment,Food
9288,2026-02-12,32.41,Local High School,Prescription purchase,Education
9289,2025-06-04,36.25,Amazon Marketplace,Monthly subscription,Shopping
9290,2023-11-25,46.47,CVS Pharmacy,CVS Pharmacy - Prescription purchase,Health
9291,2024-05-09,77.15,City Hospital,Gas refill,Bills
9292,2025-09-16,41.95,Starbucks Coffee,Lunch with friends,Travel
9293,2026-07-05,4.65,Gas Station,Gas Station - Monthly subscription,Bills
9294,2026-02-23,32.5,"Kelley, Mitchell and Jones","Kelley, Mitchell and Jones - Monthly subscription",Utilities
9295,2024-06-19,10.91,Uber Eats,Uber Eats - Grocery shopping,Transport
9296,2025-07-17,10.27,Amazon Marketplace,Gas refill,Shopping
9297,2025-11-07,50.79,Garcia-Gomez,Garcia-Gomez - Hotel stay,Travel
9298,2023-12-20,29.31,"Bernard, Rivers and Harris",Course fee,Transport
9299,2023-11-10,65.6,Mall Outlet,Taxi ride,Food
9300,2025-03-06,35.23,CVS Pharmacy,CVS Pharmacy - Gas refill,Health
9301,2025-01-09,8.07,Joe's Pizza,Joe's Pizza - Lunch with friends,Food
9302,2025-01-11,45.15,Norris LLC,Norris LLC - Flight booking,Transport
9303,2024-04-30,15.58,Mall Outlet,Mall Outlet - Gas refill,Bills
9304,2025-04-16,7.21,Corner Grocery,Corner Grocery - Gas refill,Bills
9305,2025-07-23,49.09,Brown Inc,Hotel stay,Travel
9306,2025-02-14,7.78,Murillo and Sons,Electric bill payment,Bills
9307,2025-01-26,10.45,Rodriguez-Berry,Rodriguez-Berry - Lunch with friends,Entertainment
9308,2026-07-31,11.89,Hilton Hotels,Hilton Hotels - Flight booking,Travel
9309,2024-07-12,50.05,Hilton Hotels,Hilton Hotels - Grocery shopping,Travel
9310,2026-04-14,22.64,Gas Station,Gas Station - Taxi ride,Bills
9311,2024-12-04,24.66,Joe's Pizza,Joe's Pizza - Prescription purchase,Food
9312,2024-06-21,39.83,Lyft,Lunch with friends,Transport
9313,2026-05-06,55.9,Gas Station,Gas Station - Lunch with friends,Bills
9314,2026-01-09,16.31,Robinson Inc,Hotel stay,Travel
9315,2023-09-29,89.5,Delta Airlines,Delta Airlines - Course fee,Travel
9316,2025-07-08,35.26,Walmart Supercenter,Electric bill payment,Shopping
9317,2024-02-28,39.36,Delta Airlines,Delta Airlines - Flight booking,Travel
9318,2024-11-02,13.11,Corner Grocery,Gas refill,Bills
9319,2025-04-27,16.86,"Douglas, Jimenez and Clark","Douglas, Jimenez and Clark - Taxi ride",Food
9320,2024-10-31,10.63,State University,State University - Online purchase,Education
9321,2025-12-22,17.26,Gas Station,Gas Station - Electric bill payment,Bills
9322,2024-01-07,11.29,CVS Pharmacy,CVS Pharmacy - Lunch with friends,Health
9323,2024-06-17,77.68,Martin Group,Monthly subscription,Travel
9324,2026-08-25,70.02,Local Taxi,Monthly subscription,Utilities
9325,2025-11-29,5.99,City Hospital,City Hospital - Grocery shopping,Shopping
9326,2024-06-29,95.65,Joe's Pizza,Joe's Pizza - Hotel stay,Food
9327,2026-04-17,137.38,Delta Airlines,Delta Airlines - Flight booking,Travel
9328,2023-12-25,32.89,Robinson PLC,Taxi ride,Travel
9329,2024-01-26,12.54,Hanna-Ruiz,Hotel stay,Travel
9330,2025-01-23,18.42,Walmart Supercenter,Electric bill payment,Shopping
9331,2023-11-16,12.88,Electric Company,Electric Company - Gas refill,Bills
9332,2025-07-16,20.46,City Hospital,City Hospital - Gas refill,Bills
9333,2023-10-08,5.42,CVS Pharmacy,CVS Pharmacy - Electric bill payment,Health
9334,2024-03-16,155.42,Starbucks Coffee,Starbucks Coffee - Hotel stay,Travel
9335,2024-05-10,59.72,City Hospital,Hotel stay,Travel
9336,2024-08-31,7.76,Corner Grocery,Corner Grocery - Lunch with friends,Bills
9337,2025-03-05,19.78,"Moore, Gibson and Davis","Moore, Gibson and Davis - Monthly subscription",Transport
9338,2025-02-21,7.42,Farley LLC,Taxi ride,Entertainment
9339,2026-04-24,66.73,Henderson-Gilbert,Prescription purchase,Entertainment
9340,2024-03-02,17.01,Uber Eats,Prescription purchase,Transport
9341,2025-11-12,10.14,Netflix Streaming,Netflix Streaming - Course fee,Entertainment
9342,2026-03-06,5.15,Electric Company,Electric Company - Hotel stay,Travel
9343,2025-07-30,30.69,"Crawford, Mckinney and Foster","Crawford, Mckinney and Foster - Flight booking",Food
9344,2024-12-19,35.29,Waterworks,Waterworks - Hotel stay,Travel
9345,2024-04-18,12.87,Garner Group,Garner Group - Grocery shopping,Health
9346,2023-09-14,4.52,Spotify,Lunch with friends,Entertainment
9347,2024-09-12,1.17,Crawford Inc,Hotel stay,Travel
9348,2026-08-13,12.77,"Huff, Fletcher and Everett",Monthly subscription,Shopping
9349,2025-12-25,3.24,Walmart Supercenter,Walmart Supercenter - Gas refill,Shopping
9350,2026-05-03,1.62,Simpson Ltd,Prescription purchase,Shopping
9351,2025-04-16,5.05,State University,State University - Hotel stay,Travel
9352,2024-05-06,2.86,Joe's Pizza,Joe's Pizza - Hotel stay,Food
9353,2025-11-28,33.02,Starbucks Coffee,Grocery shopping,Shopping
9354,2025-02-18,75.0,Amazon Marketplace,Amazon Marketplace - Taxi ride,Shopping
9355,2025-12-24,15.67,Waterworks,Waterworks - Monthly subscription,Bills
9356,2026-04-04,29.27,Williams Ltd,Williams Ltd - Hotel stay,Travel
9357,2023-11-02,1.75,Taylor and Sons,Taylor and Sons - Online purchase,Food
9358,2026-03-04,8.8,"Robinson, Brandt and Martin","Robinson, Brandt and Martin - Gas refill",Bills
9359,2024-08-28,10.2,Local High School,Hotel stay,Travel
9360,2023-09-01,61.02,Uber Eats,Uber Eats - Prescription purchase,Transport
9361,2026-04-22,72.86,Uber Eats,Grocery shopping,Transport
9362,2025-02-24,14.92,"Clayton, Mclean and Reed",Monthly subscription,Travel
9363,2026-07-22,42.45,Nichols Ltd,Nichols Ltd - Lunch with friends,Shopping
9364,2025-02-22,74.09,"Pearson, Roach and Allen","Pearson, Roach and Allen - Monthly subscription",Utilities
9365,2024-08-30,20.01,Corner Grocery,Gas refill,Bills
9366,2026-02-12,73.93,"Phillips, Walter and Williams","Phillips, Walter and Williams - Monthly subscription",Utilities
9367,2024-10-23,20.67,Netflix Streaming,Netflix Streaming - Monthly subscription,Entertainment
9368,2024-11-11,1.65,Delta Airlines,Course fee,Travel
9369,2025-02-27,9.97,Netflix Streaming,Hotel stay,Travel
9370,2025-06-04,40.91,Starbucks Coffee,Starbucks Coffee - Course fee,Shopping
9371,2023-09-01,44.53,Gas Station,Electric bill payment,Bills
9372,2024-11-11,11.25,Netflix Streaming,Netflix Streaming - Electric bill payment,Entertainment
9373,2024-01-28,9.77,CVS Pharmacy,CVS Pharmacy - Taxi ride,Health
9374,2024-05-22,53.29,White Group,White Group - Prescription purchase,Bills
9375,2024-08-20,1.07,Hilton Hotels,Hilton Hotels - Monthly subscription,Travel
9376,2026-06-20,37.36,Local High School,Local High School - Lunch with friends,Education
9377,2026-04-13,68.37,Lyft,Taxi ride,Transport
9378,2026-06-18,49.22,Delta Airlines,Delta Airlines - Course fee,Travel
9379,2024-06-08,41.81,Netflix Streaming,Netflix Streaming - Lunch with friends,Entertainment
9380,2024-11-18,58.43,Starbucks Coffee,Starbucks Coffee - Grocery shopping,Food
9381,2025-12-28,13.9,Corner Grocery,Taxi ride,Utilities
9382,2025-08-01,58.9,Lyft,Lyft - Prescription purchase,Transport
9383,2026-08-16,8.13,Delta Airlines,Delta Airlines - Prescription purchase,Travel
9384,2024-04-09,58.94,Mall Outlet,Electric bill payment,Bills
9385,2025-12-01,112.99,State University,Prescription purchase,Education
9386,2025-10-29,6.15,Amazon Marketplace,Amazon Marketplace - Taxi ride,Shopping
9387,2024-09-20,30.03,Local Taxi,Local Taxi - Taxi ride,Food
9388,2023-09-11,5.6,Uber Eats,Course fee,Transport
9389,2025-05-03,14.14,Stark LLC,Stark LLC - Course fee,Food
9390,2023-09-16,18.13,"Kelly, Berry and Nelson","Kelly, Berry and Nelson - Hotel stay",Travel
9391,2024-01-20,2.2,Spotify,Lunch with friends,Entertainment
9392,2025-07-01,32.45,Local Taxi,Hotel stay,Travel
9393,2025-05-17,14.49,"Mitchell, Gardner and Anderson","Mitchell, Gardner and Anderson - Gas refill",Bills
9394,2024-08-18,1.75,City Hospital,Taxi ride,Shopping
9395,2025-11-16,34.79,"Brown, Jones and Phillips","Brown, Jones and Phillips - Hotel stay",Travel
9396,2023-10-08,14.04,Waterworks,Online purchase,Bills
9397,2024-06-04,1.77,State University,State University - Hotel stay,Travel
9398,2025-09-03,19.83,City Hospital,City Hospital - Hotel stay,Travel
9399,2023-10-05,6.27,CVS Pharmacy,Prescription purchase,Health
9400,2026-04-21,12.73,"Hall, Freeman and Ware","Hall, Freeman and Ware - Taxi ride",Food
9401,2024-02-03,99.94,Waterworks,Lunch with friends,Bills
9402,2024-03-22,47.93,Mall Outlet,Online purchase,Travel
9403,2024-09-24,18.25,Starbucks Coffee,Monthly subscription,Food
9404,2024-11-03,15.16,Gas Station,Gas Station - Gas refill,Bills
9405,2026-01-11,32.23,Amazon Marketplace,Amazon Marketplace - Prescription purchase,Shopping
9406,2026-05-16,41.99,Moore-Vargas,Grocery shopping,Bills
9407,2024-07-26,4.02,Local Taxi,Local Taxi - Grocery shopping,Utilities
9408,2025-01-01,1.57,Baker Inc,Baker Inc - Monthly subscription,Shopping
9409,2026-02-05,28.51,Chambers-Griffin,Chambers-Griffin - Prescription purchase,Education
9410,2024-05-23,20.57,Corner Grocery,Taxi ride,Others
9411,2024-11-12,12.38,Local High School,Local High School - Taxi ride,Education
9412,2025-08-10,16.94,"Wilson, Williams and Jones","Wilson, Williams and Jones - Hotel stay",Travel
9413,2026-04-22,42.36,Netflix Streaming,Lunch with friends,Entertainment
9414,2023-11-15,5.71,Wright-Johnson,Lunch with friends,Entertainment
9415,2024-05-20,3.42,Lyft,Lyft - Course fee,Transport
9416,2024-06-10,18.52,Randolph-Hays,Randolph-Hays - Taxi ride,Shopping
9417,2023-12-03,55.92,Wilkinson Group,Hotel stay,Travel
9418,2024-12-20,68.93,City Hospital,Monthly subscription,Shopping
9419,2025-03-08,18.27,Mall Outlet,Hotel stay,Travel
9420,2025-04-15,3.23,Guerra-Thompson,Guerra-Thompson - Lunch with friends,Travel
9421,2024-01-01,32.46,Alvarado-Richards,Alvarado-Richards - Grocery shopping,Others
9422,2025-07-17,1.5,"Baker, Conner and Black",Hotel stay,Travel
9423,2024-03-18,13.91,Amazon Marketplace,Amazon Marketplace - Flight booking,Shopping
9424,2025-12-15,18.26,Jenkins Group,Jenkins Group - Grocery shopping,Travel
9425,2024-09-21,1.38,Uber Eats,Uber Eats - Prescription purchase,Transport
9426,2024-07-21,38.85,Joe's Pizza,Online purchase,Food
9427,2026-03-29,132.63,Delta Airlines,Delta Airlines - Electric bill payment,Travel
9428,2025-08-14,84.02,Netflix Streaming,Online purchase,Entertainment
9429,2024-01-15,61.48,Starbucks Coffee,Flight booking,Others
9430,2026-03-23,20.37,CVS Pharmacy,Course fee,Health
9431,2025-09-11,23.55,Norton-Velasquez,Monthly subscription,Utilities
9432,2024-09-09,34.97,Castillo-Parker,Flight booking,Shopping
9433,2025-05-06,41.41,"Smith, Spence and Barber","Smith, Spence and Barber - Prescription purchase",Others
9434,2023-12-07,14.75,Waterworks,Waterworks - Taxi ride,Bills
9435,2026-03-15,36.44,"Evans, Lee and Anthony",Gas refill,Bills
9436,2023-12-29,7.82,"Deleon, James and Taylor","Deleon, James and Taylor - Monthly subscription",Others
9437,2026-05-25,43.41,Electric Company,Gas refill,Bills
9438,2025-12-10,32.53,Lyft,Lyft - Gas refill,Transport
9439,2024-10-20,7.08,Oconnor Inc,Oconnor Inc - Online purchase,Others
9440,2024-01-20,84.1,"Jefferson, Smith and Berry","Jefferson, Smith and Berry - Gas refill",Bills
9441,2024-06-30,4.61,Starbucks Coffee,Starbucks Coffee - Grocery shopping,Transport
9442,2023-09-19,71.13,Steele-Colon,Steele-Colon - Monthly subscription,Entertainment
9443,2025-03-08,30.37,Starbucks Coffee,Grocery shopping,Travel
9444,2025-08-19,110.17,CVS Pharmacy,CVS Pharmacy - Online purchase,Health
9445,2025-10-15,8.35,State University,Grocery shopping,Education
9446,2024-12-20,77.8,CVS Pharmacy,CVS Pharmacy - Online purchase,Health
9447,2024-02-09,15.47,Delta Airlines,Delta Airlines - Taxi ride,Travel
9448,2024-04-16,39.96,"Stevens, Lloyd and Thomas","Stevens, Lloyd and Thomas - Hotel stay",Travel
9449,2023-12-28,118.97,Amazon Marketplace,Amazon Marketplace - Flight booking,Shopping
9450,2025-10-23,107.54,"Rojas, Strong and Pennington","Rojas, Strong and Pennington - Hotel stay",Travel
9451,2023-10-27,12.0,Odonnell-Mcintyre,Odonnell-Mcintyre - Gas refill,Bills
9452,2025-08-14,9.94,Electric Company,Online purchase,Bills
9453,2024-03-02,1.86,Nguyen LLC,Nguyen LLC - Hotel stay,Travel
9454,2025-07-01,32.22,Electric Company,Lunch with friends,Bills
9455,2024-06-26,42.26,Local High School,Local High School - Hotel stay,Travel
9456,2024-06-04,152.96,City Hospital,City Hospital - Hotel stay,Travel
9457,2026-06-13,6.74,Uber Eats,Uber Eats - Grocery shopping,Transport
9458,2025-02-10,67.95,Local High School,Local High School - Taxi ride,Education
9459,2025-02-27,3.87,Gas Station,Grocery shopping,Bills
9460,2025-11-20,42.9,Hilton Hotels,Hilton Hotels - Hotel stay,Travel
9461,2025-05-26,153.29,Martin-Mitchell,Martin-Mitchell - Electric bill payment,Bills
9462,2023-10-04,31.2,Waterworks,Waterworks - Taxi ride,Bills
9463,2024-07-30,118.07,Gray PLC,Gray PLC - Electric bill payment,Bills
9464,2025-08-12,24.93,Electric Company,Electric Company - Online purchase,Bills
9465,2025-02-28,11.98,State University,Monthly subscription,Education
9466,2025-11-25,80.47,Waterworks,Course fee,Bills
9467,2023-12-06,16.64,City Hospital,City Hospital - Grocery shopping,Shopping
9468,2025-04-21,11.57,Mccoy-Hicks,Monthly subscription,Transport
9469,2025-02-19,26.79,Khan-Kaiser,Khan-Kaiser - Gas refill,Bills
9470,2026-02-07,12.53,Gas Station,Gas Station - Grocery shopping,Bills
9471,2024-03-13,2.74,Local Taxi,Local Taxi - Course fee,Education
9472,2025-01-15,56.89,May Group,May Group - Grocery shopping,Shopping
9473,2026-05-22,75.16,Starbucks Coffee,Starbucks Coffee - Grocery shopping,Bills
9474,2024-07-26,38.75,City Hospital,City Hospital - Prescription purchase,Travel
9475,2023-10-08,23.91,Delta Airlines,Delta Airlines - Course fee,Travel
9476,2024-03-28,10.9,Waterworks,Grocery shopping,Bills
9477,2025-05-07,27.84,"Le, Reed and Owens",Prescription purchase,Utilities
9478,2026-02-13,9.18,Spotify,Taxi ride,Entertainment
9479,2024-05-03,34.77,Spotify,Spotify - Hotel stay,Travel
9480,2025-09-08,60.17,Starbucks Coffee,Starbucks Coffee - Taxi ride,Food
9481,2026-01-04,4.71,City Hospital,Gas refill,Bills
9482,2024-01-12,19.89,State University,State University - Hotel stay,Travel
9483,2023-12-09,3.35,Campbell-Shepherd,Campbell-Shepherd - Course fee,Food
9484,2024-12-15,30.56,"Klein, Wood and Castro","Klein, Wood and Castro - Gas refill",Bills
9485,2025-02-28,37.18,Wilson Inc,Flight booking,Bills
9486,2026-04-05,30.15,Mitchell and Sons,Taxi ride,Entertainment
9487,2025-04-17,26.41,Delta Airlines,Delta Airlines - Course fee,Travel
9488,2023-11-27,30.35,Netflix Streaming,Taxi ride,Entertainment
9489,2024-07-23,10.56,Ayers-Martin,Ayers-Martin - Online purchase,Entertainment
9490,2023-09-06,69.45,Hilton Hotels,Hilton Hotels - Course fee,Travel
9491,2026-03-03,37.37,Delta Airlines,Delta Airlines - Flight booking,Travel
9492,2026-08-24,13.45,State University,Gas refill,Education
9493,2024-01-11,69.2,Spotify,Spotify - Electric bill payment,Entertainment
9494,2024-05-31,13.21,Stone-Hayes,Stone-Hayes - Prescription purchase,Shopping
9495,2023-10-07,18.72,Mall Outlet,Monthly subscription,Travel
9496,2025-12-05,16.23,Rubio-Cunningham,Prescription purchase,Education
9497,2024-03-09,2.17,Harris-Ward,Gas refill,Bills
9498,2026-07-14,11.44,Amazon Marketplace,Amazon Marketplace - Grocery shopping,Shopping
9499,2023-12-08,1.33,Spotify,Spotify - Hotel stay,Travel
9500,2025-08-10,22.53,Lyft,Hotel stay,Transport
9501,2026-04-02,49.29,Local High School,Local High School - Gas refill,Education
9502,2026-01-10,7.89,Hardy-Anderson,Flight booking,Shopping
9503,2024-05-27,14.57,Joe's Pizza,Joe's Pizza - Online purchase,Food
9504,2024-11-04,6.47,Hilton Hotels,Hilton Hotels - Grocery shopping,Travel
9505,2025-11-06,2.39,Waterworks,Waterworks - Electric bill payment,Bills
9506,2024-08-19,19.77,Carr-Carter,Online purchase,Food
9507,2025-11-07,27.96,Electric Company,Electric Company - Monthly subscription,Bills
9508,2026-08-09,10.55,Spotify,Spotify - Flight booking,Entertainment
9509,2024-07-12,4.63,Starbucks Coffee,Starbucks Coffee - Lunch with friends,Shopping
9510,2024-12-24,91.53,Delta Airlines,Delta Airlines - Lunch with friends,Travel
9511,2026-01-24,3.5,Corner Grocery,Corner Grocery - Prescription purchase,Food
9512,2025-11-22,50.89,Corner Grocery,Online purchase,Food
9513,2024-06-17,40.12,Amazon Marketplace,Hotel stay,Travel
9514,2026-07-30,31.9,Waterworks,Waterworks - Course fee,Bills
9515,2025-01-20,10.8,Local Taxi,Flight booking,Entertainment
9516,2025-01-04,55.33,Spotify,Lunch with friends,Entertainment
9517,2024-04-04,39.77,Austin-Davis,Course fee,Shopping
9518,2026-05-21,27.23,Spotify,Spotify - Gas refill,Entertainment
9519,2023-10-31,76.95,Walmart Supercenter,Walmart Supercenter - Grocery shopping,Shopping
9520,2025-10-24,20.53,CVS Pharmacy,Electric bill payment,Health
9521,2024-03-18,47.67,Delta Airlines,Delta Airlines - Gas refill,Travel
9522,2026-01-01,51.05,Lyft,Lyft - Monthly subscription,Transport
9523,2026-04-06,4.41,Hilton Hotels,Hilton Hotels - Lunch with friends,Travel
9524,2025-07-30,32.81,CVS Pharmacy,CVS Pharmacy - Gas refill,Health
9525,2024-09-28,10.66,CVS Pharmacy,Grocery shopping,Health
9526,2023-11-18,85.04,Gas Station,Gas Station - Taxi ride,Bills
9527,2025-11-10,6.37,Hilton Hotels,Monthly subscription,Travel
9528,2025-01-15,38.12,Waterworks,Waterworks - Taxi ride,Bills
9529,2025-07-28,45.27,"Singh, Reyes and Alexander","Singh, Reyes and Alexander - Grocery shopping",Health
9530,2026-03-12,24.07,Curry LLC,Gas refill,Bills
9531,2024-09-15,12.88,Waterworks,Online purchase,Bills
9532,2026-07-07,78.58,Gas Station,Gas Station - Flight booking,Bills
9533,2024-03-27,35.15,City Hospital,Course fee,Food
9534,2024-10-13,14.17,Local High School,Flight booking,Education
9535,2025-01-10,11.73,"Dyer, White and Thomas","Dyer, White and Thomas - Course fee",Travel
9536,2023-09-16,68.39,Adams Group,Lunch with friends,Travel
9537,2025-04-17,33.41,"Ramos, Johnson and Robinson","Ramos, Johnson and Robinson - Taxi ride",Health
9538,2023-11-24,3.78,Mall Outlet,Electric bill payment,Bills
9539,2025-07-24,50.18,Joe's Pizza,Joe's Pizza - Flight booking,Food
9540,2025-03-15,13.85,Uber Eats,Uber Eats - Prescription purchase,Transport
9541,2024-02-04,76.37,CVS Pharmacy,Flight booking,Health
9542,2023-11-17,40.94,City Hospital,Grocery shopping,Travel
9543,2025-12-27,9.58,"Stewart, Martin and Lowery",Grocery shopping,Others
9544,2025-10-27,19.53,Starbucks Coffee,Starbucks Coffee - Lunch with friends,Food
9545,2025-07-25,40.54,State University,State University - Hotel stay,Travel
9546,2024-01-11,35.15,Spotify,Course fee,Entertainment
9547,2025-08-27,4.03,Joe's Pizza,Gas refill,Food
9548,2025-07-23,3.41,Farley Inc,Farley Inc - Online purchase,Others
9549,2024-10-17,27.35,Swanson and Sons,Swanson and Sons - Monthly subscription,Shopping
9550,2024-10-31,13.56,Netflix Streaming,Netflix Streaming - Electric bill payment,Entertainment
9551,2024-12-05,15.08,Bryan-Turner,Electric bill payment,Bills
9552,2024-04-08,1.98,"Silva, Nelson and York","Silva, Nelson and York - Prescription purchase",Transport
9553,2025-03-25,46.12,Waterworks,Prescription purchase,Bills
9554,2025-08-30,13.4,Liu Inc,Liu Inc - Taxi ride,Travel
9555,2024-12-23,66.14,Local High School,Local High School - Electric bill payment,Education
9556,2025-06-10,138.2,Netflix Streaming,Gas refill,Entertainment
9557,2025-12-03,19.44,Electric Company,Gas refill,Bills
9558,2025-03-02,73.13,Montoya LLC,Montoya LLC - Monthly subscription,Shopping
9559,2024-04-24,22.18,Local High School,Local High School - Electric bill payment,Education
9560,2024-02-29,30.75,Lyft,Lyft - Grocery shopping,Transport
9561,2024-04-17,19.1,State University,State University - Hotel stay,Travel
9562,2026-03-03,13.93,Local High School,Local High School - Lunch with friends,Education
9563,2024-11-27,72.13,Thomas-Yu,Thomas-Yu - Lunch with friends,Travel
9564,2024-02-20,48.08,Local High School,Prescription purchase,Education
9565,2024-10-05,43.63,Local High School,Flight booking,Education
9566,2024-06-03,64.25,Delta Airlines,Delta Airlines - Online purchase,Travel
9567,2025-03-26,14.69,Hilton Hotels,Hilton Hotels - Online purchase,Travel
9568,2025-02-17,23.83,Electric Company,Electric Company - Hotel stay,Travel
9569,2024-07-03,6.12,Corner Grocery,Taxi ride,Utilities
9570,2026-06-16,61.0,State University,State University - Gas refill,Education
9571,2025-12-09,2.45,Brewer Ltd,Brewer Ltd - Prescription purchase,Shopping
9572,2024-07-24,20.17,Netflix Streaming,Hotel stay,Travel
9573,2025-10-25,38.88,CVS Pharmacy,Electric bill payment,Health
9574,2024-06-01,165.81,Mall Outlet,Flight booking,Shopping
9575,2023-12-01,47.16,Walmart Supercenter,Walmart Supercenter - Taxi ride,Shopping
9576,2026-02-09,93.07,CVS Pharmacy,Electric bill payment,Health
9577,2026-03-22,24.35,Henry-Stuart,Gas refill,Bills
9578,2025-08-15,38.16,Uber Eats,Uber Eats - Electric bill payment,Transport
9579,2024-01-09,18.77,"Gutierrez, Carter and Kirk","Gutierrez, Carter and Kirk - Hotel stay",Travel
9580,2023-12-21,10.96,Anderson and Sons,Anderson and Sons - Course fee,Shopping
9581,2024-05-15,4.45,City Hospital,Prescription purchase,Travel
9582,2025-10-09,1.13,"Hinton, Turner and Murphy","Hinton, Turner and Murphy - Online purchase",Transport
9583,2026-04-24,52.36,Nguyen Group,Nguyen Group - Hotel stay,Travel
9584,2026-07-03,8.49,Hilton Hotels,Hilton Hotels - Hotel stay,Travel
9585,2026-05-05,4.13,Waterworks,Flight booking,Bills
9586,2026-06-28,18.63,"Torres, Sellers and Lopez","Torres, Sellers and Lopez - Online purchase",Transport
9587,2026-08-05,29.96,Adams LLC,Adams LLC - Monthly subscription,Food
9588,2024-01-27,10.69,Netflix Streaming,Netflix Streaming - Lunch with friends,Entertainment
9589,2025-12-16,15.89,"Nguyen, Sanders and Little",Electric bill payment,Bills
9590,2026-06-04,39.69,Local Taxi,Local Taxi - Gas refill,Bills
9591,2024-10-17,14.11,Netflix Streaming,Netflix Streaming - Prescription purchase,Entertainment
9592,2026-01-17,45.96,Gas Station,Electric bill payment,Bills
9593,2024-10-05,40.22,Electric Company,Electric Company - Taxi ride,Bills
9594,2024-05-10,59.51,Hilton Hotels,Monthly subscription,Travel
9595,2023-09-20,56.24,CVS Pharmacy,CVS Pharmacy - Lunch with friends,Health
9596,2023-11-08,18.65,Delta Airlines,Online purchase,Travel
9597,2024-05-23,4.38,CVS Pharmacy,CVS Pharmacy - Prescription purchase,Health
9598,2024-05-24,9.49,CVS Pharmacy,CVS Pharmacy - Grocery shopping,Health
9599,2024-08-31,25.16,Walmart Supercenter,Walmart Supercenter - Electric bill payment,Shopping
9600,2024-07-24,1.05,Local High School,Taxi ride,Education
9601,2026-08-13,13.92,Local High School,Local High School - Course fee,Education
9602,2023-09-08,45.14,Gas Station,Course fee,Bills
9603,2023-12-31,3.79,Electric Company,Electric Company - Taxi ride,Bills
9604,2024-10-01,127.86,Sanchez Inc,Sanchez Inc - Course fee,Transport
9605,2024-01-25,12.7,Gonzalez-Velasquez,Gas refill,Bills
9606,2025-07-12,10.11,Gas Station,Gas Station - Online purchase,Bills
9607,2026-03-27,7.95,"Russell, Johnson and Harrington",Flight booking,Others
9608,2026-06-03,36.07,State University,State University - Gas refill,Education
9609,2023-09-25,35.62,White and Sons,White and Sons - Hotel stay,Travel
9610,2025-12-05,40.93,"Espinoza, Turner and Patterson","Espinoza, Turner and Patterson - Gas refill",Bills
9611,2025-11-12,11.79,Brown-Gardner,Brown-Gardner - Taxi ride,Others
9612,2025-02-03,32.07,Finley-Wright,Finley-Wright - Lunch with friends,Transport
9613,2023-12-28,3.93,Leon-Estes,Leon-Estes - Course fee,Travel
9614,2024-04-19,53.99,Spotify,Spotify - Gas refill,Entertainment
9615,2024-07-02,20.15,State University,State University - Online purchase,Education
9616,2025-01-21,3.62,Waterworks,Waterworks - Gas refill,Bills
9617,2025-08-21,2.76,Delta Airlines,Monthly subscription,Travel
9618,2025-08-28,12.19,Amazon Marketplace,Amazon Marketplace - Electric bill payment,Shopping
9619,2025-04-23,6.55,Lyft,Taxi ride,Transport
9620,2024-05-28,64.68,Electric Company,Electric Company - Electric bill payment,Bills
9621,2023-12-07,59.24,Hilton Hotels,Hilton Hotels - Hotel stay,Travel
9622,2025-01-27,12.77,Spotify,Spotify - Prescription purchase,Entertainment
9623,2023-12-21,22.12,Local Taxi,Local Taxi - Prescription purchase,Shopping
9624,2024-01-13,43.24,Mueller-Nielsen,Mueller-Nielsen - Lunch with friends,Education
9625,2023-11-30,6.82,Corner Grocery,Electric bill payment,Bills
9626,2024-12-20,62.74,Hilton Hotels,Hilton Hotels - Online purchase,Travel
9627,2023-12-30,19.77,Gardner-Mathis,Gardner-Mathis - Flight booking,Shopping
9628,2024-12-06,8.54,Delta Airlines,Delta Airlines - Gas refill,Travel
9629,2024-08-31,1.87,CVS Pharmacy,CVS Pharmacy - Course fee,Health
9630,2024-03-23,25.93,Amazon Marketplace,Monthly subscription,Shopping
9631,2026-01-23,33.38,CVS Pharmacy,Flight booking,Health
9632,2026-01-10,14.58,Amazon Marketplace,Amazon Marketplace - Online purchase,Shopping
9633,2025-02-17,13.65,State University,State University - Grocery shopping,Education
9634,2023-12-08,10.54,Uber Eats,Uber Eats - Flight booking,Transport
9635,2024-09-11,39.7,Local Taxi,Local Taxi - Monthly subscription,Utilities
9636,2023-10-07,78.02,Hilton Hotels,Grocery shopping,Travel
9637,2023-10-21,3.23,Joe's Pizza,Hotel stay,Food
9638,2025-09-05,22.31,Mall Outlet,Mall Outlet - Gas refill,Bills
9639,2025-06-09,3.2,Johnson LLC,Johnson LLC - Prescription purchase,Food
9640,2023-11-25,10.99,Waterworks,Waterworks - Flight booking,Bills
9641,2025-03-16,8.59,Netflix Streaming,Electric bill payment,Entertainment
9642,2026-06-26,16.58,Joe's Pizza,Taxi ride,Food
9643,2026-01-24,23.18,CVS Pharmacy,CVS Pharmacy - Course fee,Health
9644,2026-06-26,44.16,"Thomas, Howard and Powers",Grocery shopping,Entertainment
9645,2023-09-04,23.75,"Mcknight, Williams and Wiggins","Mcknight, Williams and Wiggins - Course fee",Travel
9646,2024-09-15,19.08,Jackson-Wright,Jackson-Wright - Gas refill,Bills
9647,2024-09-13,3.52,Gas Station,Online purchase,Bills
9648,2026-03-17,38.99,Local High School,Local High School - Monthly subscription,Education
9649,2024-10-02,18.98,Walmart Supercenter,Walmart Supercenter - Flight booking,Shopping
9650,2023-11-18,3.26,Brown-Dixon,Lunch with friends,Transport
9651,2024-03-27,32.91,Local High School,Local High School - Flight booking,Education
9652,2023-11-02,39.69,Mall Outlet,Grocery shopping,Travel
9653,2024-09-03,20.79,Henderson and Sons,Henderson and Sons - Lunch with friends,Food
9654,2023-09-04,27.02,Mall Outlet,Grocery shopping,Shopping
9655,2024-07-27,9.32,State University,State University - Taxi ride,Education
9656,2026-04-21,61.32,City Hospital,Gas refill,Bills
9657,2024-10-28,10.84,Saunders LLC,Saunders LLC - Monthly subscription,Transport
9658,2025-11-11,4.47,Waterworks,Waterworks - Flight booking,Bills
9659,2025-12-10,36.45,Starbucks Coffee,Starbucks Coffee - Taxi ride,Food
9660,2026-02-24,73.94,CVS Pharmacy,CVS Pharmacy - Hotel stay,Travel
9661,2025-10-13,1.75,Mall Outlet,Mall Outlet - Monthly subscription,Travel
9662,2026-05-31,9.94,State University,Electric bill payment,Education
9663,2026-06-29,5.01,Uber Eats,Electric bill payment,Transport
9664,2023-10-21,8.85,Local High School,Hotel stay,Travel
9665,2025-05-17,42.56,Garcia-Tucker,Flight booking,Others
9666,2024-09-25,18.31,Mall Outlet,Grocery shopping,Food
9667,2024-04-13,10.84,"Roberts, Maldonado and Drake","Roberts, Maldonado and Drake - Grocery shopping",Transport
9668,2025-11-22,6.36,Amazon Marketplace,Amazon Marketplace - Prescription purchase,Shopping
9669,2026-06-20,7.89,Uber Eats,Electric bill payment,Transport
9670,2025-06-10,14.26,Delta Airlines,Delta Airlines - Online purchase,Travel
9671,2025-06-07,17.32,Torres LLC,Torres LLC - Course fee,Others
9672,2024-05-20,74.21,Corner Grocery,Electric bill payment,Bills
9673,2023-12-16,15.73,Cunningham-Barber,Taxi ride,Food
9674,2026-02-12,11.56,Weber and Sons,Weber and Sons - Hotel stay,Travel
9675,2024-09-05,34.49,CVS Pharmacy,Flight booking,Health
9676,2024-02-23,8.19,Waterworks,Waterworks - Lunch with friends,Bills
9677,2024-06-01,3.74,Waterworks,Waterworks - Flight booking,Bills
9678,2024-11-29,33.92,Wallace-Christensen,Taxi ride,Others
9679,2025-02-17,53.75,Electric Company,Electric Company - Electric bill payment,Bills
9680,2025-01-29,20.49,Starbucks Coffee,Monthly subscription,Food
9681,2025-05-02,22.91,Howe-Drake,Monthly subscription,Bills
9682,2025-08-05,39.42,CVS Pharmacy,CVS Pharmacy - Taxi ride,Health
9683,2025-10-24,4.37,"Munoz, Kidd and Harris","Munoz, Kidd and Harris - Lunch with friends",Transport
9684,2025-08-27,40.46,Lyft,Lyft - Electric bill payment,Transport
9685,2025-10-07,63.81,Delta Airlines,Delta Airlines - Lunch with friends,Travel
9686,2025-03-22,1.37,"Michael, Howell and Diaz","Michael, Howell and Diaz - Gas refill",Bills
9687,2023-12-01,12.72,Joe's Pizza,Online purchase,Food
9688,2025-04-16,49.82,Hilton Hotels,Hilton Hotels - Online purchase,Travel
9689,2026-06-14,16.93,Netflix Streaming,Netflix Streaming - Electric bill payment,Entertainment
9690,2024-08-15,15.62,Local Taxi,Course fee,Entertainment
9691,2024-01-28,37.9,Hall Inc,Hall Inc - Online purchase,Shopping
9692,2024-08-26,10.38,Local High School,Hotel stay,Travel
9693,2025-08-18,11.49,Brown LLC,Taxi ride,Others
9694,2025-08-13,65.88,"Howard, Hernandez and Robinson",Hotel stay,Travel
9695,2024-03-28,36.88,Electric Company,Prescription purchase,Bills
9696,2025-11-05,125.45,City Hospital,City Hospital - Prescription purchase,Education
9697,2025-03-11,53.39,Wilson-Nelson,Wilson-Nelson - Lunch with friends,Utilities
9698,2024-12-14,32.93,English-Burgess,English-Burgess - Prescription purchase,Transport
9699,2024-12-17,14.34,Waterworks,Waterworks - Monthly subscription,Bills
9700,2026-07-27,11.96,Johnson and Sons,Johnson and Sons - Hotel stay,Travel
9701,2023-12-28,27.38,"Hart, Williams and Rowe",Electric bill payment,Bills
9702,2026-04-22,13.0,Netflix Streaming,Netflix Streaming - Flight booking,Entertainment
9703,2024-11-10,36.48,Local High School,Prescription purchase,Education
9704,2024-03-23,43.16,"Lopez, Li and Reed",Prescription purchase,Travel
9705,2026-02-06,17.28,Corner Grocery,Corner Grocery - Course fee,Others
9706,2025-12-16,93.91,Mall Outlet,Mall Outlet - Hotel stay,Travel
9707,2024-06-30,5.79,Electric Company,Electric bill payment,Bills
9708,2023-11-23,32.55,Netflix Streaming,Netflix Streaming - Gas refill,Entertainment
9709,2024-06-10,18.23,Hilton Hotels,Hilton Hotels - Prescription purchase,Travel
9710,2025-06-15,17.06,Waterworks,Course fee,Bills
9711,2026-04-26,10.5,Hilton Hotels,Hilton Hotels - Lunch with friends,Travel
9712,2023-10-19,9.31,Local High School,Local High School - Online purchase,Education
9713,2024-02-26,16.95,Walmart Supercenter,Electric bill payment,Shopping
9714,2024-01-11,5.14,State University,Electric bill payment,Education
9715,2025-01-02,34.8,City Hospital,Monthly subscription,Health
9716,2024-12-28,6.3,"Barnes, Williams and Hammond","Barnes, Williams and Hammond - Prescription purchase",Food
9717,2024-05-13,31.05,Johnston LLC,Johnston LLC - Hotel stay,Travel
9718,2026-03-25,32.78,Local High School,Online purchase,Education
9719,2024-02-21,4.13,Gas Station,Gas Station - Flight booking,Bills
9720,2024-08-21,29.48,Starbucks Coffee,Starbucks Coffee - Lunch with friends,Bills
9721,2026-02-16,7.49,Uber Eats,Uber Eats - Grocery shopping,Transport
9722,2024-08-27,64.51,Hilton Hotels,Hilton Hotels - Hotel stay,Travel
9723,2025-06-21,76.78,CVS Pharmacy,Electric bill payment,Health
9724,2023-09-26,30.16,Starbucks Coffee,Electric bill payment,Bills
9725,2026-06-01,120.65,Harrison-Burns,Harrison-Burns - Monthly subscription,Bills
9726,2025-07-20,57.54,"Powell, Harding and Tucker","Powell, Harding and Tucker - Gas refill",Bills
9727,2026-05-07,59.72,Velazquez Ltd,Lunch with friends,Others
9728,2024-02-16,17.52,Walmart Supercenter,Walmart Supercenter - Grocery shopping,Shopping
9729,2024-01-26,16.04,Delta Airlines,Course fee,Travel
9730,2026-05-12,33.67,Local Taxi,Local Taxi - Lunch with friends,Travel
9731,2024-11-03,4.72,Delta Airlines,Delta Airlines - Lunch with friends,Travel
9732,2025-06-25,121.61,Walmart Supercenter,Monthly subscription,Shopping
9733,2023-09-08,28.82,Waterworks,Waterworks - Electric bill payment,Bills
9734,2025-04-27,13.91,Hilton Hotels,Hilton Hotels - Prescription purchase,Travel
9735,2024-04-24,23.14,Hall-Jones,Lunch with friends,Shopping
9736,2025-01-07,24.66,Local Taxi,Local Taxi - Prescription purchase,Travel
9737,2025-05-06,8.67,State University,State University - Taxi ride,Education
9738,2026-03-07,7.94,State University,State University - Gas refill,Education
9739,2026-04-12,21.05,Local Taxi,Gas refill,Bills
9740,2024-12-22,86.92,Williams and Sons,Williams and Sons - Flight booking,Food
9741,2026-07-22,3.38,Corner Grocery,Corner Grocery - Hotel stay,Travel
9742,2026-06-29,48.47,Walmart Supercenter,Walmart Supercenter - Flight booking,Shopping
9743,2025-11-19,21.07,Electric Company,Flight booking,Bills
9744,2025-11-08,42.93,Avila-Davis,Course fee,Transport
9745,2023-10-04,4.53,Hilton Hotels,Hilton Hotels - Monthly subscription,Travel
9746,2024-03-12,6.55,"Williams, Madden and Washington",Monthly subscription,Others
9747,2024-01-04,44.24,Waterworks,Waterworks - Lunch with friends,Bills
9748,2024-04-26,26.51,Starbucks Coffee,Starbucks Coffee - Grocery shopping,Education
9749,2026-05-07,28.81,Henderson Group,Henderson Group - Gas refill,Bills
9750,2026-06-05,117.74,Corner Grocery,Corner Grocery - Monthly subscription,Food
9751,2024-04-23,13.79,"Sanchez, Garner and Willis",Gas refill,Bills
9752,2025-07-12,46.58,Walmart Supercenter,Walmart Supercenter - Hotel stay,Travel
9753,2026-02-23,18.23,Tran Group,Tran Group - Electric bill payment,Bills
9754,2023-09-21,11.4,Netflix Streaming,Netflix Streaming - Course fee,Entertainment
9755,2026-03-11,21.75,Local Taxi,Local Taxi - Gas refill,Bills
9756,2025-08-17,36.25,Mall Outlet,Taxi ride,Shopping
9757,2026-07-05,29.49,Lyft,Monthly subscription,Transport
9758,2026-02-03,24.44,Starbucks Coffee,Electric bill payment,Bills
9759,2024-04-25,16.6,"Boone, Armstrong and Fischer","Boone, Armstrong and Fischer - Gas refill",Bills
9760,2025-03-13,15.64,Chavez-King,Online purchase,Travel
9761,2026-08-23,115.48,Doyle Ltd,Doyle Ltd - Grocery shopping,Utilities
9762,2024-01-24,9.44,CVS Pharmacy,CVS Pharmacy - Gas refill,Health
9763,2024-05-30,4.33,State University,State University - Electric bill payment,Education
9764,2025-05-29,71.72,"Mercer, Boone and Hendricks","Mercer, Boone and Hendricks - Course fee",Travel
9765,2024-06-05,50.49,"Edwards, White and Matthews","Edwards, White and Matthews - Hotel stay",Travel
9766,2025-04-25,27.18,Waterworks,Waterworks - Hotel stay,Travel
9767,2025-12-01,30.15,Uber Eats,Uber Eats - Flight booking,Transport
9768,2025-01-28,13.16,Amazon Marketplace,Amazon Marketplace - Course fee,Shopping
9769,2024-08-13,1.55,Local High School,Local High School - Grocery shopping,Education
9770,2025-12-21,15.66,Corner Grocery,Taxi ride,Education
9771,2023-12-19,22.44,Lyft,Lyft - Gas refill,Transport
9772,2025-03-29,104.45,"Peterson, Hamilton and Fernandez",Flight booking,Shopping
9773,2026-08-21,20.63,Clay PLC,Clay PLC - Grocery shopping,Food
9774,2024-04-11,51.86,Uber Eats,Uber Eats - Grocery shopping,Transport
9775,2025-01-12,84.06,Amazon Marketplace,Amazon Marketplace - Monthly subscription,Shopping
9776,2024-06-14,12.34,King LLC,Flight booking,Transport
9777,2026-02-05,18.07,Uber Eats,Uber Eats - Gas refill,Transport
9778,2023-11-08,89.06,State University,State University - Online purchase,Education
9779,2026-04-22,20.66,"Barrett, Brown and Baker","Barrett, Brown and Baker - Grocery shopping",Shopping
9780,2026-07-13,63.3,Walsh-Johnson,Walsh-Johnson - Gas refill,Bills
9781,2024-09-28,21.64,Spotify,Spotify - Course fee,Entertainment
9782,2023-12-25,75.19,Petty Inc,Petty Inc - Online purchase,Transport
9783,2025-07-09,49.05,Hilton Hotels,Hilton Hotels - Electric bill payment,Travel
9784,2024-07-13,7.11,Local High School,Local High School - Monthly subscription,Education
9785,2023-10-17,49.31,Spotify,Spotify - Flight booking,Entertainment
9786,2024-10-04,58.91,Joe's Pizza,Grocery shopping,Food
9787,2025-08-29,5.18,Netflix Streaming,Flight booking,Entertainment
9788,2026-07-17,19.83,Local Taxi,Local Taxi - Lunch with friends,Others
9789,2024-06-29,64.44,Local Taxi,Local Taxi - Flight booking,Travel
9790,2024-05-02,26.53,Walmart Supercenter,Flight booking,Shopping
9791,2025-06-21,5.33,City Hospital,Prescription purchase,Education
9792,2023-10-05,1.36,Spotify,Course fee,Entertainment
9793,2025-06-21,5.9,Spotify,Grocery shopping,Entertainment
9794,2025-09-05,8.22,Netflix Streaming,Netflix Streaming - Grocery shopping,Entertainment
9795,2025-02-11,11.91,Starbucks Coffee,Starbucks Coffee - Flight booking,Food
9796,2023-12-24,39.67,Local High School,Local High School - Course fee,Education
9797,2023-11-15,37.54,"Howard, Todd and Sanders",Grocery shopping,Entertainment
9798,2026-06-15,1.95,Williams-Brown,Williams-Brown - Electric bill payment,Bills
9799,2025-06-13,64.36,Electric Company,Course fee,Bills
9800,2025-05-12,80.35,Spotify,Spotify - Gas refill,Entertainment
9801,2025-01-11,39.36,Cohen-Morgan,Cohen-Morgan - Grocery shopping,Food
9802,2024-04-16,49.48,Uber Eats,Hotel stay,Transport
9803,2026-05-08,20.37,James Group,James Group - Gas refill,Bills
9804,2024-01-16,70.74,Amazon Marketplace,Hotel stay,Travel
9805,2026-01-29,36.94,Mall Outlet,Prescription purchase,Shopping
9806,2024-10-03,12.27,State University,Online purchase,Education
9807,2024-09-06,17.49,Gardner PLC,Gardner PLC - Grocery shopping,Bills
9808,2026-07-28,66.18,"Huang, Henderson and Johnson",Prescription purchase,Food
9809,2024-06-12,113.0,Corner Grocery,Taxi ride,Entertainment
9810,2025-12-04,31.76,Joe's Pizza,Joe's Pizza - Online purchase,Food
9811,2024-11-14,85.87,Electric Company,Electric Company - Lunch with friends,Bills
9812,2023-12-19,29.0,Lyft,Grocery shopping,Transport
9813,2026-08-22,37.08,Mall Outlet,Mall Outlet - Hotel stay,Travel
9814,2024-07-24,7.67,Hilton Hotels,Monthly subscription,Travel
9815,2023-09-20,3.11,Hilton Hotels,Electric bill payment,Travel
9816,2024-06-14,5.36,CVS Pharmacy,CVS Pharmacy - Prescription purchase,Health
9817,2024-02-26,86.14,Spotify,Spotify - Monthly subscription,Entertainment
9818,2024-10-04,5.91,City Hospital,City Hospital - Grocery shopping,Food
9819,2024-01-05,14.3,Mall Outlet,Mall Outlet - Lunch with friends,Transport
9820,2023-09-30,40.55,Gas Station,Prescription purchase,Bills
9821,2024-06-23,22.0,Martinez PLC,Martinez PLC - Online purchase,Others
9822,2026-04-27,10.52,Local Taxi,Local Taxi - Gas refill,Bills
9823,2024-07-24,46.59,Stark Inc,Stark Inc - Grocery shopping,Travel
9824,2023-09-04,46.11,Willis Inc,Gas refill,Bills
9825,2026-03-26,16.64,Delta Airlines,Delta Airlines - Taxi ride,Travel
9826,2024-10-10,2.87,Lamb-Russell,Gas refill,Bills
9827,2026-03-23,15.57,Spotify,Spotify - Course fee,Entertainment
9828,2026-03-11,21.57,Mall Outlet,Mall Outlet - Course fee,Others
9829,2024-02-21,37.71,"West, Garza and Hudson","West, Garza and Hudson - Electric bill payment",Bills
9830,2025-05-27,18.01,Hilton Hotels,Hilton Hotels - Grocery shopping,Travel
9831,2025-01-25,7.14,"Rivera, Henry and Macdonald",Course fee,Transport
9832,2024-08-21,8.61,Starbucks Coffee,Lunch with friends,Bills
9833,2025-01-15,13.95,Lyft,Course fee,Transport
9834,2023-12-02,21.88,Electric Company,Taxi ride,Bills
9835,2024-02-24,20.03,Jordan PLC,Jordan PLC - Course fee,Transport
9836,2025-03-06,1.86,Mall Outlet,Gas refill,Bills
9837,2025-12-05,115.58,Stone and Sons,Stone and Sons - Hotel stay,Travel
9838,2024-06-20,61.64,Delta Airlines,Delta Airlines - Lunch with friends,Travel
9839,2024-05-10,20.24,Lyft,Gas refill,Transport
9840,2024-05-09,24.76,Netflix Streaming,Hotel stay,Travel
9841,2026-02-15,100.28,Netflix Streaming,Prescription purchase,Entertainment
9842,2026-02-18,37.04,Waterworks,Gas refill,Bills
9843,2024-11-17,21.56,CVS Pharmacy,CVS Pharmacy - Taxi ride,Health
9844,2025-10-03,22.74,Delta Airlines,Delta Airlines - Lunch with friends,Travel
9845,2024-04-17,4.77,Local High School,Local High School - Gas refill,Education
9846,2026-02-07,24.07,Hilton Hotels,Monthly subscription,Travel
9847,2026-06-26,57.27,"Campbell, Harmon and Bishop","Campbell, Harmon and Bishop - Taxi ride",Others
9848,2023-10-27,23.54,Delta Airlines,Delta Airlines - Taxi ride,Travel
9849,2026-05-24,3.19,"Bryant, Mitchell and Chapman","Bryant, Mitchell and Chapman - Grocery shopping",Shopping
9850,2026-04-18,8.51,Joe's Pizza,Joe's Pizza - Prescription purchase,Food
9851,2024-02-13,79.69,State University,Monthly subscription,Education
9852,2025-11-18,17.87,State University,Monthly subscription,Education
9853,2025-04-06,11.01,State University,Prescription purchase,Education
9854,2026-01-19,93.08,Gas Station,Gas Station - Course fee,Bills
9855,2025-03-12,19.36,Joe's Pizza,Joe's Pizza - Prescription purchase,Food
9856,2025-12-24,3.87,Chapman Inc,Grocery shopping,Travel
9857,2025-07-26,48.78,Uber Eats,Grocery shopping,Transport
9858,2026-05-29,30.56,"Ramirez, Adams and Lawrence","Ramirez, Adams and Lawrence - Prescription purchase",Food
9859,2024-01-14,7.41,Lyft,Lyft - Online purchase,Transport
9860,2024-08-09,5.57,Spotify,Flight booking,Entertainment
9861,2024-07-29,28.24,State University,Electric bill payment,Education
9862,2024-09-29,8.65,"George, Bush and Kennedy","George, Bush and Kennedy - Electric bill payment",Bills
9863,2026-04-26,7.51,Electric Company,Electric Company - Hotel stay,Travel
9864,2023-09-16,10.0,Gas Station,Gas Station - Online purchase,Bills
9865,2024-03-25,28.84,Gas Station,Hotel stay,Travel
9866,2025-04-18,14.62,Joe's Pizza,Joe's Pizza - Taxi ride,Food
9867,2024-06-29,76.38,Walmart Supercenter,Walmart Supercenter - Online purchase,Shopping
9868,2024-12-18,11.99,Torres-Graham,Torres-Graham - Monthly subscription,Education
9869,2025-05-01,43.66,Local Taxi,Local Taxi - Lunch with friends,Bills
9870,2023-12-01,15.6,CVS Pharmacy,Online purchase,Health
9871,2024-06-19,161.6,Joe's Pizza,Flight booking,Food
9872,2025-02-24,45.65,Mall Outlet,Grocery shopping,Utilities
9873,2024-05-07,5.38,Delta Airlines,Flight booking,Travel
9874,2025-05-02,22.18,Shepherd-Martin,Gas refill,Bills
9875,2024-11-20,14.14,Uber Eats,Monthly subscription,Transport
9876,2025-07-16,31.41,CVS Pharmacy,Gas refill,Health
9877,2024-05-17,2.9,City Hospital,City Hospital - Gas refill,Bills
9878,2025-02-04,3.32,State University,State University - Electric bill payment,Education
9879,2024-03-31,14.42,Amazon Marketplace,Amazon Marketplace - Hotel stay,Travel
9880,2024-05-21,56.14,Uber Eats,Taxi ride,Transport
9881,2024-11-19,33.76,Walmart Supercenter,Walmart Supercenter - Flight booking,Shopping
9882,2024-01-23,52.34,"Harrison, Curtis and Frederick",Hotel stay,Travel
9883,2026-03-31,18.03,Benson-Rowe,Lunch with friends,Entertainment
9884,2024-04-03,1.51,"Williams, Blevins and Bowen",Gas refill,Bills
9885,2025-02-27,27.7,Mall Outlet,Mall Outlet - Gas refill,Bills
9886,2025-11-10,7.9,Corner Grocery,Course fee,Shopping
9887,2025-07-11,15.99,Ramos Group,Ramos Group - Taxi ride,Food
9888,2026-07-31,73.39,Rodriguez Inc,Lunch with friends,Entertainment
9889,2026-02-28,6.98,Mitchell-Blake,Lunch with friends,Health
9890,2023-09-06,46.46,Pennington LLC,Monthly subscription,Others
9891,2023-11-18,70.45,Joe's Pizza,Joe's Pizza - Hotel stay,Food
9892,2025-06-28,26.52,Gas Station,Gas Station - Course fee,Bills
9893,2024-01-13,65.58,"Moses, Roman and Hardin","Moses, Roman and Hardin - Taxi ride",Food
9894,2024-06-18,53.3,Local Taxi,Local Taxi - Taxi ride,Food
9895,2024-08-07,1.68,Anderson-Bennett,Anderson-Bennett - Hotel stay,Travel
9896,2026-07-03,9.22,Local Taxi,Local Taxi - Online purchase,Food
9897,2026-07-16,50.89,Gas Station,Gas Station - Course fee,Bills
9898,2024-03-11,9.2,Gas Station,Gas Station - Grocery shopping,Bills
9899,2025-05-02,34.37,State University,State University - Lunch with friends,Education
9900,2024-10-19,7.11,Waterworks,Waterworks - Hotel stay,Travel
9901,2024-09-07,42.86,CVS Pharmacy,CVS Pharmacy - Grocery shopping,Health
9902,2024-06-09,54.05,CVS Pharmacy,CVS Pharmacy - Gas refill,Health
9903,2026-04-08,23.2,Local High School,Grocery shopping,Education
9904,2025-09-01,18.53,Walmart Supercenter,Grocery shopping,Shopping
9905,2025-11-25,113.16,Pollard-Harris,Pollard-Harris - Flight booking,Food
9906,2023-09-12,95.16,Waterworks,Waterworks - Course fee,Bills
9907,2025-10-22,22.3,Hilton Hotels,Hilton Hotels - Hotel stay,Travel
9908,2026-07-29,41.57,Local Taxi,Hotel stay,Travel
9909,2026-08-20,9.53,Starbucks Coffee,Starbucks Coffee - Taxi ride,Shopping
9910,2024-07-15,21.5,Waterworks,Waterworks - Lunch with friends,Bills
9911,2024-08-08,27.81,Gas Station,Gas Station - Monthly subscription,Bills
9912,2024-09-21,4.39,Electric Company,Electric Company - Grocery shopping,Bills
9913,2024-03-21,11.37,Starbucks Coffee,Starbucks Coffee - Taxi ride,Others
9914,2024-02-22,1.59,Carter and Sons,Course fee,Shopping
9915,2024-10-10,26.36,Black-Schneider,Black-Schneider - Course fee,Entertainment
9916,2024-08-08,40.37,Spotify,Flight booking,Entertainment
9917,2024-10-30,22.33,Brown-Shaw,Brown-Shaw - Hotel stay,Travel
9918,2024-12-19,19.52,"Stevens, Williams and Baker","Stevens, Williams and Baker - Taxi ride",Others
9919,2026-03-03,54.57,Netflix Streaming,Netflix Streaming - Prescription purchase,Entertainment
9920,2025-05-14,3.06,Walmart Supercenter,Walmart Supercenter - Electric bill payment,Shopping
9921,2025-03-24,67.15,"French, Schmidt and Smith","French, Schmidt and Smith - Prescription purchase",Travel
9922,2026-08-14,57.99,Electric Company,Electric Company - Hotel stay,Travel
9923,2025-06-07,28.55,Local High School,Local High School - Grocery shopping,Education
9924,2023-09-16,54.98,Amazon Marketplace,Amazon Marketplace - Taxi ride,Shopping
9925,2024-03-26,27.23,"Kelly, Turner and Atkinson","Kelly, Turner and Atkinson - Grocery shopping",Others
9926,2023-09-07,7.82,CVS Pharmacy,Monthly subscription,Health
9927,2024-11-29,44.19,Local High School,Lunch with friends,Education
9928,2025-11-29,36.22,Amazon Marketplace,Taxi ride,Shopping
9929,2025-01-17,1.72,Mclean-Johnson,Mclean-Johnson - Prescription purchase,Bills
9930,2023-09-20,73.28,Hilton Hotels,Hotel stay,Travel
9931,2025-04-24,33.74,Morales-Randolph,Lunch with friends,Others
9932,2026-07-27,1.69,"Davis, Turner and Ruiz","Davis, Turner and Ruiz - Taxi ride",Food
9933,2024-01-25,25.94,Garcia-Johnson,Garcia-Johnson - Course fee,Shopping
9934,2026-02-18,4.5,Pacheco-Mitchell,Course fee,Others
9935,2025-12-19,40.75,Netflix Streaming,Netflix Streaming - Lunch with friends,Entertainment
9936,2024-08-18,44.53,Mall Outlet,Gas refill,Bills
9937,2025-08-13,27.51,Electric Company,Electric Company - Gas refill,Bills
9938,2026-01-07,54.01,Amazon Marketplace,Electric bill payment,Shopping
9939,2025-10-08,44.79,Mills-Cole,Gas refill,Bills
9940,2025-07-12,10.78,Amazon Marketplace,Amazon Marketplace - Taxi ride,Shopping
9941,2023-11-04,7.27,Reyes-Lawson,Taxi ride,Travel
9942,2025-05-30,17.86,Corner Grocery,Corner Grocery - Online purchase,Travel
9943,2024-12-11,3.63,CVS Pharmacy,CVS Pharmacy - Hotel stay,Travel
9944,2023-10-28,6.67,Walmart Supercenter,Walmart Supercenter - Lunch with friends,Shopping
9945,2024-10-25,5.44,Gas Station,Gas Station - Prescription purchase,Bills
9946,2024-01-20,4.02,Lyft,Course fee,Transport
9947,2024-05-21,15.94,Brooks-Hess,Brooks-Hess - Taxi ride,Entertainment
9948,2023-10-22,3.38,Electric Company,Electric Company - Course fee,Bills
9949,2026-03-26,41.45,Corner Grocery,Corner Grocery - Monthly subscription,Food
9950,2024-01-25,8.78,Starbucks Coffee,Starbucks Coffee - Taxi ride,Bills
9951,2026-04-06,29.76,Local High School,Grocery shopping,Education
9952,2025-07-17,34.77,Electric Company,Electric Company - Prescription purchase,Bills
9953,2025-07-16,16.79,"Jenkins, Brooks and Valenzuela",Monthly subscription,Others
9954,2025-06-12,10.23,Mcdonald Inc,Mcdonald Inc - Lunch with friends,Travel
9955,2025-12-02,22.66,Lyft,Grocery shopping,Transport
9956,2025-01-23,10.51,Spotify,Spotify - Prescription purchase,Entertainment
9957,2026-05-29,12.64,CVS Pharmacy,CVS Pharmacy - Monthly subscription,Health
9958,2025-07-08,42.31,Local Taxi,Local Taxi - Hotel stay,Travel
9959,2025-10-25,11.58,Starbucks Coffee,Electric bill payment,Bills
9960,2025-05-01,42.44,Spotify,Electric bill payment,Entertainment
9961,2026-01-16,20.89,Walmart Supercenter,Course fee,Shopping
9962,2025-05-27,77.08,Wagner-Rodriguez,Online purchase,Shopping
9963,2023-12-16,18.26,Mccullough Group,Mccullough Group - Electric bill payment,Bills
9964,2024-03-24,17.07,Amazon Marketplace,Amazon Marketplace - Hotel stay,Travel
9965,2025-08-31,14.01,Amazon Marketplace,Grocery shopping,Shopping
9966,2026-08-17,2.59,Corner Grocery,Prescription purchase,Food
9967,2025-06-20,27.0,Amazon Marketplace,Hotel stay,Travel
9968,2024-08-18,7.6,Walmart Supercenter,Flight booking,Shopping
9969,2023-10-03,9.6,Jones-Ryan,Jones-Ryan - Online purchase,Food
9970,2024-11-28,54.89,Netflix Streaming,Netflix Streaming - Prescription purchase,Entertainment
9971,2026-08-29,18.94,Delta Airlines,Electric bill payment,Travel
9972,2025-08-29,96.44,Waterworks,Waterworks - Electric bill payment,Bills
9973,2025-10-21,4.91,Russell Group,Russell Group - Hotel stay,Travel
9974,2025-10-05,7.74,Amazon Marketplace,Monthly subscription,Shopping
9975,2024-11-12,12.38,CVS Pharmacy,CVS Pharmacy - Flight booking,Health
9976,2026-08-06,16.28,Uber Eats,Uber Eats - Online purchase,Transport
9977,2025-09-05,72.16,Cooper Inc,Cooper Inc - Gas refill,Bills
9978,2024-09-19,7.23,State University,State University - Lunch with friends,Education
9979,2025-01-18,59.86,CVS Pharmacy,CVS Pharmacy - Flight booking,Health
9980,2025-01-28,22.01,Delta Airlines,Grocery shopping,Travel
9981,2024-11-07,66.65,Waterworks,Waterworks - Lunch with friends,Bills
9982,2025-05-23,4.99,"Anderson, Greer and Flynn",Monthly subscription,Food
9983,2026-07-06,23.72,Local High School,Local High School - Gas refill,Education
9984,2026-05-14,15.74,Lyft,Lyft - Hotel stay,Transport
9985,2025-02-28,35.45,Netflix Streaming,Netflix Streaming - Taxi ride,Entertainment
9986,2023-11-13,29.87,Netflix Streaming,Netflix Streaming - Course fee,Entertainment
9987,2025-07-14,42.64,"Diaz, Castillo and Johnson",Lunch with friends,Transport
9988,2023-11-22,102.09,Adams-Thomas,Lunch with friends,Entertainment
9989,2023-11-29,10.47,Waterworks,Waterworks - Taxi ride,Bills
9990,2024-07-09,21.83,Spotify,Course fee,Entertainment
9991,2024-07-04,4.01,Corner Grocery,Hotel stay,Travel
9992,2025-01-21,7.76,Uber Eats,Lunch with friends,Transport
9993,2024-11-19,29.9,Electric Company,Electric Company - Taxi ride,Bills
9994,2023-10-09,115.47,Netflix Streaming,Netflix Streaming - Prescription purchase,Entertainment
9995,2024-04-08,52.14,Corner Grocery,Lunch with friends,Shopping
9996,2024-05-25,67.99,Joe's Pizza,Joe's Pizza - Electric bill payment,Food
9997,2025-01-07,69.03,Electric Company,Electric Company - Monthly subscription,Bills
9998,2025-10-27,14.5,"Savage, Berg and Morrison","Savage, Berg and Morrison - Lunch with friends",Entertainment
9999,2026-04-07,78.22,Moss-West,Online purchase,Education
10000,2025-08-14,26.33,White-Taylor,White-Taylor - Flight booking,Entertainment
